sleep_duration,stress_level,heart_rate,physical_activity,caffeine,alcohol,exercise_freq,age,gender,bmi,daily_steps,sleep_disorder,bedtime_hour,rem_pct,deep_pct,awakenings,quality,source
8.65,2.4,79.0,59.8,146.1,0.87,1.0,23.0,1.0,,,,2.0,0.153,0.1898,1.0,0.8417,synthetic
7.47,5.5,82.0,60.9,17.3,3.12,2.0,62.0,1.0,,,,0.16,0.1766,0.1512,3.0,0.6282,synthetic
5.72,3.3,66.0,66.7,222.6,2.85,0.0,55.0,1.0,,,,2.07,0.1935,0.1562,3.0,0.5943,synthetic
8.23,1.2,63.0,11.4,398.0,3.13,3.0,43.0,1.0,,,,20.78,0.0607,0.0736,1.0,0.6817,synthetic
4.92,3.9,74.0,73.7,172.0,2.82,3.0,42.0,1.0,,,,1.19,0.1736,0.2046,2.0,0.5514,synthetic
8.37,7.1,51.0,61.9,396.0,3.58,3.0,66.0,0.0,,,,0.4,0.1816,0.044,9.0,0.5697,synthetic
7.45,5.4,73.0,2.7,50.5,3.13,1.0,22.0,1.0,,,,20.42,0.0705,0.1259,5.0,0.4921,synthetic
5.05,8.5,69.0,30.2,157.0,0.45,6.0,57.0,0.0,,,,22.04,0.1325,0.1915,1.0,0.3263,synthetic
4.9,4.9,68.0,42.0,360.8,1.83,3.0,29.0,1.0,,,,21.51,0.05,0.2663,2.0,0.3654,synthetic
8.25,9.4,50.0,32.5,350.7,2.73,3.0,23.0,1.0,,,,22.84,0.1148,0.1097,1.0,0.4671,synthetic
5.96,4.9,88.0,10.6,129.4,1.63,6.0,48.0,0.0,,,,21.39,0.1837,0.2194,2.0,0.4345,synthetic
8.95,4.5,57.0,18.7,271.4,3.8,3.0,73.0,1.0,,,,21.92,0.1036,0.1172,6.0,0.5288,synthetic
8.31,1.9,55.0,2.2,354.5,1.59,7.0,59.0,0.0,,,,22.07,0.05,0.0962,3.0,0.6306,synthetic
7.99,6.7,65.0,8.4,306.8,4.14,1.0,61.0,1.0,,,,0.2,0.1478,0.0839,3.0,0.5892,synthetic
5.89,3.5,81.0,24.0,251.4,0.73,6.0,58.0,0.0,,,,20.94,0.1345,0.0885,8.0,0.4291,synthetic
8.04,3.2,81.0,73.8,61.0,3.85,7.0,62.0,0.0,,,,21.69,0.0658,0.0719,3.0,0.5021,synthetic
9.24,7.1,70.0,47.4,29.2,0.92,6.0,47.0,1.0,,,,22.22,0.0906,0.1315,4.0,0.5231,synthetic
4.96,6.8,72.0,38.2,245.8,2.64,7.0,25.0,0.0,,,,23.14,0.0714,0.2242,4.0,0.2748,synthetic
6.13,6.8,68.0,59.6,200.1,1.6,5.0,65.0,1.0,,,,20.27,0.05,0.0522,2.0,0.3836,synthetic
5.67,3.8,51.0,48.7,95.2,3.19,4.0,43.0,1.0,,,,2.99,0.1885,0.159,5.0,0.5801,synthetic
6.47,4.4,61.0,11.8,117.1,1.06,6.0,46.0,0.0,,,,22.1,0.05,0.2194,2.0,0.485,synthetic
8.21,4.4,66.0,20.0,156.8,3.98,7.0,39.0,0.0,,,,22.01,0.0651,0.0951,4.0,0.56,synthetic
6.87,6.1,72.0,20.0,198.2,2.87,4.0,28.0,0.0,,,,23.88,0.05,0.0774,1.0,0.4147,synthetic
7.35,7.6,76.0,54.0,156.1,4.79,5.0,70.0,0.0,,,,1.98,0.1322,0.043,4.0,0.4709,synthetic
6.07,5.2,90.0,41.5,154.9,3.56,0.0,62.0,0.0,,,,23.2,0.05,0.1356,2.0,0.3376,synthetic
5.21,8.4,70.0,34.9,46.3,3.04,7.0,54.0,1.0,,,,21.74,0.1265,0.0931,5.0,0.2328,synthetic
5.83,6.3,77.0,50.1,346.2,4.15,6.0,40.0,0.0,,,,23.96,0.05,0.1228,3.0,0.2953,synthetic
8.8,4.0,88.0,87.3,243.7,1.1,1.0,64.0,1.0,,,,23.38,0.0574,0.1681,5.0,0.5819,synthetic
7.51,6.2,61.0,28.3,58.4,3.16,2.0,49.0,0.0,,,,22.96,0.0859,0.1698,5.0,0.4633,synthetic
6.39,7.9,68.0,46.8,169.5,1.95,1.0,43.0,1.0,,,,2.89,0.1872,0.075,4.0,0.4453,synthetic
8.45,8.5,79.0,43.2,166.7,3.72,2.0,43.0,1.0,,,,2.97,0.1561,0.0626,2.0,0.5943,synthetic
4.82,6.9,73.0,64.5,240.2,0.12,7.0,30.0,0.0,,,,23.93,0.0783,0.32,5.0,0.203,synthetic
5.77,4.6,86.0,65.7,243.5,2.14,3.0,23.0,1.0,,,,20.48,0.0817,0.1806,2.0,0.4222,synthetic
5.65,4.1,73.0,65.6,258.1,3.26,3.0,49.0,0.0,,,,23.97,0.05,0.1981,2.0,0.3852,synthetic
9.43,5.7,87.0,18.1,279.2,2.3,6.0,68.0,0.0,,,,2.67,0.1295,0.0571,3.0,0.7703,synthetic
8.03,7.8,56.0,40.4,41.3,1.19,2.0,21.0,1.0,,,,2.48,0.2602,0.2409,1.0,0.7096,synthetic
7.59,5.4,82.0,73.0,122.0,2.32,7.0,66.0,1.0,,,,21.51,0.05,0.1308,2.0,0.4952,synthetic
4.52,5.4,59.0,34.3,6.9,4.25,6.0,65.0,0.0,,,,21.33,0.05,0.1479,3.0,0.2171,synthetic
5.42,4.6,52.0,88.6,181.9,1.03,2.0,33.0,0.0,,,,21.07,0.1328,0.2788,1.0,0.4069,synthetic
7.68,3.8,54.0,32.8,171.8,1.84,5.0,54.0,0.0,,,,1.74,0.1335,0.132,2.0,0.685,synthetic
6.4,4.2,73.0,44.8,293.7,4.95,3.0,27.0,0.0,,,,23.43,0.05,0.1471,4.0,0.4414,synthetic
9.12,4.8,62.0,42.7,66.8,4.56,2.0,61.0,0.0,,,,22.37,0.1143,0.0719,3.0,0.5105,synthetic
8.32,7.9,56.0,39.0,252.6,0.17,7.0,57.0,0.0,,,,22.27,0.1796,0.1183,2.0,0.491,synthetic
6.74,4.0,75.0,76.1,122.7,2.65,3.0,38.0,1.0,,,,21.93,0.1235,0.176,1.0,0.4714,synthetic
8.25,4.6,70.0,14.0,152.8,0.33,0.0,21.0,0.0,,,,2.18,0.2597,0.2052,0.0,0.7619,synthetic
9.38,2.8,65.0,51.1,287.7,4.62,3.0,73.0,1.0,,,,22.87,0.05,0.0212,3.0,0.6037,synthetic
6.8,5.9,71.0,55.7,28.6,2.21,4.0,43.0,1.0,,,,21.71,0.05,0.161,3.0,0.4311,synthetic
7.71,7.2,84.0,76.6,137.1,2.09,1.0,68.0,1.0,,,,0.97,0.1808,0.0593,6.0,0.5033,synthetic
9.09,7.7,79.0,54.8,156.5,1.36,5.0,56.0,0.0,,,,0.45,0.2261,0.1043,2.0,0.676,synthetic
5.74,4.9,70.0,86.4,286.3,2.84,1.0,62.0,1.0,,,,1.01,0.0767,0.1439,5.0,0.5133,synthetic
8.93,5.6,83.0,78.5,79.7,0.72,0.0,61.0,1.0,,,,1.75,0.1341,0.2085,9.0,0.6984,synthetic
4.99,4.2,85.0,31.4,379.0,3.99,4.0,29.0,0.0,,,,20.71,0.05,0.2075,4.0,0.3342,synthetic
7.74,5.6,65.0,77.4,399.1,2.46,1.0,38.0,1.0,,,,20.01,0.0692,0.2501,2.0,0.5439,synthetic
8.41,5.1,56.0,86.3,327.6,2.83,6.0,44.0,0.0,,,,20.35,0.0507,0.2174,1.0,0.5362,synthetic
7.57,4.6,55.0,23.1,119.9,4.2,0.0,46.0,1.0,,,,0.95,0.1341,0.0876,3.0,0.6363,synthetic
6.98,4.8,76.0,54.9,265.5,0.93,3.0,20.0,0.0,,,,2.54,0.2086,0.2684,3.0,0.6806,synthetic
7.59,5.4,87.0,25.4,33.3,0.88,0.0,49.0,1.0,,,,22.32,0.0582,0.1115,2.0,0.4863,synthetic
5.26,3.9,52.0,58.5,348.5,2.1,3.0,26.0,0.0,,,,1.47,0.1558,0.1641,1.0,0.5907,synthetic
5.58,4.0,70.0,8.4,206.4,3.93,7.0,60.0,0.0,,,,1.1,0.1358,0.0487,5.0,0.4985,synthetic
5.85,7.9,58.0,66.1,70.6,0.29,5.0,56.0,0.0,,,,2.85,0.2272,0.1702,1.0,0.4999,synthetic
7.49,9.9,71.0,37.8,131.0,3.98,4.0,70.0,0.0,,,,23.3,0.05,0.0692,8.0,0.2067,synthetic
6.71,2.1,84.0,52.9,320.3,2.5,1.0,60.0,0.0,,,,21.16,0.0809,0.1081,6.0,0.4483,synthetic
5.72,2.0,81.0,2.3,348.1,2.81,2.0,38.0,0.0,,,,1.36,0.1889,0.1133,3.0,0.62,synthetic
8.91,2.6,89.0,62.6,207.9,2.82,3.0,73.0,0.0,,,,1.73,0.138,0.1005,4.0,0.7841,synthetic
6.37,4.3,69.0,44.6,192.1,0.28,4.0,41.0,1.0,,,,0.95,0.2406,0.298,3.0,0.6633,synthetic
6.73,6.3,77.0,56.3,300.3,1.25,1.0,36.0,1.0,,,,2.04,0.2001,0.1785,2.0,0.6409,synthetic
6.55,5.7,86.0,28.4,330.5,3.78,7.0,69.0,1.0,,,,22.6,0.05,0.1458,7.0,0.3275,synthetic
5.41,4.8,78.0,13.1,305.9,2.06,5.0,39.0,1.0,,,,0.83,0.2038,0.2,1.0,0.5137,synthetic
8.16,5.6,89.0,39.2,153.8,2.8,2.0,22.0,0.0,,,,21.85,0.089,0.1622,1.0,0.5485,synthetic
6.74,3.1,60.0,85.0,256.8,4.72,0.0,44.0,0.0,,,,23.13,0.05,0.1046,4.0,0.4153,synthetic
4.58,4.0,55.0,20.5,342.9,0.23,4.0,63.0,0.0,,,,21.7,0.1045,0.139,5.0,0.33,synthetic
9.32,4.5,56.0,60.8,60.7,2.25,3.0,28.0,0.0,,,,21.08,0.0909,0.2027,2.0,0.5778,synthetic
8.58,1.3,84.0,4.5,155.3,1.81,5.0,44.0,0.0,,,,20.25,0.0708,0.1429,2.0,0.6834,synthetic
8.12,2.2,52.0,64.6,22.6,0.53,4.0,25.0,1.0,,,,0.7,0.2401,0.2394,2.0,0.8561,synthetic
8.85,2.3,82.0,21.5,163.6,4.75,5.0,57.0,1.0,,,,2.13,0.1383,0.1494,3.0,0.8082,synthetic
9.03,6.0,69.0,40.6,308.9,4.81,6.0,45.0,1.0,,,,22.2,0.05,0.0422,3.0,0.5087,synthetic
6.19,5.0,78.0,33.1,78.8,1.56,4.0,36.0,0.0,,,,23.0,0.0765,0.1718,5.0,0.4018,synthetic
7.55,5.7,80.0,10.2,216.8,4.73,5.0,30.0,1.0,,,,20.02,0.05,0.0805,9.0,0.412,synthetic
7.54,1.0,67.0,31.1,14.6,0.18,2.0,50.0,0.0,,,,22.89,0.1487,0.2335,1.0,0.6548,synthetic
5.84,1.5,56.0,31.5,359.1,4.9,7.0,56.0,0.0,,,,21.97,0.05,0.064,4.0,0.4572,synthetic
5.61,5.8,75.0,47.0,328.0,4.18,3.0,71.0,0.0,,,,0.02,0.1687,0.1329,3.0,0.4534,synthetic
5.07,1.0,88.0,87.5,209.8,1.07,5.0,42.0,1.0,,,,2.36,0.1727,0.2004,1.0,0.6421,synthetic
7.8,6.9,51.0,42.3,282.3,3.0,7.0,27.0,0.0,,,,23.54,0.1128,0.1702,2.0,0.4043,synthetic
8.4,1.0,59.0,82.3,41.6,3.99,2.0,65.0,0.0,,,,0.73,0.1866,0.1463,4.0,0.8038,synthetic
8.3,6.2,85.0,41.5,338.1,1.6,0.0,53.0,0.0,,,,0.94,0.1258,0.1721,2.0,0.6939,synthetic
6.08,2.7,53.0,9.7,286.1,1.77,1.0,57.0,0.0,,,,21.07,0.0748,0.0591,2.0,0.4446,synthetic
5.53,6.6,50.0,20.7,48.0,3.14,1.0,23.0,0.0,,,,22.43,0.081,0.1423,3.0,0.3369,synthetic
6.77,10.0,85.0,36.7,392.3,0.74,0.0,35.0,0.0,,,,20.79,0.1442,0.2012,4.0,0.3391,synthetic
7.23,1.0,81.0,29.3,9.0,0.59,4.0,61.0,0.0,,,,23.09,0.1221,0.0629,4.0,0.5367,synthetic
9.1,5.9,60.0,77.9,251.4,1.25,2.0,65.0,0.0,,,,2.21,0.1754,0.2076,2.0,0.7593,synthetic
8.87,1.0,89.0,61.1,68.7,3.71,0.0,42.0,0.0,,,,23.37,0.1143,0.192,7.0,0.6396,synthetic
9.08,5.4,78.0,52.0,287.7,1.83,1.0,63.0,0.0,,,,23.19,0.0855,0.1867,3.0,0.505,synthetic
8.75,4.1,55.0,44.2,28.2,2.54,2.0,65.0,1.0,,,,21.47,0.05,0.078,2.0,0.5953,synthetic
9.32,4.8,68.0,35.8,32.4,0.98,2.0,40.0,0.0,,,,22.17,0.1122,0.2068,1.0,0.6326,synthetic
6.83,2.7,85.0,55.1,186.5,0.97,7.0,69.0,1.0,,,,2.56,0.1644,0.2244,2.0,0.7726,synthetic
4.74,6.1,77.0,11.2,397.6,3.25,5.0,34.0,1.0,,,,22.12,0.0535,0.1684,5.0,0.2518,synthetic
4.92,1.6,73.0,14.6,110.6,0.54,5.0,31.0,0.0,,,,1.12,0.2134,0.2545,4.0,0.5714,synthetic
6.45,7.0,67.0,27.3,245.0,3.34,5.0,56.0,0.0,,,,20.29,0.1164,0.0799,3.0,0.4223,synthetic
5.79,3.7,60.0,15.4,207.4,2.0,6.0,54.0,0.0,,,,20.9,0.1134,0.0829,2.0,0.4388,synthetic
5.35,1.7,75.0,60.9,336.8,3.36,2.0,25.0,0.0,,,,22.18,0.05,0.1441,10.0,0.4107,synthetic
9.27,7.7,56.0,2.2,115.4,1.91,0.0,65.0,0.0,,,,2.31,0.1685,0.1348,7.0,0.6582,synthetic
5.48,4.4,82.0,14.4,222.0,4.23,4.0,29.0,0.0,,,,21.54,0.0954,0.0951,3.0,0.3201,synthetic
9.3,8.3,58.0,81.2,380.2,0.28,0.0,63.0,0.0,,,,1.09,0.1213,0.168,1.0,0.6357,synthetic
8.3,6.9,55.0,89.8,133.0,4.47,1.0,18.0,0.0,,,,21.17,0.05,0.1216,2.0,0.5308,synthetic
7.7,2.9,53.0,43.9,175.8,1.34,6.0,63.0,1.0,,,,0.29,0.1609,0.095,2.0,0.6782,synthetic
7.88,4.3,83.0,44.6,355.5,0.21,4.0,62.0,0.0,,,,0.11,0.229,0.1893,3.0,0.7665,synthetic
6.16,4.7,69.0,69.6,133.0,2.81,5.0,62.0,1.0,,,,0.35,0.1531,0.1928,3.0,0.5755,synthetic
7.73,7.6,66.0,3.3,152.3,1.12,4.0,55.0,0.0,,,,22.0,0.128,0.0378,8.0,0.4246,synthetic
5.43,5.4,71.0,38.4,121.6,2.3,4.0,44.0,1.0,,,,21.13,0.0975,0.1909,3.0,0.352,synthetic
9.19,4.9,73.0,9.0,323.8,4.01,2.0,58.0,0.0,,,,2.21,0.1151,0.02,5.0,0.788,synthetic
6.01,4.1,85.0,36.1,372.2,3.96,1.0,33.0,1.0,,,,23.99,0.05,0.1575,4.0,0.3594,synthetic
5.78,4.4,64.0,88.5,252.4,3.0,2.0,62.0,1.0,,,,21.48,0.0693,0.193,3.0,0.351,synthetic
8.06,7.1,57.0,67.8,249.5,4.89,6.0,49.0,0.0,,,,22.89,0.05,0.0739,4.0,0.4333,synthetic
7.78,4.5,85.0,88.7,156.0,2.32,7.0,44.0,1.0,,,,20.47,0.144,0.1996,3.0,0.5276,synthetic
6.76,3.7,69.0,67.1,5.0,0.2,0.0,46.0,0.0,,,,23.33,0.1251,0.2312,1.0,0.5003,synthetic
7.66,3.4,73.0,54.7,69.6,4.1,4.0,50.0,0.0,,,,22.97,0.0882,0.1454,2.0,0.5267,synthetic
5.3,3.4,56.0,67.9,59.0,1.11,3.0,20.0,1.0,,,,20.93,0.05,0.1558,3.0,0.4414,synthetic
7.87,1.7,84.0,59.3,46.4,0.88,4.0,25.0,1.0,,,,23.11,0.0864,0.2479,6.0,0.6666,synthetic
5.85,3.0,88.0,41.8,261.6,0.35,1.0,31.0,0.0,,,,0.48,0.2758,0.2004,4.0,0.7179,synthetic
5.86,7.5,68.0,26.3,54.5,1.64,0.0,24.0,1.0,,,,2.5,0.208,0.1769,4.0,0.4398,synthetic
5.31,4.1,51.0,46.8,34.3,1.63,1.0,43.0,1.0,,,,0.92,0.1649,0.1931,2.0,0.6105,synthetic
6.16,5.9,51.0,23.3,153.0,1.51,1.0,56.0,1.0,,,,23.52,0.0525,0.1781,1.0,0.3725,synthetic
6.16,1.0,62.0,43.8,99.6,2.97,0.0,55.0,0.0,,,,1.39,0.1556,0.0743,4.0,0.6432,synthetic
6.77,5.6,70.0,13.2,58.3,3.76,2.0,44.0,1.0,,,,21.96,0.05,0.1713,2.0,0.404,synthetic
5.45,4.2,67.0,50.9,58.5,4.69,5.0,66.0,0.0,,,,0.68,0.1573,0.0548,2.0,0.4861,synthetic
5.47,3.5,73.0,22.1,102.5,0.47,7.0,50.0,1.0,,,,20.04,0.1308,0.2048,2.0,0.4315,synthetic
7.21,4.9,60.0,26.4,214.7,0.75,5.0,22.0,1.0,,,,20.51,0.1008,0.182,1.0,0.4655,synthetic
5.14,3.5,58.0,44.9,303.2,2.95,1.0,61.0,1.0,,,,0.37,0.1917,0.1071,2.0,0.5767,synthetic
7.94,1.0,89.0,14.6,341.1,0.49,2.0,50.0,1.0,,,,21.35,0.0822,0.1891,5.0,0.6786,synthetic
9.22,6.3,61.0,86.6,300.6,1.85,2.0,54.0,1.0,,,,0.82,0.1978,0.11,2.0,0.7521,synthetic
6.63,5.0,88.0,40.2,251.3,3.12,1.0,50.0,0.0,,,,0.46,0.1891,0.1046,2.0,0.5834,synthetic
9.01,3.9,73.0,31.7,363.0,3.9,7.0,49.0,0.0,,,,20.45,0.0762,0.1632,3.0,0.6499,synthetic
4.99,2.6,53.0,2.6,207.9,1.09,5.0,23.0,1.0,,,,22.75,0.1094,0.185,0.0,0.459,synthetic
4.71,1.6,74.0,75.9,253.3,3.34,3.0,49.0,0.0,,,,0.29,0.1967,0.2009,2.0,0.5789,synthetic
8.11,4.9,89.0,56.3,164.6,3.23,3.0,63.0,1.0,,,,0.99,0.1847,0.065,3.0,0.6119,synthetic
8.31,7.7,84.0,37.5,131.0,4.3,2.0,35.0,0.0,,,,1.71,0.1753,0.1201,3.0,0.628,synthetic
8.72,4.9,62.0,22.1,132.7,1.57,3.0,52.0,1.0,,,,22.31,0.05,0.1718,4.0,0.5603,synthetic
4.78,1.7,54.0,67.1,59.3,3.75,5.0,19.0,0.0,,,,1.86,0.1447,0.1803,2.0,0.5844,synthetic
8.38,5.0,68.0,85.1,318.6,3.76,7.0,37.0,0.0,,,,22.48,0.0513,0.1873,4.0,0.5276,synthetic
6.38,4.4,54.0,34.3,22.1,1.2,3.0,42.0,0.0,,,,20.05,0.1606,0.1848,5.0,0.4875,synthetic
6.02,6.2,62.0,12.1,269.9,3.11,1.0,74.0,0.0,,,,0.27,0.0985,0.119,3.0,0.4995,synthetic
5.37,5.7,87.0,9.8,345.8,3.38,7.0,30.0,0.0,,,,21.69,0.05,0.1129,4.0,0.3066,synthetic
9.48,1.0,76.0,0.6,199.0,1.37,2.0,33.0,0.0,,,,20.87,0.1523,0.0959,2.0,0.7761,synthetic
4.82,5.6,81.0,67.0,28.1,2.26,0.0,41.0,1.0,,,,21.81,0.0858,0.1906,1.0,0.3649,synthetic
8.64,2.5,72.0,88.3,171.4,2.18,4.0,74.0,1.0,,,,1.8,0.1766,0.0653,3.0,0.8149,synthetic
7.7,1.7,57.0,89.4,137.3,3.87,6.0,66.0,1.0,,,,2.4,0.1535,0.1237,3.0,0.6781,synthetic
8.18,4.1,56.0,70.6,394.2,0.0,2.0,19.0,1.0,,,,2.73,0.2021,0.2176,1.0,0.8146,synthetic
8.06,5.3,81.0,14.6,276.5,2.51,2.0,31.0,1.0,,,,22.12,0.0673,0.1798,2.0,0.4782,synthetic
8.79,1.2,67.0,88.0,288.5,0.92,2.0,64.0,1.0,,,,23.19,0.058,0.2338,1.0,0.7141,synthetic
5.42,5.9,70.0,29.5,206.3,3.23,6.0,21.0,0.0,,,,1.62,0.1921,0.2628,4.0,0.4875,synthetic
4.5,6.0,57.0,30.0,283.8,3.4,7.0,66.0,1.0,,,,22.23,0.05,0.1103,3.0,0.2503,synthetic
7.49,4.6,64.0,61.9,289.0,2.51,6.0,34.0,0.0,,,,22.7,0.0844,0.2207,4.0,0.5415,synthetic
6.27,2.8,55.0,4.4,26.5,2.71,1.0,70.0,0.0,,,,21.66,0.1052,0.0634,1.0,0.4681,synthetic
5.12,2.5,58.0,74.3,89.0,1.58,6.0,34.0,1.0,,,,0.01,0.2087,0.2447,4.0,0.6055,synthetic
5.43,6.6,86.0,89.8,5.2,1.57,2.0,42.0,0.0,,,,0.61,0.2271,0.1731,0.0,0.5542,synthetic
6.16,1.5,79.0,69.8,203.9,3.73,6.0,55.0,1.0,,,,22.23,0.0962,0.04,2.0,0.4756,synthetic
4.85,6.6,84.0,70.4,350.3,0.66,7.0,25.0,1.0,,,,20.17,0.0775,0.3332,2.0,0.3782,synthetic
4.78,4.2,85.0,35.1,243.8,3.86,5.0,49.0,1.0,,,,1.15,0.2337,0.1643,1.0,0.5306,synthetic
9.08,4.3,74.0,5.9,200.1,3.28,7.0,46.0,1.0,,,,0.32,0.1702,0.1364,4.0,0.7047,synthetic
6.06,1.1,62.0,71.3,370.4,4.42,1.0,62.0,1.0,,,,21.53,0.1017,0.0996,5.0,0.474,synthetic
9.41,4.2,70.0,53.7,68.9,1.3,5.0,74.0,0.0,,,,22.2,0.05,0.1145,4.0,0.6283,synthetic
9.32,5.7,51.0,81.8,29.8,2.53,0.0,55.0,1.0,,,,2.7,0.1426,0.0959,2.0,0.7505,synthetic
5.21,1.8,83.0,10.4,366.9,0.19,5.0,41.0,0.0,,,,0.41,0.2128,0.1381,1.0,0.6429,synthetic
8.07,5.5,82.0,27.5,361.1,4.56,2.0,41.0,0.0,,,,0.17,0.196,0.045,4.0,0.617,synthetic
7.5,4.7,70.0,32.5,273.2,3.38,7.0,41.0,0.0,,,,0.48,0.1646,0.1511,2.0,0.6525,synthetic
7.95,3.2,65.0,61.5,98.4,3.11,3.0,64.0,0.0,,,,2.68,0.0749,0.082,6.0,0.6696,synthetic
4.98,6.2,57.0,70.9,387.9,3.66,6.0,36.0,1.0,,,,22.38,0.05,0.1418,3.0,0.2247,synthetic
5.44,1.0,53.0,86.5,306.1,1.42,2.0,27.0,0.0,,,,21.97,0.0739,0.3128,1.0,0.538,synthetic
4.88,5.2,63.0,26.6,269.6,3.02,0.0,37.0,1.0,,,,22.64,0.0676,0.2397,2.0,0.3304,synthetic
7.52,7.7,87.0,44.4,89.2,4.0,5.0,19.0,1.0,,,,1.61,0.1247,0.1809,5.0,0.5959,synthetic
9.43,7.4,53.0,2.6,205.2,0.45,1.0,24.0,1.0,,,,20.85,0.1606,0.2314,2.0,0.626,synthetic
7.86,5.3,88.0,22.8,329.0,4.79,5.0,23.0,1.0,,,,21.45,0.0892,0.1229,2.0,0.4689,synthetic
8.05,3.9,71.0,33.7,344.1,4.46,3.0,61.0,0.0,,,,21.6,0.0894,0.0228,5.0,0.4327,synthetic
9.42,3.2,68.0,53.4,224.6,4.82,7.0,59.0,0.0,,,,0.45,0.1464,0.1014,2.0,0.7879,synthetic
7.89,3.9,55.0,42.4,209.1,4.04,2.0,57.0,1.0,,,,0.49,0.2172,0.0481,3.0,0.742,synthetic
4.7,5.6,53.0,32.8,279.1,1.47,3.0,44.0,1.0,,,,22.6,0.0628,0.1824,3.0,0.3186,synthetic
8.84,2.9,72.0,56.2,211.3,2.91,5.0,58.0,1.0,,,,21.93,0.05,0.1448,1.0,0.6656,synthetic
6.32,6.0,74.0,74.6,167.1,0.6,6.0,27.0,0.0,,,,1.28,0.2081,0.2425,1.0,0.6027,synthetic
4.52,8.8,67.0,21.8,34.2,3.77,1.0,69.0,0.0,,,,20.22,0.0712,0.027,2.0,0.1795,synthetic
7.04,4.4,61.0,30.9,50.4,0.77,5.0,46.0,0.0,,,,1.17,0.2004,0.1335,0.0,0.6744,synthetic
9.19,1.8,51.0,63.4,304.1,4.33,3.0,71.0,0.0,,,,21.47,0.0643,0.1021,10.0,0.6303,synthetic
5.79,1.8,61.0,70.0,9.9,1.2,7.0,26.0,0.0,,,,2.32,0.2143,0.1556,0.0,0.6683,synthetic
6.96,6.1,79.0,74.3,20.9,0.8,5.0,46.0,1.0,,,,22.9,0.0797,0.2721,1.0,0.4157,synthetic
5.37,4.4,74.0,18.8,361.9,0.35,6.0,57.0,0.0,,,,0.5,0.2158,0.0424,1.0,0.6615,synthetic
4.79,6.3,56.0,48.5,281.6,3.56,2.0,46.0,1.0,,,,20.85,0.05,0.1374,6.0,0.2671,synthetic
4.9,3.4,82.0,81.0,1.7,0.93,2.0,43.0,1.0,,,,21.78,0.1256,0.2542,1.0,0.4333,synthetic
8.14,6.2,56.0,35.3,124.8,0.99,6.0,27.0,1.0,,,,0.9,0.2037,0.1934,3.0,0.6461,synthetic
8.82,4.2,82.0,38.7,305.3,0.85,0.0,39.0,0.0,,,,23.85,0.1133,0.1368,2.0,0.6319,synthetic
5.22,3.0,71.0,88.6,167.0,1.53,4.0,31.0,0.0,,,,1.39,0.2378,0.2356,2.0,0.6405,synthetic
5.94,3.7,79.0,10.2,187.5,4.71,7.0,35.0,1.0,,,,23.94,0.0571,0.0548,3.0,0.3714,synthetic
5.48,2.1,53.0,63.5,183.5,2.43,7.0,56.0,0.0,,,,23.99,0.1196,0.1057,4.0,0.4511,synthetic
4.63,8.5,80.0,76.5,80.9,1.3,5.0,53.0,1.0,,,,2.01,0.1441,0.1917,3.0,0.4356,synthetic
7.27,4.3,79.0,13.6,288.6,0.85,3.0,52.0,1.0,,,,22.97,0.0668,0.2288,1.0,0.5521,synthetic
8.0,5.8,57.0,64.3,41.2,0.09,6.0,38.0,0.0,,,,2.27,0.2036,0.1992,4.0,0.6336,synthetic
7.74,3.4,56.0,42.3,202.9,1.82,0.0,72.0,1.0,,,,22.61,0.073,0.134,4.0,0.4809,synthetic
6.44,2.4,80.0,76.8,68.0,0.55,6.0,22.0,0.0,,,,22.3,0.2031,0.3077,4.0,0.5918,synthetic
7.28,4.0,67.0,81.7,18.6,0.14,1.0,37.0,0.0,,,,1.46,0.1805,0.2425,2.0,0.7283,synthetic
4.97,6.7,76.0,78.5,57.3,0.51,5.0,24.0,1.0,,,,20.08,0.1081,0.2492,0.0,0.3825,synthetic
5.27,3.5,50.0,5.8,347.7,1.59,2.0,37.0,1.0,,,,21.21,0.0852,0.1692,5.0,0.3786,synthetic
9.16,2.8,57.0,68.1,70.5,3.75,6.0,72.0,0.0,,,,20.5,0.05,0.1436,6.0,0.586,synthetic
8.31,4.8,80.0,82.9,111.3,0.33,4.0,38.0,1.0,,,,23.58,0.0797,0.35,1.0,0.6378,synthetic
9.11,5.5,58.0,55.9,55.2,3.39,7.0,69.0,1.0,,,,0.4,0.1489,0.1241,5.0,0.7434,synthetic
9.08,7.8,53.0,54.1,294.2,3.1,6.0,46.0,1.0,,,,20.07,0.096,0.1794,4.0,0.5431,synthetic
7.75,5.2,57.0,4.1,178.2,4.41,7.0,57.0,0.0,,,,21.13,0.05,0.1054,4.0,0.4882,synthetic
9.14,5.8,83.0,77.0,377.5,0.92,1.0,44.0,0.0,,,,22.12,0.1125,0.2713,0.0,0.6665,synthetic
6.58,5.9,64.0,4.2,265.7,3.97,3.0,33.0,1.0,,,,22.06,0.0857,0.1384,3.0,0.3878,synthetic
4.52,2.2,71.0,28.2,212.6,4.32,3.0,61.0,1.0,,,,20.68,0.05,0.0625,4.0,0.2885,synthetic
4.81,2.6,73.0,83.3,262.7,4.88,0.0,73.0,1.0,,,,21.21,0.0517,0.114,3.0,0.2909,synthetic
5.05,2.3,65.0,85.5,16.2,4.04,0.0,33.0,0.0,,,,1.93,0.1527,0.2589,1.0,0.634,synthetic
4.98,1.8,54.0,89.3,380.3,0.62,0.0,62.0,0.0,,,,0.9,0.1625,0.1794,2.0,0.6025,synthetic
6.26,6.1,60.0,42.9,382.6,4.74,6.0,32.0,1.0,,,,22.07,0.0862,0.1263,5.0,0.357,synthetic
8.01,5.1,56.0,16.0,110.5,4.07,3.0,58.0,0.0,,,,21.84,0.05,0.1253,3.0,0.5048,synthetic
8.45,4.7,86.0,43.9,251.3,1.06,6.0,62.0,0.0,,,,20.56,0.1056,0.1388,2.0,0.578,synthetic
7.45,1.0,80.0,9.2,80.8,0.83,6.0,43.0,1.0,,,,22.44,0.1157,0.1736,7.0,0.6131,synthetic
5.23,8.6,83.0,78.5,219.0,4.68,0.0,60.0,1.0,,,,22.79,0.05,0.1349,7.0,0.2125,synthetic
8.24,2.7,82.0,50.4,308.3,0.78,6.0,33.0,0.0,,,,2.33,0.177,0.1531,2.0,0.7761,synthetic
6.27,8.6,50.0,36.4,375.9,3.89,1.0,22.0,0.0,,,,1.2,0.1793,0.1931,3.0,0.5141,synthetic
4.56,1.6,80.0,7.2,135.7,2.03,3.0,23.0,0.0,,,,23.35,0.0931,0.2628,2.0,0.3978,synthetic
5.9,2.9,69.0,36.5,277.4,3.62,7.0,43.0,1.0,,,,20.94,0.1018,0.1325,2.0,0.4631,synthetic
6.15,1.0,81.0,78.0,286.6,0.46,2.0,69.0,0.0,,,,0.59,0.3169,0.1534,6.0,0.6542,synthetic
5.87,5.2,88.0,63.3,88.5,3.63,7.0,25.0,1.0,,,,2.55,0.067,0.1531,1.0,0.541,synthetic
8.56,2.3,64.0,7.4,251.6,2.56,4.0,43.0,0.0,,,,20.55,0.0996,0.0881,2.0,0.6296,synthetic
8.3,2.4,74.0,14.4,262.2,4.5,0.0,58.0,1.0,,,,1.94,0.1237,0.1144,4.0,0.7475,synthetic
7.98,1.8,62.0,35.3,305.6,0.94,6.0,29.0,1.0,,,,21.26,0.0557,0.1928,2.0,0.67,synthetic
5.2,6.1,86.0,9.1,400.0,0.55,0.0,59.0,1.0,,,,0.91,0.2457,0.2805,0.0,0.5835,synthetic
8.54,5.9,60.0,84.1,16.1,0.98,5.0,35.0,1.0,,,,21.29,0.1266,0.2627,0.0,0.6715,synthetic
7.89,8.1,64.0,58.7,80.9,0.39,3.0,64.0,1.0,,,,0.2,0.1613,0.0913,2.0,0.6269,synthetic
5.47,3.1,86.0,8.5,58.0,4.9,1.0,51.0,0.0,,,,21.66,0.05,0.02,6.0,0.3522,synthetic
7.74,4.9,54.0,70.9,61.8,0.61,4.0,49.0,1.0,,,,23.79,0.0775,0.2697,1.0,0.5472,synthetic
6.92,1.9,70.0,33.2,181.7,1.0,2.0,28.0,1.0,,,,0.2,0.2311,0.132,1.0,0.7734,synthetic
6.7,3.8,73.0,22.0,351.4,4.05,0.0,44.0,1.0,,,,0.33,0.1512,0.1946,2.0,0.6655,synthetic
5.06,3.5,73.0,51.3,179.5,1.23,4.0,66.0,0.0,,,,0.78,0.2178,0.1751,2.0,0.5238,synthetic
7.09,5.4,55.0,1.2,267.4,1.11,0.0,19.0,1.0,,,,20.48,0.1484,0.1402,5.0,0.4962,synthetic
5.0,6.5,52.0,41.9,150.6,3.36,4.0,61.0,0.0,,,,0.92,0.1675,0.0656,2.0,0.3933,synthetic
5.32,6.5,67.0,75.9,127.9,1.99,1.0,46.0,1.0,,,,21.08,0.145,0.1466,0.0,0.3919,synthetic
5.16,2.8,68.0,83.5,333.7,4.18,6.0,59.0,1.0,,,,0.74,0.1727,0.1726,6.0,0.5829,synthetic
9.27,6.5,88.0,30.8,262.2,3.19,7.0,55.0,0.0,,,,20.87,0.0645,0.0604,4.0,0.5535,synthetic
5.92,4.4,80.0,57.8,140.4,1.44,7.0,42.0,1.0,,,,23.36,0.0877,0.159,0.0,0.3855,synthetic
6.28,3.9,74.0,20.4,365.7,2.99,7.0,35.0,1.0,,,,22.71,0.0521,0.2032,8.0,0.361,synthetic
6.11,3.1,58.0,50.4,199.4,4.33,0.0,53.0,0.0,,,,2.77,0.1538,0.1253,3.0,0.6126,synthetic
8.99,3.4,86.0,22.9,75.3,1.82,4.0,25.0,0.0,,,,0.42,0.1971,0.2169,2.0,0.7603,synthetic
7.31,8.0,58.0,51.4,193.3,3.68,1.0,51.0,0.0,,,,20.62,0.0756,0.1472,3.0,0.4115,synthetic
9.1,5.1,88.0,15.5,269.9,2.08,0.0,23.0,1.0,,,,0.91,0.2012,0.1739,2.0,0.8144,synthetic
6.0,4.8,88.0,84.7,146.8,2.72,3.0,55.0,1.0,,,,21.36,0.0743,0.2231,2.0,0.4546,synthetic
5.07,4.0,89.0,79.8,337.5,3.67,3.0,53.0,1.0,,,,22.0,0.0615,0.1604,2.0,0.3558,synthetic
7.28,9.4,61.0,30.3,213.3,0.3,2.0,22.0,1.0,,,,22.65,0.1039,0.1874,10.0,0.3656,synthetic
6.23,7.1,55.0,69.9,187.1,2.27,0.0,61.0,1.0,,,,1.43,0.164,0.1286,2.0,0.512,synthetic
8.51,3.1,75.0,8.6,343.5,0.48,3.0,41.0,0.0,,,,2.61,0.1807,0.2114,3.0,0.7611,synthetic
8.9,4.0,67.0,66.6,185.2,3.63,1.0,62.0,0.0,,,,2.47,0.1347,0.1111,3.0,0.7455,synthetic
6.86,4.1,66.0,25.4,165.8,3.04,0.0,20.0,0.0,,,,21.19,0.0671,0.1937,6.0,0.5063,synthetic
9.36,4.8,72.0,12.2,41.5,1.63,3.0,28.0,0.0,,,,20.42,0.1114,0.1854,3.0,0.6644,synthetic
7.27,3.1,78.0,61.0,145.0,0.38,0.0,46.0,1.0,,,,1.8,0.2783,0.1233,4.0,0.7131,synthetic
5.85,5.4,63.0,42.3,158.8,4.63,7.0,28.0,0.0,,,,22.02,0.05,0.1608,7.0,0.3525,synthetic
6.94,7.4,63.0,47.7,72.2,1.58,6.0,36.0,0.0,,,,0.08,0.2276,0.2414,2.0,0.6407,synthetic
4.69,1.9,74.0,46.8,235.1,1.38,7.0,55.0,0.0,,,,2.85,0.1845,0.1551,1.0,0.6373,synthetic
8.52,2.2,53.0,5.4,57.5,0.51,0.0,26.0,0.0,,,,21.3,0.0637,0.1875,4.0,0.6888,synthetic
5.01,3.5,78.0,4.6,89.5,2.89,3.0,56.0,0.0,,,,22.62,0.0747,0.1193,4.0,0.3097,synthetic
6.04,3.6,82.0,54.1,224.4,1.33,6.0,23.0,0.0,,,,2.07,0.1447,0.2465,3.0,0.6412,synthetic
7.33,8.5,85.0,56.1,107.6,4.21,4.0,27.0,1.0,,,,0.55,0.1703,0.1272,2.0,0.5656,synthetic
4.71,6.5,80.0,4.2,255.9,3.41,2.0,51.0,0.0,,,,2.56,0.1502,0.0999,1.0,0.4745,synthetic
4.9,6.4,70.0,34.1,276.2,0.02,6.0,63.0,0.0,,,,0.42,0.1721,0.1899,2.0,0.4956,synthetic
7.98,4.0,85.0,55.2,120.5,2.83,2.0,27.0,0.0,,,,22.12,0.1121,0.1524,2.0,0.6047,synthetic
4.86,3.9,70.0,59.1,35.0,1.16,7.0,35.0,1.0,,,,1.64,0.2571,0.2366,0.0,0.5493,synthetic
6.89,1.6,81.0,74.5,195.8,0.08,0.0,70.0,1.0,,,,1.31,0.2124,0.1899,2.0,0.7562,synthetic
6.19,6.1,53.0,37.9,37.2,3.1,5.0,74.0,1.0,,,,2.54,0.1693,0.046,4.0,0.5055,synthetic
5.64,5.5,78.0,49.3,206.1,1.02,0.0,51.0,1.0,,,,23.33,0.0743,0.2289,2.0,0.4125,synthetic
5.44,7.1,53.0,52.1,290.5,4.5,7.0,43.0,1.0,,,,23.52,0.05,0.1751,2.0,0.3239,synthetic
8.32,4.1,51.0,28.1,248.1,2.87,2.0,37.0,1.0,,,,22.27,0.0947,0.1619,2.0,0.5471,synthetic
9.26,4.2,70.0,4.8,179.3,1.05,0.0,52.0,0.0,,,,21.88,0.1185,0.1101,2.0,0.6961,synthetic
5.2,4.8,55.0,0.4,378.3,4.9,6.0,51.0,1.0,,,,2.98,0.1801,0.0456,2.0,0.509,synthetic
9.3,6.3,63.0,75.3,40.7,2.73,7.0,34.0,0.0,,,,2.84,0.2402,0.1645,1.0,0.7518,synthetic
7.47,1.6,81.0,18.0,352.0,0.83,7.0,19.0,0.0,,,,23.71,0.0992,0.1984,1.0,0.5936,synthetic
7.71,6.0,72.0,56.7,320.1,2.59,3.0,26.0,1.0,,,,2.69,0.1862,0.1941,3.0,0.6524,synthetic
8.05,4.5,79.0,51.9,167.9,4.8,0.0,72.0,0.0,,,,22.49,0.05,0.0556,4.0,0.4696,synthetic
8.02,2.4,81.0,36.0,61.1,2.12,1.0,41.0,0.0,,,,1.95,0.2173,0.0845,2.0,0.789,synthetic
8.6,1.0,69.0,75.0,62.3,2.13,0.0,45.0,1.0,,,,0.44,0.2085,0.1309,2.0,0.8461,synthetic
6.92,4.2,89.0,62.9,368.7,2.31,0.0,44.0,0.0,,,,1.02,0.2201,0.1799,2.0,0.6915,synthetic
7.17,7.4,58.0,2.0,93.5,1.4,1.0,62.0,0.0,,,,1.03,0.1882,0.1894,6.0,0.541,synthetic
6.12,7.8,53.0,69.9,349.6,0.81,4.0,21.0,1.0,,,,0.45,0.1756,0.259,3.0,0.5713,synthetic
5.03,5.2,63.0,45.6,201.3,2.89,6.0,22.0,1.0,,,,1.97,0.1811,0.2381,9.0,0.5299,synthetic
7.82,8.4,81.0,31.2,184.7,4.47,4.0,33.0,0.0,,,,22.74,0.0533,0.1357,4.0,0.3517,synthetic
4.67,4.4,54.0,65.4,247.8,3.68,1.0,45.0,1.0,,,,1.94,0.1193,0.1632,1.0,0.5057,synthetic
5.88,6.4,69.0,61.7,86.0,0.48,4.0,56.0,1.0,,,,21.28,0.05,0.2427,0.0,0.4584,synthetic
4.97,3.6,73.0,28.0,171.3,2.0,1.0,45.0,0.0,,,,21.4,0.0707,0.0994,4.0,0.3797,synthetic
5.45,3.5,82.0,88.5,375.4,0.03,3.0,43.0,0.0,,,,1.02,0.1472,0.2913,1.0,0.6057,synthetic
7.69,3.1,84.0,58.4,95.3,1.54,7.0,71.0,0.0,,,,1.25,0.1955,0.0891,3.0,0.7351,synthetic
7.64,1.0,60.0,54.5,368.6,3.35,1.0,27.0,0.0,,,,2.32,0.1853,0.1477,2.0,0.7611,synthetic
6.61,7.1,61.0,6.3,397.7,1.45,6.0,50.0,0.0,,,,21.92,0.0709,0.1284,3.0,0.3943,synthetic
4.95,3.2,77.0,25.1,20.8,4.2,2.0,48.0,0.0,,,,20.39,0.0962,0.021,5.0,0.3219,synthetic
6.67,2.9,84.0,40.2,212.6,2.39,5.0,44.0,0.0,,,,23.55,0.1764,0.1208,3.0,0.5185,synthetic
6.26,2.1,57.0,56.8,68.7,3.35,2.0,64.0,0.0,,,,2.13,0.1654,0.0421,2.0,0.6075,synthetic
8.1,4.1,79.0,46.1,248.7,4.42,1.0,33.0,0.0,,,,2.8,0.1508,0.1608,4.0,0.7143,synthetic
7.4,8.0,60.0,68.7,395.8,3.41,3.0,72.0,0.0,,,,2.0,0.1365,0.0511,6.0,0.4924,synthetic
6.96,8.7,57.0,23.6,358.8,4.49,3.0,36.0,0.0,,,,23.43,0.05,0.0351,2.0,0.2994,synthetic
6.93,1.2,64.0,63.2,369.9,4.04,4.0,49.0,0.0,,,,2.04,0.1947,0.1909,10.0,0.7026,synthetic
9.33,3.8,82.0,73.5,85.3,2.84,1.0,47.0,1.0,,,,21.5,0.0751,0.1706,5.0,0.5976,synthetic
8.28,2.4,80.0,68.9,216.9,1.49,7.0,66.0,0.0,,,,2.45,0.1802,0.0983,1.0,0.8311,synthetic
6.98,6.5,69.0,69.4,93.9,1.49,5.0,43.0,1.0,,,,23.97,0.1493,0.1103,2.0,0.4321,synthetic
6.9,5.1,79.0,80.0,359.8,4.38,6.0,34.0,1.0,,,,22.73,0.05,0.1704,8.0,0.3818,synthetic
4.63,3.2,66.0,7.6,76.5,0.27,6.0,19.0,1.0,,,,0.07,0.2103,0.2106,1.0,0.5853,synthetic
9.21,4.6,58.0,62.7,61.6,4.71,5.0,38.0,1.0,,,,1.49,0.1972,0.0715,3.0,0.7511,synthetic
6.1,3.5,84.0,87.2,4.9,1.64,1.0,65.0,0.0,,,,21.68,0.1505,0.1427,2.0,0.4729,synthetic
5.78,7.7,52.0,51.6,72.8,3.69,4.0,18.0,1.0,,,,20.71,0.05,0.1677,1.0,0.2969,synthetic
9.5,5.6,86.0,19.6,75.9,1.65,7.0,69.0,0.0,,,,1.13,0.2819,0.1219,2.0,0.7624,synthetic
8.09,5.8,82.0,89.9,31.0,4.77,0.0,48.0,0.0,,,,2.67,0.1392,0.1793,3.0,0.6406,synthetic
4.74,1.0,79.0,15.7,347.1,0.18,3.0,25.0,0.0,,,,0.46,0.1291,0.2031,4.0,0.6771,synthetic
4.81,4.4,73.0,30.2,312.0,1.77,1.0,35.0,0.0,,,,21.0,0.1108,0.1372,4.0,0.3836,synthetic
4.63,8.7,82.0,15.5,101.8,4.34,6.0,49.0,0.0,,,,0.5,0.1671,0.088,2.0,0.4148,synthetic
7.5,7.2,51.0,41.8,313.3,1.37,7.0,35.0,0.0,,,,20.82,0.0763,0.2859,3.0,0.4689,synthetic
4.86,1.0,74.0,37.7,168.9,1.38,0.0,24.0,1.0,,,,22.12,0.1471,0.2069,1.0,0.5277,synthetic
9.17,3.9,60.0,44.2,310.2,4.49,6.0,55.0,1.0,,,,20.22,0.05,0.1429,4.0,0.6458,synthetic
9.18,2.1,76.0,83.5,129.2,4.15,2.0,56.0,0.0,,,,23.41,0.05,0.1652,1.0,0.6878,synthetic
7.23,7.9,77.0,43.0,225.9,0.53,7.0,24.0,1.0,,,,22.25,0.05,0.1841,2.0,0.4475,synthetic
7.58,5.0,59.0,46.3,152.6,2.9,0.0,34.0,0.0,,,,20.68,0.1151,0.0651,2.0,0.4892,synthetic
5.96,3.0,56.0,79.8,75.1,1.12,1.0,31.0,0.0,,,,22.16,0.05,0.3092,3.0,0.5359,synthetic
4.82,4.6,73.0,73.6,234.3,1.08,5.0,55.0,1.0,,,,0.53,0.1801,0.2033,1.0,0.5506,synthetic
8.19,1.0,88.0,21.6,300.3,3.08,6.0,59.0,1.0,,,,22.02,0.1166,0.0965,6.0,0.6383,synthetic
5.01,2.3,77.0,1.2,301.2,0.62,0.0,59.0,0.0,,,,21.0,0.0823,0.1368,3.0,0.461,synthetic
4.93,4.6,69.0,56.7,142.5,2.35,1.0,71.0,0.0,,,,23.81,0.05,0.0246,3.0,0.244,synthetic
6.06,6.2,87.0,76.0,207.5,1.28,2.0,61.0,0.0,,,,1.27,0.174,0.1467,2.0,0.5352,synthetic
4.56,1.0,83.0,49.8,305.5,4.27,0.0,36.0,0.0,,,,1.81,0.1576,0.1595,2.0,0.5843,synthetic
6.67,3.7,79.0,19.0,21.8,2.77,6.0,24.0,0.0,,,,23.3,0.0542,0.131,2.0,0.4627,synthetic
8.04,6.5,67.0,66.7,28.8,1.08,5.0,53.0,1.0,,,,0.98,0.2375,0.1396,2.0,0.6905,synthetic
8.51,1.6,70.0,60.3,150.5,4.63,5.0,70.0,1.0,,,,1.83,0.1005,0.02,2.0,0.7986,synthetic
7.52,5.0,61.0,50.9,89.4,4.11,3.0,73.0,0.0,,,,0.71,0.102,0.0807,4.0,0.5771,synthetic
8.73,4.6,83.0,77.7,149.9,1.33,5.0,31.0,1.0,,,,23.69,0.0576,0.2204,3.0,0.5469,synthetic
6.53,7.9,61.0,70.6,37.5,4.81,4.0,31.0,0.0,,,,20.42,0.05,0.2203,5.0,0.3089,synthetic
8.74,4.0,78.0,60.1,236.8,1.34,5.0,20.0,0.0,,,,22.03,0.1406,0.2066,7.0,0.6237,synthetic
7.03,4.2,85.0,59.8,268.7,1.46,3.0,26.0,0.0,,,,22.24,0.0592,0.1357,6.0,0.502,synthetic
5.62,6.2,72.0,59.6,316.7,1.93,5.0,49.0,1.0,,,,22.77,0.05,0.2047,2.0,0.3705,synthetic
9.22,1.8,56.0,47.3,260.2,0.82,5.0,49.0,1.0,,,,2.66,0.1696,0.1789,9.0,0.8746,synthetic
5.87,4.1,51.0,41.8,158.6,3.44,5.0,39.0,1.0,,,,21.46,0.1037,0.1037,8.0,0.3911,synthetic
4.63,3.6,77.0,63.9,374.0,2.79,6.0,35.0,0.0,,,,23.79,0.0729,0.1584,4.0,0.3125,synthetic
5.71,4.2,59.0,54.9,290.5,4.47,2.0,65.0,1.0,,,,2.94,0.1482,0.1635,5.0,0.4688,synthetic
6.33,6.2,52.0,44.1,211.1,1.2,7.0,44.0,0.0,,,,0.33,0.2197,0.1982,2.0,0.5588,synthetic
6.26,5.6,64.0,11.4,82.7,0.85,0.0,64.0,0.0,,,,21.46,0.0783,0.1377,2.0,0.3919,synthetic
7.12,3.0,73.0,63.2,259.6,1.79,3.0,72.0,1.0,,,,2.72,0.1684,0.1447,6.0,0.6724,synthetic
8.92,4.8,72.0,58.1,236.7,0.73,3.0,36.0,0.0,,,,22.35,0.0899,0.1768,10.0,0.5858,synthetic
5.96,7.5,57.0,30.8,273.3,4.73,6.0,29.0,1.0,,,,20.34,0.0848,0.1561,3.0,0.3149,synthetic
7.1,2.8,74.0,32.1,312.4,3.59,0.0,72.0,1.0,,,,23.02,0.0636,0.0848,3.0,0.4369,synthetic
6.2,4.8,66.0,22.2,366.0,3.98,1.0,54.0,1.0,,,,21.68,0.05,0.1116,3.0,0.4721,synthetic
8.61,4.1,69.0,86.6,379.6,3.74,3.0,34.0,0.0,,,,1.73,0.2674,0.2429,1.0,0.7576,synthetic
5.29,4.4,85.0,77.4,252.1,1.21,6.0,53.0,0.0,,,,21.54,0.103,0.265,4.0,0.4013,synthetic
5.02,1.2,53.0,50.5,386.4,0.7,3.0,47.0,1.0,,,,1.74,0.1351,0.1316,2.0,0.6684,synthetic
7.01,7.3,71.0,36.1,364.6,2.15,5.0,69.0,1.0,,,,20.25,0.1204,0.1074,5.0,0.3739,synthetic
7.86,3.0,57.0,66.3,1.0,4.15,1.0,32.0,1.0,,,,2.5,0.1391,0.2395,4.0,0.6922,synthetic
8.48,6.6,57.0,47.5,255.0,1.65,7.0,74.0,1.0,,,,20.3,0.05,0.0335,2.0,0.5218,synthetic
7.45,3.3,74.0,87.8,71.4,0.05,6.0,71.0,0.0,,,,2.57,0.189,0.1885,3.0,0.6671,synthetic
8.37,3.2,77.0,5.0,118.1,3.3,0.0,28.0,0.0,,,,20.52,0.1331,0.2662,4.0,0.6603,synthetic
6.46,6.9,74.0,3.1,119.0,1.0,5.0,27.0,1.0,,,,2.11,0.224,0.1891,1.0,0.5982,synthetic
4.66,6.5,87.0,51.2,193.3,2.71,1.0,48.0,0.0,,,,1.82,0.208,0.1651,2.0,0.4475,synthetic
5.08,4.9,82.0,18.3,4.3,0.07,4.0,20.0,1.0,,,,0.16,0.2056,0.2371,2.0,0.5278,synthetic
4.69,6.0,58.0,54.4,94.3,2.54,5.0,35.0,0.0,,,,20.25,0.0861,0.1981,2.0,0.2811,synthetic
6.14,3.9,75.0,70.3,11.6,1.97,7.0,42.0,1.0,,,,0.35,0.1899,0.2515,4.0,0.6249,synthetic
6.98,4.5,75.0,12.4,260.2,4.4,0.0,73.0,1.0,,,,0.32,0.1179,0.0527,3.0,0.64,synthetic
6.28,3.2,76.0,39.7,355.7,3.61,2.0,74.0,0.0,,,,23.9,0.0665,0.0783,4.0,0.4003,synthetic
7.3,6.3,67.0,62.0,399.1,0.18,5.0,26.0,0.0,,,,0.42,0.1842,0.278,6.0,0.6559,synthetic
6.9,3.1,88.0,75.0,179.4,3.95,2.0,68.0,1.0,,,,2.78,0.1728,0.0871,4.0,0.622,synthetic
7.89,7.5,69.0,44.7,104.1,3.96,5.0,23.0,0.0,,,,2.97,0.1758,0.2454,5.0,0.66,synthetic
7.83,3.9,82.0,18.6,341.2,3.32,1.0,60.0,1.0,,,,23.64,0.0722,0.0892,5.0,0.4896,synthetic
6.09,4.5,69.0,52.7,45.3,4.65,1.0,66.0,1.0,,,,20.64,0.108,0.0901,6.0,0.399,synthetic
6.23,6.0,81.0,40.9,389.7,4.02,4.0,68.0,1.0,,,,20.94,0.0674,0.1249,3.0,0.3289,synthetic
7.43,4.5,66.0,69.5,285.9,1.09,5.0,30.0,0.0,,,,1.04,0.2668,0.2243,2.0,0.6983,synthetic
7.48,3.9,50.0,50.0,201.6,1.91,1.0,68.0,1.0,,,,2.87,0.1631,0.1416,1.0,0.6777,synthetic
6.07,4.4,70.0,25.1,38.7,1.75,6.0,24.0,0.0,,,,23.05,0.083,0.1587,2.0,0.4265,synthetic
6.15,6.3,72.0,67.9,7.3,2.52,6.0,47.0,1.0,,,,20.69,0.0643,0.0677,2.0,0.3977,synthetic
7.97,3.2,55.0,46.6,217.8,4.77,0.0,44.0,1.0,,,,22.47,0.054,0.1352,3.0,0.4679,synthetic
7.74,4.2,77.0,16.0,165.5,3.08,2.0,36.0,0.0,,,,22.7,0.05,0.1579,3.0,0.5178,synthetic
5.18,4.5,84.0,50.7,337.1,1.56,4.0,19.0,0.0,,,,2.98,0.1818,0.2272,2.0,0.5323,synthetic
6.71,6.2,85.0,85.3,256.9,4.71,3.0,62.0,0.0,,,,0.81,0.1336,0.1313,4.0,0.4947,synthetic
8.96,4.3,65.0,63.5,172.8,3.5,2.0,37.0,1.0,,,,20.83,0.05,0.1849,1.0,0.583,synthetic
4.68,8.1,66.0,26.9,90.4,1.33,4.0,55.0,0.0,,,,22.36,0.1046,0.1268,4.0,0.2224,synthetic
8.78,4.2,84.0,64.0,192.2,4.53,7.0,41.0,0.0,,,,20.34,0.1086,0.1686,4.0,0.5661,synthetic
5.32,4.0,90.0,25.4,65.2,1.72,2.0,39.0,1.0,,,,0.57,0.2053,0.0905,1.0,0.5749,synthetic
7.04,4.2,52.0,48.8,266.8,2.58,1.0,68.0,1.0,,,,0.71,0.1778,0.1419,5.0,0.5714,synthetic
6.62,1.9,52.0,47.4,242.3,2.4,5.0,23.0,1.0,,,,20.4,0.1046,0.2003,4.0,0.5428,synthetic
4.55,2.4,52.0,22.3,324.0,4.62,4.0,59.0,1.0,,,,22.35,0.05,0.1433,3.0,0.3243,synthetic
9.08,3.4,68.0,31.3,179.8,1.33,5.0,60.0,1.0,,,,2.32,0.1949,0.0817,2.0,0.7702,synthetic
6.77,6.8,81.0,84.8,111.5,1.67,5.0,39.0,1.0,,,,1.79,0.2313,0.2168,3.0,0.5743,synthetic
9.27,4.4,54.0,22.6,334.6,3.3,6.0,32.0,0.0,,,,0.02,0.2325,0.1169,2.0,0.7745,synthetic
5.93,3.5,78.0,72.1,276.4,4.43,5.0,18.0,1.0,,,,23.39,0.0984,0.1768,1.0,0.4276,synthetic
8.83,7.0,57.0,60.1,282.7,0.57,4.0,71.0,1.0,,,,2.95,0.1971,0.1816,1.0,0.685,synthetic
9.11,7.6,51.0,47.9,211.2,1.05,3.0,72.0,1.0,,,,1.06,0.1841,0.1379,2.0,0.6493,synthetic
7.28,7.0,74.0,12.4,350.4,4.74,3.0,31.0,1.0,,,,2.67,0.125,0.1864,3.0,0.5316,synthetic
5.51,2.8,74.0,18.4,91.1,3.89,2.0,19.0,1.0,,,,20.5,0.0565,0.2072,2.0,0.3853,synthetic
7.93,3.5,61.0,16.1,160.7,1.73,3.0,24.0,0.0,,,,21.49,0.0768,0.2075,4.0,0.6067,synthetic
7.24,8.1,63.0,52.8,318.5,1.79,4.0,21.0,1.0,,,,20.22,0.1174,0.1983,5.0,0.4468,synthetic
9.22,5.0,64.0,87.6,53.2,2.35,5.0,65.0,1.0,,,,2.08,0.2061,0.1393,2.0,0.7943,synthetic
6.7,4.0,87.0,79.0,323.2,3.37,6.0,68.0,0.0,,,,0.86,0.2157,0.1249,3.0,0.5919,synthetic
5.84,5.9,85.0,2.3,141.0,2.81,3.0,26.0,1.0,,,,21.24,0.05,0.2301,0.0,0.4502,synthetic
5.19,6.5,71.0,24.6,50.2,3.88,5.0,60.0,0.0,,,,2.82,0.1496,0.1148,3.0,0.458,synthetic
7.99,3.4,89.0,14.2,31.7,0.27,3.0,28.0,1.0,,,,2.69,0.148,0.2172,6.0,0.7223,synthetic
9.37,4.9,73.0,87.8,337.2,4.1,2.0,38.0,1.0,,,,21.57,0.05,0.1406,2.0,0.5809,synthetic
4.64,6.4,54.0,21.2,311.4,0.29,1.0,52.0,0.0,,,,0.53,0.1877,0.2221,0.0,0.5246,synthetic
8.2,2.2,69.0,18.1,115.2,4.4,2.0,59.0,0.0,,,,0.68,0.1226,0.0943,2.0,0.7706,synthetic
9.13,4.5,86.0,55.9,46.5,0.22,5.0,67.0,1.0,,,,20.03,0.0709,0.1309,1.0,0.6497,synthetic
4.87,2.3,77.0,50.1,98.9,0.64,1.0,20.0,0.0,,,,0.82,0.1761,0.2666,3.0,0.616,synthetic
5.05,2.5,88.0,20.3,85.2,0.9,0.0,29.0,1.0,,,,21.55,0.0781,0.223,5.0,0.4155,synthetic
7.96,3.4,71.0,60.3,293.2,1.12,2.0,33.0,0.0,,,,2.31,0.1502,0.2499,3.0,0.7981,synthetic
7.74,5.5,86.0,8.7,86.2,2.01,7.0,35.0,1.0,,,,1.87,0.1882,0.2057,1.0,0.6951,synthetic
4.84,3.9,81.0,1.7,86.4,3.28,1.0,74.0,1.0,,,,2.34,0.1231,0.0523,3.0,0.4656,synthetic
8.67,3.2,83.0,7.4,12.9,4.46,1.0,62.0,1.0,,,,1.3,0.1151,0.02,3.0,0.7117,synthetic
7.12,4.6,90.0,32.8,238.7,2.62,3.0,36.0,0.0,,,,21.15,0.1515,0.1759,3.0,0.491,synthetic
9.04,2.2,62.0,87.8,275.6,2.66,3.0,73.0,1.0,,,,22.52,0.0907,0.16,2.0,0.6001,synthetic
8.89,5.4,75.0,49.3,261.4,1.6,7.0,46.0,0.0,,,,0.96,0.1897,0.0945,7.0,0.7024,synthetic
8.56,6.8,60.0,67.9,227.4,4.0,1.0,46.0,0.0,,,,22.26,0.0562,0.1159,2.0,0.5653,synthetic
7.08,4.3,84.0,28.9,386.4,0.55,3.0,42.0,0.0,,,,0.97,0.1584,0.2293,0.0,0.6835,synthetic
5.76,4.1,73.0,64.7,189.1,1.51,2.0,26.0,1.0,,,,22.35,0.05,0.2746,1.0,0.4562,synthetic
7.03,5.2,57.0,87.0,344.1,0.48,1.0,71.0,1.0,,,,21.24,0.1646,0.1516,5.0,0.4628,synthetic
5.0,1.0,67.0,32.2,258.4,1.07,2.0,18.0,0.0,,,,23.63,0.1216,0.2211,0.0,0.5355,synthetic
7.79,5.6,57.0,89.9,33.7,2.93,2.0,27.0,0.0,,,,0.8,0.2123,0.1925,5.0,0.6736,synthetic
5.17,10.0,68.0,57.5,324.0,0.63,5.0,31.0,1.0,,,,23.62,0.1175,0.3218,2.0,0.3023,synthetic
7.06,4.3,53.0,67.4,233.8,0.5,6.0,33.0,0.0,,,,0.49,0.2568,0.2608,0.0,0.7548,synthetic
4.77,4.3,89.0,22.7,261.4,4.13,1.0,25.0,0.0,,,,23.07,0.1064,0.2528,4.0,0.3609,synthetic
6.0,6.0,74.0,57.9,72.1,0.59,3.0,19.0,1.0,,,,1.45,0.1597,0.2416,3.0,0.6063,synthetic
5.66,7.8,90.0,46.0,175.0,3.04,2.0,56.0,0.0,,,,0.55,0.1406,0.0551,2.0,0.512,synthetic
7.6,6.4,57.0,86.1,352.2,1.76,6.0,73.0,1.0,,,,0.02,0.1854,0.1021,2.0,0.6198,synthetic
8.43,1.0,65.0,81.4,86.2,4.48,0.0,24.0,1.0,,,,23.05,0.05,0.2125,2.0,0.6542,synthetic
4.79,5.6,87.0,35.7,0.0,3.54,3.0,34.0,0.0,,,,23.75,0.0831,0.1835,7.0,0.2504,synthetic
8.75,9.6,78.0,85.2,103.0,0.3,2.0,46.0,0.0,,,,20.36,0.0881,0.2087,2.0,0.5,synthetic
8.8,5.7,53.0,79.6,195.0,4.48,2.0,70.0,1.0,,,,0.67,0.1224,0.0621,6.0,0.6522,synthetic
6.21,2.2,85.0,53.1,328.5,2.07,7.0,57.0,1.0,,,,21.43,0.05,0.1484,5.0,0.4224,synthetic
7.8,5.1,58.0,7.4,257.3,1.49,4.0,61.0,1.0,,,,2.02,0.2047,0.164,4.0,0.6536,synthetic
6.51,1.9,60.0,14.5,367.6,3.36,3.0,51.0,0.0,,,,1.69,0.1621,0.1408,2.0,0.711,synthetic
5.27,7.0,79.0,6.9,182.2,3.59,6.0,41.0,1.0,,,,23.7,0.05,0.1664,4.0,0.2226,synthetic
7.14,2.6,78.0,9.7,156.3,1.52,6.0,29.0,1.0,,,,1.93,0.2436,0.1908,2.0,0.7092,synthetic
4.93,4.6,76.0,87.9,92.6,1.76,1.0,67.0,0.0,,,,0.7,0.1442,0.2011,3.0,0.5346,synthetic
8.89,2.8,50.0,19.1,87.2,0.78,3.0,63.0,1.0,,,,20.99,0.1215,0.0545,1.0,0.6956,synthetic
9.12,3.4,60.0,62.2,294.4,2.97,3.0,19.0,1.0,,,,1.19,0.2307,0.0835,3.0,0.7888,synthetic
8.61,7.5,64.0,57.3,32.1,4.78,3.0,58.0,0.0,,,,2.97,0.1105,0.0573,2.0,0.6246,synthetic
7.31,4.7,66.0,56.8,97.1,2.08,2.0,22.0,0.0,,,,20.29,0.0947,0.2886,2.0,0.529,synthetic
7.29,3.4,53.0,18.6,354.4,4.98,6.0,60.0,1.0,,,,21.71,0.05,0.1102,3.0,0.5251,synthetic
9.42,2.2,77.0,52.1,230.8,0.88,7.0,65.0,0.0,,,,0.18,0.1385,0.1279,2.0,0.8442,synthetic
5.74,1.0,86.0,56.3,18.6,3.98,0.0,25.0,0.0,,,,22.91,0.142,0.1922,4.0,0.4615,synthetic
4.88,2.0,90.0,51.3,281.7,4.64,6.0,42.0,0.0,,,,0.46,0.1886,0.1479,2.0,0.6143,synthetic
7.31,4.7,82.0,16.8,202.7,3.44,6.0,25.0,1.0,,,,0.1,0.2171,0.1091,4.0,0.6175,synthetic
6.14,6.5,58.0,65.1,341.8,0.55,2.0,50.0,0.0,,,,1.52,0.1914,0.1793,1.0,0.5738,synthetic
6.11,3.4,70.0,6.6,273.0,1.63,3.0,70.0,1.0,,,,20.5,0.1568,0.1438,3.0,0.4542,synthetic
4.54,7.6,87.0,53.2,1.8,0.43,0.0,22.0,1.0,,,,23.08,0.059,0.2017,0.0,0.3395,synthetic
7.48,3.1,53.0,39.3,82.3,3.01,2.0,40.0,1.0,,,,2.02,0.1516,0.0672,5.0,0.6498,synthetic
5.82,4.0,59.0,22.5,103.2,4.99,1.0,73.0,1.0,,,,22.54,0.05,0.0264,6.0,0.2968,synthetic
5.44,2.3,61.0,72.7,280.9,1.87,7.0,35.0,0.0,,,,23.53,0.1128,0.1962,1.0,0.4796,synthetic
4.7,6.5,74.0,15.8,203.7,0.81,0.0,25.0,0.0,,,,20.15,0.1038,0.216,1.0,0.363,synthetic
6.32,8.7,88.0,84.0,299.0,1.34,2.0,45.0,0.0,,,,21.57,0.0868,0.2323,3.0,0.3476,synthetic
8.89,1.0,69.0,79.6,205.1,2.85,3.0,46.0,1.0,,,,23.25,0.0554,0.199,3.0,0.6761,synthetic
6.18,3.8,73.0,32.5,131.0,2.84,7.0,55.0,1.0,,,,22.79,0.0655,0.1114,7.0,0.4106,synthetic
7.9,7.0,76.0,27.5,41.5,1.15,6.0,35.0,0.0,,,,1.0,0.2289,0.1364,3.0,0.6126,synthetic
8.28,1.6,84.0,12.4,81.0,3.75,7.0,72.0,1.0,,,,0.28,0.0645,0.071,3.0,0.7527,synthetic
6.14,5.6,61.0,82.5,160.3,0.44,2.0,47.0,1.0,,,,2.16,0.2166,0.2672,2.0,0.6514,synthetic
8.61,6.9,75.0,56.5,220.6,3.12,2.0,34.0,0.0,,,,1.98,0.2119,0.1712,7.0,0.6147,synthetic
7.96,4.7,87.0,2.9,375.5,2.13,4.0,72.0,0.0,,,,21.69,0.1067,0.0289,3.0,0.4745,synthetic
7.3,5.6,88.0,46.0,95.9,0.64,2.0,70.0,0.0,,,,20.12,0.1385,0.182,6.0,0.4503,synthetic
4.5,8.0,65.0,7.7,266.4,3.17,0.0,46.0,0.0,,,,1.98,0.1753,0.1326,6.0,0.3534,synthetic
4.68,8.4,54.0,51.6,61.0,3.37,6.0,19.0,0.0,,,,22.3,0.1013,0.1485,2.0,0.2736,synthetic
9.45,4.4,87.0,45.8,285.5,2.2,0.0,52.0,1.0,,,,22.43,0.0548,0.1581,4.0,0.5956,synthetic
8.41,3.4,87.0,7.5,4.5,3.99,1.0,49.0,1.0,,,,21.11,0.0668,0.0518,5.0,0.5249,synthetic
9.19,2.7,54.0,73.4,262.4,2.55,7.0,26.0,1.0,,,,0.85,0.2186,0.222,1.0,0.8956,synthetic
9.01,6.5,53.0,23.6,65.3,1.43,5.0,54.0,0.0,,,,21.96,0.098,0.1379,8.0,0.5159,synthetic
4.6,1.8,57.0,48.7,72.1,4.77,5.0,65.0,1.0,,,,21.24,0.0994,0.116,4.0,0.3662,synthetic
8.46,4.0,76.0,57.5,223.6,4.72,1.0,24.0,0.0,,,,23.52,0.0736,0.1029,5.0,0.518,synthetic
6.76,4.7,62.0,86.6,150.2,0.48,2.0,59.0,0.0,,,,1.25,0.18,0.2886,4.0,0.6751,synthetic
8.45,3.5,60.0,44.4,188.5,4.73,1.0,25.0,1.0,,,,21.89,0.0583,0.0843,2.0,0.5206,synthetic
4.53,5.1,82.0,82.6,123.6,3.88,5.0,60.0,1.0,,,,1.05,0.1721,0.2043,2.0,0.4931,synthetic
5.94,9.6,60.0,31.9,381.4,0.53,4.0,41.0,0.0,,,,23.23,0.05,0.3033,2.0,0.3063,synthetic
8.26,4.3,88.0,77.2,116.3,2.6,2.0,18.0,0.0,,,,22.83,0.1108,0.1499,2.0,0.5565,synthetic
8.47,3.6,68.0,21.2,216.8,0.17,5.0,73.0,1.0,,,,22.52,0.0811,0.116,4.0,0.5377,synthetic
7.6,6.5,67.0,63.7,341.7,2.94,6.0,27.0,1.0,,,,21.02,0.05,0.2095,4.0,0.4607,synthetic
6.01,5.0,88.0,8.0,265.7,4.67,5.0,51.0,0.0,,,,22.33,0.05,0.1217,2.0,0.3953,synthetic
6.05,7.4,55.0,88.7,129.1,1.84,0.0,28.0,1.0,,,,2.15,0.2094,0.1953,4.0,0.4966,synthetic
9.33,4.8,55.0,85.9,221.0,2.54,4.0,71.0,1.0,,,,20.72,0.05,0.0967,4.0,0.5609,synthetic
6.7,4.0,67.0,39.8,33.2,1.14,1.0,60.0,0.0,,,,2.71,0.1479,0.1251,1.0,0.6894,synthetic
6.74,1.0,73.0,47.2,218.3,2.7,2.0,63.0,1.0,,,,20.75,0.0513,0.1638,2.0,0.5924,synthetic
7.26,1.3,70.0,53.8,172.6,4.01,7.0,42.0,1.0,,,,22.53,0.0995,0.1302,2.0,0.5963,synthetic
6.55,1.0,88.0,24.8,303.2,1.08,3.0,44.0,1.0,,,,0.24,0.2338,0.087,1.0,0.7665,synthetic
7.26,5.3,90.0,60.7,339.2,2.77,6.0,54.0,0.0,,,,1.86,0.14,0.1485,4.0,0.6199,synthetic
6.66,1.8,52.0,62.9,79.8,1.77,1.0,62.0,0.0,,,,21.01,0.0727,0.2088,3.0,0.5211,synthetic
8.63,7.0,57.0,47.3,32.6,3.74,7.0,66.0,1.0,,,,20.99,0.0968,0.0674,7.0,0.4028,synthetic
9.05,4.6,72.0,13.3,156.2,3.51,2.0,19.0,1.0,,,,0.4,0.1495,0.1477,4.0,0.7523,synthetic
9.16,4.0,88.0,82.7,213.7,3.49,1.0,55.0,0.0,,,,22.05,0.05,0.0652,2.0,0.642,synthetic
7.32,2.8,61.0,10.4,150.7,1.89,2.0,24.0,1.0,,,,0.51,0.2038,0.1455,2.0,0.7393,synthetic
6.71,5.7,65.0,56.6,251.4,3.0,1.0,34.0,1.0,,,,1.74,0.1661,0.204,2.0,0.582,synthetic
8.03,2.9,59.0,9.3,202.3,3.26,4.0,65.0,0.0,,,,20.54,0.1126,0.1338,4.0,0.5301,synthetic
8.69,2.5,89.0,13.1,374.7,3.4,1.0,32.0,1.0,,,,1.91,0.1785,0.154,7.0,0.7742,synthetic
7.31,6.9,56.0,1.8,163.8,2.88,1.0,63.0,0.0,,,,20.26,0.1247,0.0339,5.0,0.3511,synthetic
8.0,5.2,73.0,32.7,33.0,4.33,5.0,44.0,0.0,,,,2.29,0.1188,0.0821,6.0,0.6063,synthetic
8.25,4.0,51.0,57.6,120.8,1.24,0.0,31.0,0.0,,,,2.83,0.212,0.1606,2.0,0.8034,synthetic
7.88,5.8,74.0,46.9,242.4,0.28,3.0,37.0,0.0,,,,0.67,0.1728,0.18,0.0,0.7116,synthetic
8.23,4.5,66.0,60.7,102.4,4.81,5.0,48.0,1.0,,,,2.89,0.2469,0.1661,3.0,0.6707,synthetic
5.54,5.3,73.0,60.8,107.6,0.3,3.0,61.0,0.0,,,,1.75,0.2297,0.212,1.0,0.5714,synthetic
6.99,2.9,53.0,12.6,135.8,4.51,0.0,52.0,1.0,,,,20.31,0.107,0.1519,3.0,0.4991,synthetic
7.44,8.6,54.0,5.2,298.5,3.06,1.0,71.0,0.0,,,,20.03,0.1267,0.02,2.0,0.3686,synthetic
4.51,3.3,54.0,56.3,376.1,4.59,7.0,67.0,1.0,,,,20.15,0.076,0.1591,5.0,0.3258,synthetic
8.78,7.6,83.0,58.8,140.2,2.82,6.0,60.0,0.0,,,,23.16,0.05,0.1384,6.0,0.4184,synthetic
7.55,4.1,79.0,50.1,78.2,4.11,2.0,52.0,1.0,,,,0.36,0.1542,0.1427,2.0,0.7066,synthetic
5.15,6.1,55.0,22.1,168.3,3.61,6.0,34.0,1.0,,,,23.37,0.05,0.02,2.0,0.2647,synthetic
8.58,6.0,63.0,73.0,140.7,2.63,0.0,41.0,1.0,,,,0.74,0.1767,0.2254,3.0,0.7078,synthetic
8.09,6.8,67.0,6.8,396.0,1.82,0.0,24.0,0.0,,,,23.15,0.0825,0.2289,2.0,0.552,synthetic
8.29,2.8,54.0,56.9,185.5,0.01,7.0,39.0,0.0,,,,20.3,0.1311,0.1681,1.0,0.6318,synthetic
6.46,6.7,84.0,10.8,271.7,1.25,5.0,70.0,0.0,,,,21.58,0.0962,0.122,4.0,0.3791,synthetic
8.77,8.2,65.0,58.9,365.5,4.76,4.0,42.0,0.0,,,,2.95,0.1544,0.232,3.0,0.657,synthetic
6.57,4.0,77.0,37.6,251.6,1.38,2.0,24.0,0.0,,,,22.42,0.0944,0.2021,5.0,0.4466,synthetic
7.35,4.6,76.0,64.6,99.8,3.76,6.0,55.0,1.0,,,,22.27,0.0762,0.1038,6.0,0.4359,synthetic
4.5,3.5,87.0,4.7,243.0,2.54,4.0,72.0,0.0,,,,21.07,0.0766,0.0642,3.0,0.3051,synthetic
7.72,3.8,80.0,50.0,160.8,1.54,3.0,67.0,0.0,,,,2.91,0.2588,0.0674,2.0,0.6714,synthetic
8.09,7.9,51.0,13.0,168.9,4.96,3.0,33.0,0.0,,,,21.61,0.1043,0.1723,2.0,0.4362,synthetic
7.34,2.5,56.0,61.4,391.7,0.23,2.0,43.0,1.0,,,,0.53,0.2465,0.2166,1.0,0.8182,synthetic
6.98,2.6,68.0,10.8,111.4,2.91,4.0,48.0,1.0,,,,20.29,0.1104,0.1002,1.0,0.5433,synthetic
8.55,7.7,54.0,6.6,187.6,2.31,5.0,32.0,1.0,,,,20.47,0.05,0.1812,2.0,0.5327,synthetic
7.91,5.7,66.0,64.2,63.9,0.38,6.0,33.0,0.0,,,,1.02,0.2159,0.2339,2.0,0.7625,synthetic
5.89,8.7,89.0,5.7,71.4,1.07,3.0,31.0,0.0,,,,0.45,0.2434,0.1475,2.0,0.5096,synthetic
9.3,3.6,58.0,20.2,241.4,3.47,2.0,74.0,1.0,,,,0.76,0.1124,0.111,7.0,0.7642,synthetic
8.04,4.8,78.0,74.2,300.4,0.54,4.0,60.0,1.0,,,,21.62,0.0549,0.2041,6.0,0.5275,synthetic
9.44,3.2,60.0,72.9,254.6,4.01,4.0,65.0,0.0,,,,2.89,0.1298,0.0745,3.0,0.6879,synthetic
9.36,4.8,51.0,76.9,131.7,3.13,2.0,64.0,0.0,,,,23.91,0.05,0.0716,2.0,0.5767,synthetic
9.09,1.0,54.0,29.3,23.8,0.5,0.0,72.0,0.0,,,,2.79,0.2579,0.1702,1.0,0.916,synthetic
8.28,5.9,54.0,47.5,188.1,1.43,2.0,24.0,1.0,,,,21.15,0.1553,0.1693,1.0,0.5735,synthetic
7.55,5.1,62.0,69.6,201.7,0.69,0.0,68.0,0.0,,,,22.84,0.1262,0.1256,6.0,0.4888,synthetic
5.36,4.4,88.0,12.3,308.3,3.99,0.0,21.0,1.0,,,,22.35,0.0706,0.2501,2.0,0.3563,synthetic
7.22,3.7,75.0,65.2,256.1,2.66,7.0,45.0,1.0,,,,1.29,0.1765,0.2661,3.0,0.7109,synthetic
8.33,2.7,55.0,8.8,348.5,0.01,6.0,51.0,1.0,,,,1.23,0.1908,0.199,5.0,0.8519,synthetic
7.1,6.0,53.0,82.2,313.2,2.71,0.0,38.0,1.0,,,,23.41,0.0898,0.2007,6.0,0.4361,synthetic
8.84,2.2,89.0,57.4,146.4,2.41,2.0,26.0,0.0,,,,20.11,0.1396,0.2533,1.0,0.7491,synthetic
5.05,5.5,57.0,44.4,252.9,3.22,2.0,28.0,1.0,,,,21.23,0.05,0.1785,2.0,0.3708,synthetic
6.4,8.6,61.0,43.6,298.9,0.17,7.0,65.0,0.0,,,,20.35,0.1427,0.119,1.0,0.32,synthetic
7.03,7.5,84.0,16.3,382.8,0.18,3.0,36.0,0.0,,,,1.93,0.2456,0.1245,3.0,0.6176,synthetic
6.66,1.5,72.0,31.1,168.9,1.75,2.0,35.0,0.0,,,,22.03,0.0902,0.1743,3.0,0.5314,synthetic
5.04,3.4,59.0,65.4,259.3,3.44,5.0,70.0,0.0,,,,20.83,0.1085,0.1186,2.0,0.3258,synthetic
5.27,5.3,77.0,48.7,157.1,3.33,3.0,26.0,0.0,,,,22.48,0.1113,0.2162,1.0,0.3512,synthetic
8.69,4.4,65.0,47.6,295.1,1.39,1.0,70.0,0.0,,,,20.54,0.0624,0.1412,4.0,0.6226,synthetic
6.92,1.7,73.0,17.6,364.8,1.08,2.0,70.0,0.0,,,,2.85,0.2211,0.0586,2.0,0.6859,synthetic
4.74,5.3,54.0,62.1,367.7,3.42,1.0,52.0,0.0,,,,22.21,0.105,0.1639,1.0,0.2716,synthetic
4.58,4.5,85.0,35.3,62.8,0.14,5.0,27.0,0.0,,,,2.53,0.2399,0.2429,2.0,0.4991,synthetic
6.87,8.3,74.0,16.4,81.6,2.78,7.0,26.0,0.0,,,,0.78,0.1176,0.0995,1.0,0.5579,synthetic
5.32,4.0,50.0,84.9,302.0,2.12,6.0,34.0,1.0,,,,23.96,0.1012,0.1837,1.0,0.3766,synthetic
8.03,6.8,72.0,45.6,252.4,1.2,3.0,50.0,0.0,,,,23.33,0.0653,0.26,3.0,0.4269,synthetic
8.48,2.0,64.0,47.5,362.0,2.6,3.0,26.0,0.0,,,,0.81,0.1617,0.2265,5.0,0.7664,synthetic
5.64,2.4,86.0,88.3,125.5,1.09,0.0,43.0,0.0,,,,0.8,0.1479,0.3097,0.0,0.7019,synthetic
7.46,5.9,56.0,33.0,339.2,2.82,2.0,24.0,0.0,,,,20.07,0.1018,0.1466,2.0,0.5087,synthetic
5.27,6.7,63.0,84.9,273.5,0.74,0.0,48.0,1.0,,,,2.35,0.1833,0.3001,1.0,0.5172,synthetic
6.02,2.6,81.0,62.5,78.2,2.03,5.0,19.0,1.0,,,,22.58,0.05,0.2202,1.0,0.5125,synthetic
8.94,4.5,59.0,57.0,50.6,2.55,7.0,58.0,1.0,,,,22.47,0.0515,0.1198,3.0,0.6122,synthetic
7.22,1.7,63.0,21.1,281.1,0.16,1.0,21.0,1.0,,,,22.85,0.1055,0.1488,0.0,0.6079,synthetic
8.93,4.1,81.0,4.7,63.4,3.05,5.0,29.0,0.0,,,,0.8,0.1737,0.1069,4.0,0.7617,synthetic
5.63,6.2,78.0,39.4,317.7,3.75,4.0,27.0,1.0,,,,22.63,0.089,0.1201,2.0,0.3106,synthetic
6.15,3.6,64.0,0.9,222.8,4.78,3.0,65.0,0.0,,,,22.62,0.0899,0.0594,6.0,0.3752,synthetic
6.85,4.0,69.0,6.4,190.7,1.02,5.0,21.0,1.0,,,,20.44,0.0885,0.215,4.0,0.4923,synthetic
6.9,2.2,72.0,53.6,110.2,1.04,5.0,42.0,0.0,,,,22.92,0.0928,0.2649,3.0,0.5185,synthetic
9.49,3.2,86.0,65.2,393.5,1.52,2.0,51.0,1.0,,,,21.05,0.05,0.1687,2.0,0.6952,synthetic
5.07,8.0,76.0,15.1,288.9,4.45,6.0,47.0,0.0,,,,1.99,0.2278,0.0949,2.0,0.4438,synthetic
8.76,4.6,74.0,65.9,311.2,2.03,5.0,56.0,1.0,,,,22.34,0.0814,0.1374,1.0,0.6187,synthetic
8.82,2.5,82.0,85.5,307.5,1.51,2.0,63.0,0.0,,,,2.73,0.1619,0.1171,7.0,0.7951,synthetic
7.27,3.9,62.0,66.9,233.6,3.71,5.0,40.0,1.0,,,,0.79,0.1701,0.2035,2.0,0.7132,synthetic
6.22,1.3,68.0,70.6,375.9,0.19,5.0,65.0,1.0,,,,1.29,0.176,0.1503,0.0,0.7315,synthetic
7.1,2.5,77.0,63.1,233.5,2.74,0.0,36.0,1.0,,,,2.63,0.1525,0.1604,7.0,0.6593,synthetic
5.96,7.2,66.0,20.2,208.0,2.25,1.0,74.0,0.0,,,,21.67,0.0814,0.1621,3.0,0.2847,synthetic
8.5,4.2,69.0,32.5,109.5,3.12,2.0,46.0,0.0,,,,23.97,0.0874,0.1843,5.0,0.4975,synthetic
6.99,8.3,56.0,85.4,112.7,3.66,0.0,59.0,1.0,,,,20.29,0.057,0.1633,2.0,0.4117,synthetic
9.13,4.3,74.0,59.5,294.8,1.62,3.0,67.0,0.0,,,,20.71,0.0605,0.09,8.0,0.562,synthetic
7.61,4.4,76.0,71.0,133.9,3.18,3.0,63.0,0.0,,,,22.57,0.0722,0.0869,3.0,0.4143,synthetic
7.07,5.8,84.0,87.2,291.5,2.62,6.0,66.0,0.0,,,,0.78,0.2002,0.1015,2.0,0.6329,synthetic
8.06,1.0,53.0,20.8,381.1,0.67,1.0,48.0,0.0,,,,1.82,0.2187,0.2088,1.0,0.8656,synthetic
7.02,4.9,86.0,29.0,175.7,4.41,4.0,20.0,0.0,,,,21.79,0.1126,0.1634,9.0,0.4496,synthetic
9.02,4.4,53.0,58.0,38.9,3.77,5.0,46.0,0.0,,,,1.24,0.1649,0.0954,3.0,0.75,synthetic
5.42,7.5,80.0,2.2,266.6,4.61,3.0,28.0,1.0,,,,21.57,0.05,0.1006,4.0,0.2328,synthetic
9.37,6.4,74.0,51.4,3.8,3.6,7.0,68.0,1.0,,,,20.04,0.131,0.02,5.0,0.5346,synthetic
8.56,2.2,66.0,72.8,314.8,1.22,2.0,31.0,0.0,,,,20.38,0.1165,0.1644,1.0,0.706,synthetic
8.8,7.0,87.0,54.9,210.3,2.15,3.0,30.0,0.0,,,,0.1,0.1448,0.2315,2.0,0.7051,synthetic
6.91,4.0,68.0,26.6,195.9,1.93,0.0,32.0,0.0,,,,23.48,0.0925,0.1981,2.0,0.5333,synthetic
8.69,2.7,51.0,65.2,227.8,0.18,3.0,54.0,1.0,,,,21.89,0.0929,0.1862,1.0,0.7137,synthetic
6.03,4.9,71.0,13.1,206.6,2.05,0.0,50.0,0.0,,,,20.05,0.0965,0.1329,3.0,0.4414,synthetic
8.31,4.1,71.0,80.5,129.5,1.73,7.0,72.0,1.0,,,,23.98,0.05,0.1431,2.0,0.5032,synthetic
5.2,7.6,80.0,9.1,112.6,0.02,1.0,41.0,1.0,,,,1.72,0.2065,0.2109,2.0,0.4582,synthetic
6.04,5.2,64.0,77.7,166.1,4.24,6.0,34.0,1.0,,,,20.48,0.1117,0.2029,3.0,0.4313,synthetic
6.73,4.9,53.0,44.8,358.0,0.72,0.0,20.0,0.0,,,,1.16,0.1796,0.2047,1.0,0.6051,synthetic
6.11,6.3,64.0,38.6,54.1,2.5,2.0,18.0,1.0,,,,0.44,0.1898,0.1638,2.0,0.5552,synthetic
6.44,6.7,74.0,45.1,129.9,3.92,0.0,39.0,1.0,,,,23.36,0.0695,0.1903,3.0,0.3579,synthetic
8.6,6.1,72.0,18.0,76.9,3.02,2.0,70.0,1.0,,,,20.34,0.0876,0.0799,2.0,0.4958,synthetic
5.78,7.3,84.0,41.2,170.9,0.85,4.0,47.0,1.0,,,,2.46,0.1895,0.2358,4.0,0.5073,synthetic
8.23,5.7,61.0,76.5,53.4,3.09,3.0,68.0,1.0,,,,23.34,0.05,0.2194,6.0,0.4694,synthetic
4.87,4.8,73.0,72.1,304.3,3.79,4.0,23.0,0.0,,,,22.8,0.1225,0.233,3.0,0.3054,synthetic
8.33,7.0,89.0,14.7,41.4,4.27,6.0,23.0,1.0,,,,2.03,0.1527,0.1408,2.0,0.6685,synthetic
8.46,4.3,63.0,60.6,266.1,1.59,0.0,65.0,1.0,,,,1.92,0.1924,0.1273,4.0,0.7325,synthetic
6.51,4.6,67.0,77.1,107.1,0.17,3.0,24.0,0.0,,,,1.09,0.2369,0.1987,0.0,0.6943,synthetic
8.11,7.9,90.0,73.8,188.9,3.04,4.0,20.0,0.0,,,,1.81,0.207,0.2525,2.0,0.6099,synthetic
9.08,7.7,56.0,38.3,80.0,1.13,4.0,41.0,1.0,,,,20.87,0.0519,0.1526,2.0,0.5427,synthetic
8.5,4.5,73.0,4.3,292.1,3.9,1.0,70.0,0.0,,,,1.33,0.2005,0.1079,6.0,0.7422,synthetic
6.45,3.6,65.0,83.8,379.3,3.4,1.0,57.0,0.0,,,,22.3,0.0918,0.1415,3.0,0.4305,synthetic
6.92,7.4,52.0,35.6,88.7,3.87,3.0,23.0,1.0,,,,2.07,0.0748,0.0965,3.0,0.5711,synthetic
8.4,6.1,80.0,32.5,381.3,4.84,5.0,65.0,1.0,,,,22.59,0.05,0.0863,5.0,0.3804,synthetic
5.96,5.1,58.0,68.4,130.1,2.92,7.0,66.0,1.0,,,,20.38,0.0813,0.099,7.0,0.3187,synthetic
8.52,3.9,86.0,23.8,223.1,4.52,2.0,63.0,0.0,,,,22.9,0.05,0.02,5.0,0.482,synthetic
6.14,5.2,67.0,75.1,280.6,3.21,4.0,69.0,0.0,,,,1.3,0.2029,0.0681,3.0,0.5623,synthetic
8.53,4.5,56.0,6.8,79.7,0.91,2.0,31.0,1.0,,,,23.51,0.1149,0.2202,1.0,0.6118,synthetic
4.93,3.2,60.0,66.7,177.9,4.0,0.0,73.0,1.0,,,,1.35,0.0908,0.2006,10.0,0.5154,synthetic
4.72,4.8,83.0,86.9,27.1,3.47,3.0,36.0,0.0,,,,20.25,0.0779,0.1392,1.0,0.3372,synthetic
9.49,5.0,65.0,89.6,278.8,4.89,2.0,63.0,0.0,,,,21.24,0.117,0.1644,3.0,0.5665,synthetic
8.85,3.7,60.0,83.1,166.6,1.22,1.0,51.0,0.0,,,,23.95,0.05,0.2674,2.0,0.6187,synthetic
8.91,6.3,60.0,78.4,356.7,1.67,5.0,62.0,1.0,,,,22.7,0.0881,0.0847,8.0,0.5491,synthetic
9.26,7.1,73.0,25.1,109.6,4.11,2.0,53.0,0.0,,,,0.76,0.1422,0.1519,10.0,0.6349,synthetic
6.69,6.4,60.0,87.0,369.4,0.31,1.0,54.0,1.0,,,,2.74,0.2217,0.175,1.0,0.6039,synthetic
5.93,3.9,87.0,83.5,56.4,3.17,3.0,53.0,0.0,,,,0.62,0.2325,0.2253,5.0,0.5651,synthetic
5.15,6.0,52.0,48.1,242.8,2.68,7.0,62.0,1.0,,,,22.92,0.0651,0.1486,1.0,0.3138,synthetic
7.01,4.7,56.0,36.2,123.1,0.84,5.0,60.0,0.0,,,,23.8,0.1029,0.2019,3.0,0.4497,synthetic
5.6,2.0,67.0,9.8,72.7,0.83,3.0,25.0,1.0,,,,2.39,0.193,0.2178,2.0,0.715,synthetic
9.18,5.8,58.0,53.2,37.6,4.05,6.0,65.0,1.0,,,,0.71,0.1447,0.0564,7.0,0.6715,synthetic
4.52,4.8,81.0,63.0,262.3,0.08,0.0,48.0,0.0,,,,1.62,0.1938,0.2668,3.0,0.5393,synthetic
5.22,9.7,87.0,36.4,93.3,3.73,2.0,36.0,0.0,,,,22.11,0.1095,0.1959,3.0,0.2239,synthetic
5.73,7.4,74.0,36.5,229.1,3.66,4.0,47.0,1.0,,,,1.21,0.2204,0.1782,2.0,0.4913,synthetic
5.49,5.9,84.0,51.6,391.8,3.25,3.0,73.0,1.0,,,,20.98,0.0645,0.1838,2.0,0.3243,synthetic
5.63,5.0,82.0,2.5,126.4,2.05,5.0,66.0,1.0,,,,1.25,0.1743,0.1,3.0,0.5237,synthetic
7.78,4.8,56.0,86.2,14.0,0.14,5.0,65.0,1.0,,,,2.17,0.1923,0.1315,1.0,0.7172,synthetic
6.14,2.5,53.0,26.1,57.1,4.01,3.0,44.0,1.0,,,,2.3,0.1953,0.0392,4.0,0.5858,synthetic
7.58,1.0,75.0,12.7,47.7,0.63,7.0,62.0,1.0,,,,20.82,0.1208,0.144,2.0,0.5925,synthetic
8.95,2.8,89.0,0.5,185.3,1.4,7.0,39.0,0.0,,,,1.81,0.1567,0.0983,4.0,0.8408,synthetic
7.51,4.4,83.0,77.1,297.9,4.73,3.0,57.0,1.0,,,,20.77,0.05,0.1547,3.0,0.4901,synthetic
7.97,1.0,75.0,77.7,118.6,1.51,7.0,54.0,0.0,,,,23.35,0.1391,0.1626,3.0,0.5818,synthetic
6.33,3.4,54.0,8.6,58.3,1.28,5.0,32.0,0.0,,,,0.78,0.1941,0.1809,4.0,0.6396,synthetic
5.3,4.0,81.0,13.7,256.3,4.87,1.0,33.0,0.0,,,,23.39,0.0785,0.0643,3.0,0.3801,synthetic
6.1,4.1,77.0,40.3,120.5,0.43,0.0,21.0,0.0,,,,22.38,0.0825,0.3138,3.0,0.4645,synthetic
9.32,3.2,87.0,16.7,230.1,0.8,0.0,25.0,0.0,,,,0.79,0.2056,0.1534,2.0,0.851,synthetic
7.61,3.8,78.0,66.2,373.5,2.19,1.0,42.0,1.0,,,,0.63,0.1979,0.1548,3.0,0.6712,synthetic
5.89,7.9,54.0,5.2,116.5,3.94,2.0,45.0,0.0,,,,0.08,0.1868,0.1311,1.0,0.4721,synthetic
6.75,5.8,74.0,49.5,205.0,4.42,0.0,27.0,0.0,,,,23.7,0.05,0.0989,3.0,0.3428,synthetic
8.68,3.4,66.0,34.5,322.7,3.78,4.0,41.0,0.0,,,,0.94,0.155,0.1573,4.0,0.7782,synthetic
7.84,4.4,67.0,41.8,276.7,4.88,3.0,52.0,1.0,,,,22.82,0.05,0.1056,4.0,0.4836,synthetic
7.3,4.4,75.0,38.2,300.6,0.08,4.0,31.0,1.0,,,,20.48,0.104,0.2652,1.0,0.5604,synthetic
8.93,3.0,86.0,13.8,309.0,3.1,4.0,37.0,1.0,,,,23.76,0.0879,0.0479,4.0,0.578,synthetic
7.86,3.0,80.0,19.8,216.0,0.58,2.0,38.0,0.0,,,,1.06,0.1724,0.1898,4.0,0.8147,synthetic
7.71,6.5,51.0,5.8,214.4,4.55,4.0,46.0,1.0,,,,22.09,0.05,0.0573,6.0,0.3873,synthetic
5.45,3.7,56.0,10.4,287.6,4.68,7.0,38.0,1.0,,,,20.99,0.0635,0.1198,3.0,0.3577,synthetic
5.03,2.3,65.0,88.0,279.1,1.52,2.0,60.0,0.0,,,,2.38,0.164,0.2385,1.0,0.6127,synthetic
9.33,4.4,77.0,25.2,268.0,4.14,2.0,36.0,1.0,,,,2.05,0.1408,0.0517,3.0,0.7558,synthetic
7.49,4.7,75.0,27.6,152.9,3.15,4.0,42.0,0.0,,,,0.33,0.1891,0.127,2.0,0.6911,synthetic
6.58,1.0,70.0,11.4,331.4,0.5,6.0,39.0,1.0,,,,1.51,0.2298,0.1943,1.0,0.8026,synthetic
7.45,4.4,67.0,68.0,94.5,3.01,4.0,28.0,1.0,,,,2.78,0.1961,0.272,3.0,0.7021,synthetic
4.81,6.2,82.0,83.2,62.3,4.88,6.0,57.0,0.0,,,,23.98,0.0863,0.2675,8.0,0.3059,synthetic
8.61,5.4,54.0,71.1,138.1,1.54,0.0,31.0,1.0,,,,21.71,0.117,0.1681,2.0,0.5275,synthetic
5.58,9.0,74.0,55.1,101.5,0.01,0.0,34.0,0.0,,,,0.47,0.2353,0.2064,2.0,0.4962,synthetic
8.52,7.0,82.0,73.2,265.3,4.88,3.0,63.0,0.0,,,,2.4,0.1203,0.127,3.0,0.5843,synthetic
7.17,7.4,61.0,36.4,92.4,2.07,1.0,72.0,1.0,,,,0.83,0.2033,0.1378,5.0,0.6069,synthetic
5.88,10.0,58.0,77.4,262.6,2.15,0.0,56.0,1.0,,,,20.18,0.0654,0.2204,5.0,0.2685,synthetic
4.65,6.0,77.0,71.9,205.3,3.56,1.0,70.0,1.0,,,,2.42,0.1515,0.169,4.0,0.341,synthetic
8.58,4.8,57.0,0.2,61.0,3.02,2.0,66.0,1.0,,,,1.28,0.1719,0.116,5.0,0.7007,synthetic
5.38,6.4,70.0,43.9,103.4,1.51,7.0,45.0,0.0,,,,22.81,0.1554,0.1362,0.0,0.3804,synthetic
4.76,3.4,87.0,23.8,208.7,0.5,6.0,61.0,1.0,,,,2.91,0.1955,0.2407,1.0,0.577,synthetic
8.28,4.7,52.0,7.8,293.2,4.14,2.0,36.0,1.0,,,,1.05,0.2137,0.1306,3.0,0.6865,synthetic
6.25,3.2,86.0,76.2,159.3,2.42,7.0,44.0,1.0,,,,1.78,0.1872,0.2294,7.0,0.6348,synthetic
6.45,5.3,58.0,0.7,93.1,3.36,6.0,48.0,1.0,,,,2.6,0.1597,0.2002,2.0,0.5764,synthetic
5.74,3.2,69.0,65.7,118.0,4.3,2.0,72.0,1.0,,,,20.28,0.05,0.1201,6.0,0.3516,synthetic
8.8,3.1,55.0,88.9,38.0,0.09,3.0,66.0,1.0,,,,1.42,0.228,0.1885,1.0,0.8389,synthetic
5.99,5.3,78.0,43.4,10.1,4.3,7.0,45.0,0.0,,,,22.7,0.0664,0.2039,5.0,0.3577,synthetic
5.55,4.2,90.0,33.4,389.3,3.76,3.0,55.0,0.0,,,,2.08,0.179,0.0778,8.0,0.5461,synthetic
6.05,1.0,62.0,54.5,38.6,4.73,2.0,29.0,0.0,,,,2.15,0.1077,0.1554,7.0,0.6286,synthetic
5.52,1.6,87.0,72.4,50.0,1.17,7.0,63.0,1.0,,,,1.8,0.1875,0.1402,1.0,0.6599,synthetic
6.09,2.2,79.0,21.6,348.4,1.61,5.0,49.0,1.0,,,,1.45,0.1524,0.1039,1.0,0.6444,synthetic
4.91,2.7,89.0,22.6,265.4,3.31,3.0,48.0,0.0,,,,1.56,0.145,0.1339,3.0,0.5946,synthetic
5.29,5.3,77.0,54.6,174.4,4.63,6.0,61.0,1.0,,,,22.08,0.051,0.1067,4.0,0.2516,synthetic
6.59,4.9,77.0,84.6,259.6,4.96,5.0,54.0,1.0,,,,22.85,0.05,0.0684,3.0,0.4163,synthetic
8.9,6.6,88.0,26.9,374.0,2.08,2.0,22.0,0.0,,,,20.81,0.05,0.1416,7.0,0.5316,synthetic
4.79,6.0,79.0,33.9,39.8,2.7,3.0,34.0,0.0,,,,1.81,0.2214,0.1287,2.0,0.4783,synthetic
5.56,6.6,84.0,89.4,97.5,0.85,0.0,28.0,1.0,,,,0.52,0.22,0.2643,1.0,0.5819,synthetic
9.04,5.7,61.0,15.9,344.1,3.47,0.0,59.0,0.0,,,,0.29,0.112,0.0475,2.0,0.6622,synthetic
8.95,4.9,57.0,6.9,312.3,4.19,7.0,20.0,1.0,,,,21.72,0.0923,0.1932,10.0,0.525,synthetic
7.9,6.7,76.0,53.1,397.7,3.99,0.0,29.0,1.0,,,,0.31,0.1012,0.2116,4.0,0.6435,synthetic
5.7,6.3,60.0,2.2,125.6,1.73,6.0,52.0,1.0,,,,23.18,0.1049,0.1701,3.0,0.4043,synthetic
6.6,5.3,67.0,16.2,378.0,4.82,1.0,57.0,0.0,,,,2.97,0.1931,0.0492,3.0,0.5538,synthetic
5.56,7.0,84.0,56.0,137.5,0.6,4.0,46.0,1.0,,,,2.04,0.2365,0.2358,0.0,0.4886,synthetic
5.14,1.0,75.0,59.4,286.0,2.47,5.0,67.0,0.0,,,,23.68,0.1159,0.1726,3.0,0.4101,synthetic
6.4,3.9,88.0,45.9,353.1,2.77,7.0,70.0,0.0,,,,1.66,0.2042,0.0711,4.0,0.5792,synthetic
7.38,3.9,64.0,34.5,68.3,2.68,2.0,25.0,0.0,,,,21.15,0.1073,0.2709,3.0,0.5684,synthetic
6.3,6.8,61.0,51.9,82.3,3.79,7.0,72.0,0.0,,,,20.71,0.069,0.0461,3.0,0.3214,synthetic
7.55,7.6,59.0,57.9,232.4,3.05,3.0,53.0,0.0,,,,0.41,0.2036,0.2153,2.0,0.5722,synthetic
5.98,1.6,89.0,72.3,337.5,0.39,6.0,54.0,1.0,,,,1.09,0.1544,0.1768,3.0,0.7241,synthetic
6.23,7.3,67.0,71.3,31.6,0.9,0.0,23.0,0.0,,,,20.37,0.1348,0.2618,2.0,0.4223,synthetic
8.45,2.2,87.0,59.8,340.4,2.66,2.0,53.0,1.0,,,,21.41,0.0895,0.1161,5.0,0.5986,synthetic
8.89,2.2,64.0,80.5,137.2,3.47,4.0,59.0,0.0,,,,23.76,0.0579,0.1225,6.0,0.6311,synthetic
6.11,4.0,62.0,75.4,162.5,2.57,5.0,51.0,0.0,,,,20.44,0.082,0.2119,9.0,0.4065,synthetic
7.36,3.9,81.0,12.0,135.9,1.78,6.0,22.0,1.0,,,,22.97,0.107,0.1047,2.0,0.5139,synthetic
5.89,1.4,75.0,86.1,364.6,0.26,2.0,47.0,1.0,,,,23.37,0.0799,0.1688,0.0,0.5364,synthetic
4.77,5.8,71.0,80.3,52.3,3.93,4.0,71.0,1.0,,,,2.45,0.151,0.1313,3.0,0.4041,synthetic
8.19,5.9,68.0,28.9,229.7,2.49,4.0,59.0,1.0,,,,22.21,0.05,0.0816,7.0,0.5063,synthetic
5.36,6.6,69.0,1.8,59.2,2.69,7.0,25.0,0.0,,,,21.18,0.1449,0.0793,6.0,0.2464,synthetic
6.63,3.6,83.0,54.4,371.4,2.34,0.0,72.0,0.0,,,,20.05,0.0789,0.2292,3.0,0.5044,synthetic
6.94,4.4,56.0,39.5,319.2,1.33,0.0,72.0,1.0,,,,20.85,0.1464,0.1512,1.0,0.4992,synthetic
5.42,4.4,52.0,67.5,93.5,1.38,4.0,27.0,1.0,,,,1.26,0.1859,0.1531,5.0,0.5444,synthetic
4.97,7.9,50.0,47.2,119.1,0.32,0.0,63.0,0.0,,,,23.11,0.1214,0.1994,2.0,0.2593,synthetic
6.24,1.0,70.0,6.9,152.6,3.54,1.0,41.0,0.0,,,,21.39,0.1257,0.1153,6.0,0.4749,synthetic
9.26,2.6,83.0,22.0,162.2,1.36,4.0,51.0,1.0,,,,2.53,0.1666,0.1748,4.0,0.7948,synthetic
7.58,4.5,77.0,79.4,326.9,1.49,2.0,43.0,1.0,,,,1.51,0.175,0.1138,5.0,0.6539,synthetic
6.41,2.3,90.0,3.4,225.8,4.97,2.0,62.0,0.0,,,,20.8,0.09,0.1106,3.0,0.3888,synthetic
4.69,4.0,74.0,66.3,171.2,1.93,2.0,74.0,0.0,,,,21.88,0.0646,0.1323,4.0,0.2725,synthetic
7.5,4.2,70.0,26.3,287.8,2.55,5.0,63.0,1.0,,,,1.95,0.115,0.123,5.0,0.5831,synthetic
4.96,3.2,73.0,40.7,183.1,1.93,2.0,71.0,0.0,,,,0.85,0.1444,0.0836,1.0,0.5864,synthetic
7.21,4.6,85.0,47.8,51.3,1.45,6.0,71.0,0.0,,,,2.62,0.1363,0.1425,4.0,0.5819,synthetic
8.26,5.8,51.0,22.5,43.0,0.03,1.0,23.0,0.0,,,,20.53,0.1288,0.1958,2.0,0.5767,synthetic
6.62,4.0,69.0,58.7,130.4,4.27,0.0,32.0,1.0,,,,1.43,0.1658,0.174,2.0,0.6607,synthetic
6.0,3.6,66.0,62.4,241.1,2.37,1.0,59.0,0.0,,,,20.53,0.1167,0.1218,5.0,0.4651,synthetic
4.74,4.2,88.0,7.7,53.9,3.6,7.0,51.0,0.0,,,,22.36,0.0768,0.1359,6.0,0.2993,synthetic
4.62,4.5,57.0,33.7,220.1,4.79,2.0,20.0,0.0,,,,1.25,0.1186,0.2076,2.0,0.4748,synthetic
6.65,1.0,51.0,67.0,107.8,0.01,0.0,23.0,1.0,,,,0.98,0.2244,0.2237,4.0,0.7689,synthetic
8.92,5.4,75.0,64.9,278.2,3.38,2.0,47.0,0.0,,,,20.01,0.1437,0.0968,2.0,0.6473,synthetic
5.72,3.6,75.0,49.0,11.3,0.59,5.0,53.0,0.0,,,,21.41,0.1173,0.2463,1.0,0.4943,synthetic
7.37,7.0,63.0,70.0,187.6,2.29,2.0,27.0,0.0,,,,1.45,0.1889,0.2254,4.0,0.6261,synthetic
7.92,5.7,72.0,9.7,20.9,4.23,3.0,27.0,1.0,,,,20.88,0.0632,0.1404,5.0,0.5407,synthetic
4.8,6.8,74.0,10.6,132.2,0.36,0.0,25.0,1.0,,,,22.28,0.1701,0.2413,2.0,0.3307,synthetic
5.27,2.5,64.0,59.2,6.2,4.95,5.0,50.0,1.0,,,,21.29,0.107,0.0767,3.0,0.4292,synthetic
6.16,3.8,67.0,62.4,187.6,2.9,1.0,18.0,0.0,,,,20.78,0.0801,0.1399,2.0,0.4699,synthetic
7.85,2.0,56.0,73.3,306.8,1.97,0.0,50.0,1.0,,,,1.86,0.1688,0.1601,2.0,0.7975,synthetic
6.7,3.1,81.0,16.3,40.1,0.1,5.0,45.0,0.0,,,,20.43,0.1353,0.2067,1.0,0.5398,synthetic
8.17,7.0,66.0,46.5,294.1,2.93,7.0,44.0,1.0,,,,23.75,0.0548,0.1213,2.0,0.4281,synthetic
8.84,7.5,76.0,59.5,233.7,2.47,4.0,56.0,0.0,,,,0.85,0.1999,0.1805,5.0,0.6623,synthetic
8.29,2.2,67.0,20.1,201.8,1.08,7.0,47.0,1.0,,,,20.4,0.1557,0.1546,5.0,0.6721,synthetic
9.46,3.6,56.0,46.5,239.8,2.45,3.0,59.0,1.0,,,,0.43,0.1708,0.1079,5.0,0.8407,synthetic
8.27,4.3,78.0,57.5,134.4,0.06,4.0,61.0,0.0,,,,22.34,0.098,0.1221,2.0,0.6028,synthetic
8.76,5.7,67.0,19.3,284.1,5.0,2.0,70.0,1.0,,,,1.83,0.097,0.0649,2.0,0.655,synthetic
8.66,1.0,57.0,33.8,311.9,1.66,4.0,63.0,0.0,,,,1.58,0.2133,0.02,1.0,0.8574,synthetic
8.15,1.3,87.0,19.5,311.3,2.4,7.0,47.0,0.0,,,,1.56,0.1549,0.141,5.0,0.8121,synthetic
8.51,5.5,86.0,81.3,107.8,3.92,5.0,46.0,0.0,,,,22.79,0.05,0.1135,2.0,0.5172,synthetic
9.17,1.0,79.0,21.3,261.6,3.56,0.0,31.0,1.0,,,,1.76,0.1488,0.1329,4.0,0.8468,synthetic
6.88,3.6,73.0,10.9,59.2,4.44,4.0,52.0,0.0,,,,0.41,0.1817,0.0788,3.0,0.5954,synthetic
7.69,4.8,75.0,3.2,198.2,4.71,3.0,25.0,1.0,,,,22.65,0.1092,0.1141,2.0,0.4808,synthetic
7.07,5.3,64.0,4.0,1.1,0.95,4.0,71.0,1.0,,,,20.56,0.0606,0.1322,2.0,0.4582,synthetic
8.76,4.2,61.0,17.2,77.4,1.95,4.0,66.0,1.0,,,,20.47,0.0535,0.1222,3.0,0.61,synthetic
6.66,3.8,74.0,54.7,252.7,3.43,4.0,24.0,1.0,,,,21.76,0.0564,0.2464,3.0,0.5089,synthetic
8.6,6.2,80.0,1.6,349.7,0.23,6.0,62.0,0.0,,,,22.1,0.1169,0.0975,1.0,0.5477,synthetic
8.5,5.1,70.0,25.8,19.6,3.58,6.0,24.0,1.0,,,,2.49,0.1439,0.2106,3.0,0.7699,synthetic
9.31,3.2,86.0,5.2,223.4,0.02,7.0,59.0,0.0,,,,3.0,0.1937,0.1182,1.0,0.8719,synthetic
5.74,4.6,66.0,36.3,254.7,4.57,4.0,22.0,1.0,,,,21.01,0.1557,0.1456,3.0,0.4156,synthetic
8.05,5.3,65.0,4.4,373.0,3.59,2.0,45.0,0.0,,,,2.6,0.1804,0.0702,3.0,0.6601,synthetic
8.28,7.9,67.0,54.7,262.1,2.83,1.0,55.0,1.0,,,,0.95,0.1874,0.1386,1.0,0.6192,synthetic
9.18,6.1,78.0,62.0,41.2,2.14,6.0,59.0,1.0,,,,23.49,0.05,0.1868,10.0,0.5171,synthetic
9.03,6.9,51.0,65.8,58.7,4.94,7.0,41.0,1.0,,,,2.68,0.1796,0.1176,4.0,0.7036,synthetic
7.37,3.3,64.0,20.2,254.3,3.68,0.0,70.0,0.0,,,,1.0,0.1814,0.0249,5.0,0.6334,synthetic
7.4,3.5,80.0,78.2,86.2,4.04,1.0,62.0,1.0,,,,0.16,0.2011,0.1312,2.0,0.6534,synthetic
5.34,4.0,72.0,62.1,371.3,4.13,5.0,29.0,0.0,,,,21.47,0.05,0.2389,1.0,0.3954,synthetic
9.37,4.2,62.0,5.1,368.3,0.11,1.0,56.0,0.0,,,,21.71,0.1457,0.181,3.0,0.6604,synthetic
5.78,2.5,76.0,39.7,379.5,0.27,0.0,59.0,0.0,,,,2.38,0.2233,0.1805,5.0,0.6795,synthetic
8.12,7.0,86.0,69.1,117.2,0.99,7.0,37.0,1.0,,,,21.51,0.1341,0.2571,1.0,0.5898,synthetic
8.48,6.3,70.0,28.0,286.8,3.28,0.0,60.0,1.0,,,,20.23,0.05,0.1513,3.0,0.5201,synthetic
6.71,3.9,80.0,34.3,265.2,3.12,1.0,69.0,1.0,,,,21.86,0.0877,0.1092,4.0,0.4435,synthetic
5.56,5.8,58.0,56.7,14.2,1.63,7.0,64.0,0.0,,,,23.36,0.05,0.1863,10.0,0.3177,synthetic
5.44,4.9,69.0,5.0,106.2,4.86,0.0,61.0,0.0,,,,22.67,0.05,0.1254,4.0,0.2926,synthetic
8.78,5.9,62.0,87.0,82.7,0.47,6.0,54.0,1.0,,,,2.55,0.2407,0.1511,2.0,0.7245,synthetic
7.05,1.8,90.0,15.7,148.3,3.88,4.0,33.0,0.0,,,,22.93,0.05,0.161,7.0,0.4945,synthetic
4.95,4.2,59.0,2.4,381.2,2.4,4.0,63.0,0.0,,,,2.22,0.2123,0.03,4.0,0.4912,synthetic
8.09,4.4,88.0,0.5,338.2,2.09,6.0,38.0,1.0,,,,0.16,0.1679,0.02,5.0,0.7143,synthetic
5.75,5.7,66.0,36.0,117.4,0.13,0.0,48.0,0.0,,,,23.67,0.05,0.1213,0.0,0.359,synthetic
8.88,3.2,70.0,79.6,212.0,3.64,0.0,35.0,1.0,,,,21.12,0.069,0.2054,3.0,0.6124,synthetic
6.05,1.0,71.0,73.8,76.9,3.86,1.0,35.0,1.0,,,,21.9,0.0969,0.1774,4.0,0.4736,synthetic
5.5,2.3,60.0,82.1,111.0,1.59,3.0,26.0,1.0,,,,2.07,0.1603,0.2696,1.0,0.6794,synthetic
4.92,4.4,60.0,48.0,26.0,2.58,7.0,72.0,1.0,,,,1.46,0.0942,0.1733,5.0,0.4525,synthetic
7.06,4.6,65.0,40.4,257.0,3.03,0.0,26.0,1.0,,,,23.13,0.0526,0.1365,9.0,0.4141,synthetic
6.75,7.9,80.0,34.7,262.8,1.84,3.0,22.0,1.0,,,,2.36,0.1515,0.1577,6.0,0.5065,synthetic
8.26,5.7,78.0,4.2,335.4,3.08,3.0,71.0,0.0,,,,1.73,0.1608,0.02,4.0,0.6581,synthetic
6.82,4.7,90.0,81.9,348.6,2.17,1.0,49.0,0.0,,,,20.78,0.1337,0.1479,3.0,0.5072,synthetic
6.22,4.4,54.0,44.7,64.0,4.39,2.0,42.0,0.0,,,,0.24,0.1468,0.1528,4.0,0.5883,synthetic
5.81,6.7,80.0,41.0,297.2,3.59,1.0,60.0,1.0,,,,1.59,0.1349,0.1173,5.0,0.512,synthetic
5.89,3.3,58.0,46.4,53.9,0.55,1.0,39.0,1.0,,,,1.66,0.2595,0.2249,1.0,0.708,synthetic
9.14,4.2,70.0,71.5,149.5,4.0,4.0,25.0,0.0,,,,20.64,0.05,0.2048,2.0,0.5662,synthetic
5.33,2.3,58.0,20.2,206.2,1.69,7.0,59.0,1.0,,,,21.57,0.0996,0.1429,1.0,0.4842,synthetic
9.44,7.3,87.0,63.9,19.8,4.68,3.0,28.0,0.0,,,,22.89,0.0788,0.1074,5.0,0.4871,synthetic
6.13,5.3,70.0,64.0,62.7,3.02,5.0,49.0,1.0,,,,21.76,0.0708,0.1823,4.0,0.3525,synthetic
4.94,3.1,69.0,76.5,108.4,0.14,5.0,72.0,1.0,,,,20.76,0.0817,0.2333,2.0,0.4017,synthetic
5.74,4.3,62.0,0.8,51.0,3.67,6.0,71.0,1.0,,,,0.4,0.1219,0.0859,3.0,0.5464,synthetic
4.79,5.5,68.0,15.3,373.6,0.65,6.0,38.0,0.0,,,,23.55,0.1439,0.1149,3.0,0.3647,synthetic
8.45,4.0,54.0,42.4,115.3,4.39,7.0,62.0,0.0,,,,21.08,0.05,0.1013,3.0,0.486,synthetic
7.06,3.4,77.0,76.5,200.5,4.74,6.0,52.0,1.0,,,,0.1,0.1641,0.0834,3.0,0.6702,synthetic
6.18,3.2,73.0,86.9,398.6,3.48,7.0,45.0,1.0,,,,20.43,0.123,0.1853,4.0,0.5215,synthetic
7.81,5.2,54.0,53.5,226.7,2.66,7.0,25.0,1.0,,,,22.68,0.0649,0.2859,2.0,0.5748,synthetic
7.65,3.8,54.0,19.1,164.6,3.01,5.0,39.0,0.0,,,,1.55,0.1723,0.1815,2.0,0.6107,synthetic
9.2,3.6,62.0,16.6,371.9,2.14,3.0,55.0,0.0,,,,2.23,0.165,0.1319,3.0,0.8723,synthetic
9.31,1.8,69.0,57.5,89.0,0.42,2.0,74.0,0.0,,,,21.72,0.0765,0.1496,2.0,0.7282,synthetic
7.9,4.7,59.0,18.9,71.8,4.64,4.0,18.0,1.0,,,,2.02,0.073,0.1671,4.0,0.5863,synthetic
8.59,4.1,55.0,49.8,214.1,1.65,6.0,58.0,0.0,,,,2.24,0.2265,0.1428,1.0,0.7644,synthetic
8.46,3.9,54.0,75.1,170.9,1.56,6.0,66.0,0.0,,,,0.25,0.1758,0.186,4.0,0.7778,synthetic
6.96,4.9,62.0,35.1,318.8,0.96,4.0,72.0,0.0,,,,2.88,0.2572,0.2035,4.0,0.6298,synthetic
8.02,6.0,75.0,34.1,16.8,4.96,0.0,42.0,1.0,,,,21.72,0.05,0.1114,3.0,0.4455,synthetic
4.89,5.9,77.0,3.3,247.1,4.71,2.0,24.0,1.0,,,,20.48,0.059,0.0732,2.0,0.2903,synthetic
8.29,5.6,61.0,22.9,284.3,1.75,4.0,33.0,1.0,,,,1.9,0.1858,0.0952,4.0,0.7092,synthetic
9.31,4.0,68.0,62.8,388.8,1.3,3.0,66.0,0.0,,,,23.44,0.05,0.1301,3.0,0.5832,synthetic
4.92,3.4,75.0,32.4,58.3,4.03,3.0,68.0,0.0,,,,22.43,0.05,0.1405,3.0,0.3175,synthetic
8.68,2.4,64.0,14.2,98.5,2.11,2.0,54.0,0.0,,,,20.39,0.0858,0.1386,3.0,0.6823,synthetic
9.16,3.3,89.0,9.5,373.0,4.84,0.0,24.0,0.0,,,,20.45,0.0674,0.0853,6.0,0.5822,synthetic
5.63,4.5,78.0,8.6,252.3,4.51,3.0,24.0,1.0,,,,20.64,0.0535,0.1486,7.0,0.3108,synthetic
7.12,2.9,73.0,59.3,15.2,3.8,3.0,45.0,1.0,,,,21.29,0.05,0.1503,2.0,0.5034,synthetic
9.14,4.7,70.0,55.1,30.9,0.45,6.0,51.0,1.0,,,,2.79,0.2112,0.1693,3.0,0.7699,synthetic
9.3,2.6,70.0,46.7,314.2,3.51,0.0,19.0,0.0,,,,21.97,0.0753,0.1897,4.0,0.6396,synthetic
5.14,1.2,62.0,45.0,227.0,4.94,3.0,57.0,0.0,,,,1.72,0.1356,0.0809,3.0,0.5315,synthetic
6.25,6.1,53.0,13.8,226.2,1.87,6.0,49.0,1.0,,,,20.14,0.0743,0.1629,2.0,0.4208,synthetic
7.99,3.6,84.0,45.1,351.9,4.41,2.0,18.0,0.0,,,,22.25,0.0815,0.1233,5.0,0.5498,synthetic
5.61,2.8,86.0,5.4,96.4,2.04,2.0,23.0,0.0,,,,2.34,0.2306,0.1473,1.0,0.6088,synthetic
6.12,2.3,89.0,83.3,64.2,4.86,0.0,43.0,0.0,,,,21.3,0.103,0.1808,3.0,0.4446,synthetic
4.62,5.3,66.0,5.2,245.5,3.27,4.0,59.0,0.0,,,,21.99,0.1139,0.1104,4.0,0.2802,synthetic
5.27,7.2,88.0,38.1,353.0,0.48,6.0,65.0,1.0,,,,1.79,0.2554,0.2404,1.0,0.4656,synthetic
7.31,3.7,78.0,0.1,106.1,2.4,3.0,42.0,1.0,,,,20.85,0.1308,0.1816,2.0,0.5738,synthetic
7.77,4.1,67.0,70.8,272.5,0.25,3.0,34.0,0.0,,,,20.37,0.1005,0.2091,1.0,0.577,synthetic
7.74,6.6,87.0,15.0,61.0,1.98,5.0,73.0,1.0,,,,2.76,0.1709,0.123,2.0,0.5909,synthetic
8.39,1.0,89.0,83.2,68.8,4.58,3.0,44.0,0.0,,,,22.83,0.0598,0.1361,3.0,0.602,synthetic
6.58,8.4,71.0,4.0,360.6,1.16,3.0,35.0,0.0,,,,0.61,0.2102,0.1358,3.0,0.5642,synthetic
5.87,9.4,81.0,73.9,47.2,4.75,6.0,43.0,0.0,,,,20.89,0.088,0.1336,8.0,0.217,synthetic
4.58,1.0,81.0,59.1,9.7,0.5,2.0,18.0,1.0,,,,21.54,0.1037,0.2912,6.0,0.5087,synthetic
5.53,4.3,74.0,22.5,310.0,3.32,6.0,35.0,1.0,,,,23.22,0.078,0.1726,2.0,0.3904,synthetic
6.06,3.1,67.0,18.2,145.0,4.83,2.0,47.0,1.0,,,,0.73,0.1888,0.0464,8.0,0.6075,synthetic
5.39,4.0,55.0,32.2,158.7,3.27,4.0,70.0,0.0,,,,22.05,0.0505,0.1309,4.0,0.3282,synthetic
4.6,3.7,90.0,74.6,319.9,4.5,2.0,60.0,0.0,,,,2.19,0.1856,0.1847,3.0,0.4687,synthetic
5.29,6.1,53.0,77.6,72.0,4.96,5.0,62.0,1.0,,,,1.47,0.0985,0.1711,4.0,0.4235,synthetic
7.83,4.3,55.0,15.8,260.1,3.21,3.0,49.0,0.0,,,,23.86,0.05,0.1316,3.0,0.4845,synthetic
7.65,2.7,65.0,31.8,125.4,3.91,1.0,24.0,0.0,,,,23.21,0.1238,0.1406,7.0,0.4624,synthetic
9.18,4.2,66.0,21.4,41.7,0.16,5.0,40.0,1.0,,,,0.34,0.2534,0.1682,2.0,0.875,synthetic
8.49,5.5,61.0,11.0,275.0,2.14,7.0,74.0,1.0,,,,1.12,0.2014,0.1178,3.0,0.6905,synthetic
7.34,2.1,53.0,58.2,127.5,1.44,0.0,20.0,0.0,,,,20.94,0.05,0.2314,2.0,0.5763,synthetic
5.19,1.2,86.0,31.1,346.6,4.12,4.0,68.0,0.0,,,,1.97,0.0894,0.0747,2.0,0.578,synthetic
7.32,8.5,71.0,20.3,367.6,3.39,5.0,57.0,1.0,,,,23.43,0.0891,0.1293,6.0,0.3447,synthetic
4.81,3.2,89.0,77.9,339.6,3.07,5.0,34.0,0.0,,,,2.55,0.1308,0.2173,2.0,0.5854,synthetic
6.65,4.2,85.0,67.3,128.9,4.66,1.0,62.0,0.0,,,,2.69,0.1645,0.1406,4.0,0.5734,synthetic
6.45,3.7,70.0,69.6,94.6,0.44,0.0,65.0,0.0,,,,20.22,0.0986,0.2587,2.0,0.4885,synthetic
6.64,5.6,66.0,3.5,357.1,4.77,4.0,20.0,0.0,,,,22.69,0.05,0.1331,3.0,0.405,synthetic
5.9,8.0,60.0,82.4,181.2,0.5,5.0,24.0,1.0,,,,23.68,0.1258,0.2205,4.0,0.3212,synthetic
7.93,5.7,90.0,51.7,283.1,1.74,2.0,55.0,1.0,,,,23.78,0.0603,0.0796,1.0,0.5128,synthetic
8.7,1.5,74.0,45.3,330.9,3.15,2.0,74.0,1.0,,,,1.76,0.1009,0.0739,4.0,0.8152,synthetic
8.34,1.7,84.0,1.0,111.1,1.71,4.0,19.0,0.0,,,,20.99,0.1736,0.1314,4.0,0.6197,synthetic
7.64,3.7,89.0,80.8,47.6,3.41,3.0,55.0,0.0,,,,0.36,0.12,0.0804,3.0,0.6654,synthetic
7.19,4.0,59.0,49.0,249.9,3.88,3.0,25.0,1.0,,,,2.6,0.0839,0.0827,2.0,0.6303,synthetic
4.66,1.1,87.0,74.3,236.1,4.14,5.0,55.0,0.0,,,,2.98,0.2044,0.1653,4.0,0.5564,synthetic
8.11,6.1,82.0,59.0,108.1,0.9,7.0,53.0,1.0,,,,20.07,0.0743,0.2155,3.0,0.5741,synthetic
7.22,2.3,68.0,71.7,233.9,0.91,6.0,23.0,1.0,,,,2.81,0.2284,0.2064,2.0,0.7091,synthetic
5.85,7.5,88.0,62.4,316.1,0.26,0.0,56.0,0.0,,,,20.86,0.084,0.2358,1.0,0.3846,synthetic
6.14,8.1,74.0,82.9,140.0,2.45,2.0,69.0,1.0,,,,23.76,0.0587,0.1917,5.0,0.249,synthetic
9.18,4.0,66.0,20.3,96.9,0.69,0.0,67.0,1.0,,,,21.72,0.0721,0.2008,3.0,0.6742,synthetic
7.62,5.4,56.0,18.2,290.0,1.59,6.0,19.0,0.0,,,,0.24,0.2657,0.1955,10.0,0.6874,synthetic
6.88,2.0,79.0,64.1,314.3,4.2,5.0,32.0,1.0,,,,20.26,0.05,0.1338,4.0,0.5257,synthetic
7.6,5.7,81.0,45.1,381.7,4.74,1.0,31.0,0.0,,,,21.67,0.0814,0.1414,3.0,0.4819,synthetic
6.57,3.5,58.0,53.9,59.0,4.11,6.0,43.0,1.0,,,,22.1,0.052,0.1032,2.0,0.4173,synthetic
6.85,2.3,65.0,63.8,355.7,0.0,4.0,26.0,1.0,,,,2.41,0.1817,0.2291,2.0,0.8007,synthetic
5.95,3.9,52.0,49.3,306.0,2.84,0.0,66.0,0.0,,,,0.09,0.1469,0.2098,4.0,0.5402,synthetic
6.7,3.6,72.0,70.9,280.8,0.83,1.0,62.0,1.0,,,,0.96,0.1667,0.1943,4.0,0.6843,synthetic
7.93,3.8,74.0,28.7,125.2,1.88,6.0,64.0,0.0,,,,0.73,0.2703,0.024,4.0,0.7129,synthetic
4.7,6.4,84.0,77.3,8.9,2.14,2.0,29.0,1.0,,,,22.75,0.0714,0.2398,9.0,0.2649,synthetic
8.48,2.9,51.0,9.7,203.0,4.71,4.0,18.0,1.0,,,,20.1,0.1001,0.1383,4.0,0.6303,synthetic
5.91,8.0,55.0,57.1,114.3,3.17,7.0,69.0,1.0,,,,20.75,0.0561,0.1842,4.0,0.3062,synthetic
7.91,1.8,51.0,80.1,115.9,1.34,2.0,34.0,1.0,,,,23.21,0.1533,0.1234,5.0,0.6061,synthetic
7.71,7.7,88.0,22.7,370.9,3.21,0.0,55.0,0.0,,,,2.59,0.1264,0.134,9.0,0.5387,synthetic
7.76,2.5,71.0,29.4,61.2,4.76,0.0,69.0,1.0,,,,21.74,0.0642,0.0586,3.0,0.5175,synthetic
7.54,4.5,60.0,27.5,373.7,0.3,7.0,20.0,0.0,,,,0.89,0.203,0.231,3.0,0.7205,synthetic
9.3,3.5,51.0,50.8,201.5,4.08,4.0,18.0,1.0,,,,1.79,0.1167,0.1571,7.0,0.7828,synthetic
7.04,3.8,54.0,37.2,335.3,1.08,2.0,18.0,0.0,,,,2.35,0.1869,0.2756,1.0,0.7456,synthetic
8.16,6.1,79.0,9.7,113.4,0.77,0.0,26.0,1.0,,,,22.05,0.0744,0.1684,1.0,0.5591,synthetic
8.03,7.5,69.0,80.2,253.6,4.49,5.0,20.0,0.0,,,,2.52,0.1763,0.191,3.0,0.6063,synthetic
5.68,6.9,79.0,18.4,222.6,0.01,0.0,64.0,1.0,,,,0.26,0.1568,0.0768,2.0,0.4831,synthetic
5.92,3.7,61.0,48.1,369.7,3.71,0.0,52.0,0.0,,,,23.56,0.05,0.0431,6.0,0.3822,synthetic
6.62,4.9,68.0,53.5,71.7,0.44,4.0,73.0,1.0,,,,1.45,0.2136,0.2297,2.0,0.5791,synthetic
5.89,2.9,75.0,3.7,81.8,3.09,5.0,63.0,0.0,,,,21.67,0.0846,0.1278,6.0,0.3723,synthetic
6.33,2.5,58.0,8.6,379.6,3.1,4.0,72.0,0.0,,,,1.69,0.2077,0.1031,4.0,0.6336,synthetic
6.45,2.2,62.0,87.5,39.2,4.31,7.0,31.0,0.0,,,,0.55,0.1745,0.1716,5.0,0.6773,synthetic
7.52,3.6,56.0,59.8,253.9,4.11,2.0,34.0,0.0,,,,1.6,0.1714,0.0668,5.0,0.6638,synthetic
5.6,5.0,78.0,3.0,24.2,3.43,4.0,66.0,1.0,,,,1.99,0.1033,0.02,3.0,0.4877,synthetic
8.52,1.0,73.0,71.5,30.8,1.9,2.0,31.0,0.0,,,,0.32,0.2176,0.2062,4.0,0.867,synthetic
6.69,4.4,68.0,45.8,238.9,0.83,2.0,21.0,0.0,,,,20.26,0.0504,0.203,2.0,0.5234,synthetic
8.03,7.5,73.0,6.8,220.5,3.18,1.0,56.0,0.0,,,,22.08,0.05,0.1882,3.0,0.4404,synthetic
4.91,6.7,57.0,61.3,229.2,2.48,6.0,63.0,0.0,,,,2.15,0.1828,0.2283,2.0,0.4076,synthetic
6.85,3.3,83.0,44.9,189.5,0.39,5.0,73.0,1.0,,,,0.39,0.2201,0.1722,2.0,0.6981,synthetic
4.64,1.7,80.0,18.4,296.9,4.78,5.0,70.0,1.0,,,,2.23,0.1435,0.0497,3.0,0.5616,synthetic
7.88,5.4,57.0,79.0,396.9,1.57,1.0,24.0,0.0,,,,22.69,0.077,0.2138,1.0,0.5089,synthetic
6.22,1.0,85.0,26.2,110.3,0.01,0.0,62.0,1.0,,,,23.53,0.05,0.1849,3.0,0.5084,synthetic
9.25,6.7,66.0,25.6,129.4,4.51,6.0,66.0,1.0,,,,2.04,0.0853,0.1099,5.0,0.6315,synthetic
6.12,4.1,69.0,24.5,129.2,2.89,5.0,57.0,1.0,,,,1.33,0.1714,0.0999,3.0,0.6691,synthetic
7.32,8.2,71.0,69.1,305.3,3.67,0.0,64.0,1.0,,,,22.64,0.05,0.0585,5.0,0.29,synthetic
5.79,1.0,82.0,63.6,139.2,0.76,5.0,65.0,1.0,,,,20.16,0.0934,0.1772,8.0,0.4763,synthetic
7.6,6.3,57.0,81.3,270.7,2.02,7.0,43.0,0.0,,,,2.16,0.1592,0.1104,2.0,0.6271,synthetic
6.84,4.3,61.0,20.6,178.4,3.23,6.0,20.0,1.0,,,,1.5,0.1825,0.2403,5.0,0.595,synthetic
6.35,3.8,87.0,70.8,243.1,1.25,2.0,44.0,0.0,,,,23.14,0.1619,0.3162,2.0,0.453,synthetic
5.52,1.8,88.0,51.6,331.6,3.51,2.0,29.0,0.0,,,,23.82,0.05,0.1869,8.0,0.4258,synthetic
5.06,5.7,82.0,27.8,205.6,1.17,6.0,24.0,1.0,,,,21.43,0.0833,0.1229,0.0,0.4012,synthetic
5.1,5.9,57.0,3.2,190.1,1.05,3.0,25.0,0.0,,,,22.88,0.0842,0.1537,1.0,0.3334,synthetic
9.5,8.1,74.0,73.7,106.8,0.06,5.0,57.0,1.0,,,,21.14,0.0773,0.1539,0.0,0.651,synthetic
6.56,6.5,68.0,21.7,206.4,1.41,7.0,46.0,1.0,,,,21.47,0.0838,0.1341,1.0,0.3604,synthetic
4.51,3.3,53.0,56.9,105.0,1.23,3.0,48.0,1.0,,,,1.92,0.218,0.2349,2.0,0.5215,synthetic
9.26,2.5,53.0,49.4,337.4,3.82,4.0,60.0,0.0,,,,22.54,0.05,0.0929,5.0,0.6069,synthetic
4.6,1.8,84.0,0.4,155.5,2.85,3.0,49.0,0.0,,,,1.7,0.2123,0.1862,6.0,0.5595,synthetic
6.59,7.4,54.0,89.5,51.6,0.89,4.0,53.0,0.0,,,,23.32,0.1265,0.2312,4.0,0.3683,synthetic
8.09,2.9,61.0,73.3,96.0,2.84,0.0,22.0,1.0,,,,20.5,0.05,0.2078,2.0,0.5998,synthetic
9.07,7.5,56.0,43.8,213.8,1.13,7.0,66.0,0.0,,,,22.53,0.1153,0.0724,1.0,0.5349,synthetic
8.06,5.6,73.0,61.2,366.5,2.13,4.0,43.0,1.0,,,,21.11,0.0542,0.2168,4.0,0.5648,synthetic
6.82,5.2,80.0,42.9,120.2,4.44,1.0,26.0,0.0,,,,0.86,0.1671,0.0786,2.0,0.624,synthetic
9.37,3.9,61.0,67.0,105.8,3.6,4.0,64.0,0.0,,,,2.38,0.1163,0.1015,4.0,0.7479,synthetic
4.7,5.8,81.0,12.1,162.6,3.26,3.0,59.0,0.0,,,,1.34,0.2348,0.1054,5.0,0.4466,synthetic
9.43,4.5,57.0,40.2,387.1,1.41,6.0,21.0,0.0,,,,1.45,0.1931,0.1692,7.0,0.8309,synthetic
8.75,3.8,64.0,30.2,338.1,0.62,6.0,29.0,0.0,,,,2.03,0.2294,0.204,2.0,0.8725,synthetic
9.14,5.9,60.0,41.4,59.9,3.76,3.0,18.0,0.0,,,,1.44,0.1624,0.1234,3.0,0.744,synthetic
5.77,4.2,68.0,40.5,245.5,2.84,5.0,33.0,1.0,,,,23.98,0.0955,0.1296,3.0,0.3712,synthetic
5.21,2.9,89.0,12.9,316.7,3.11,0.0,23.0,1.0,,,,1.0,0.1645,0.1848,1.0,0.609,synthetic
7.82,5.7,79.0,87.9,307.2,4.88,7.0,58.0,1.0,,,,22.91,0.0574,0.0572,3.0,0.4624,synthetic
7.08,4.4,58.0,1.4,195.5,1.74,4.0,47.0,0.0,,,,20.5,0.097,0.1412,1.0,0.5096,synthetic
7.12,5.5,89.0,0.9,292.7,4.0,5.0,73.0,0.0,,,,0.94,0.1617,0.0423,7.0,0.5773,synthetic
9.12,3.6,77.0,33.6,233.4,2.79,5.0,60.0,1.0,,,,1.05,0.1538,0.0446,4.0,0.7951,synthetic
7.6,2.1,68.0,55.8,80.6,1.18,2.0,52.0,1.0,,,,21.57,0.1529,0.1381,3.0,0.6405,synthetic
6.06,8.0,87.0,16.2,22.4,0.26,5.0,47.0,1.0,,,,2.68,0.2087,0.208,3.0,0.4895,synthetic
6.5,7.6,81.0,48.0,147.8,3.08,3.0,21.0,0.0,,,,20.37,0.05,0.1623,5.0,0.297,synthetic
5.17,6.3,79.0,65.0,24.8,1.49,5.0,22.0,0.0,,,,1.15,0.1801,0.263,1.0,0.5201,synthetic
5.46,3.7,58.0,8.5,158.0,3.48,0.0,53.0,1.0,,,,2.78,0.1952,0.1495,4.0,0.548,synthetic
5.22,3.9,55.0,88.6,331.6,3.5,1.0,18.0,1.0,,,,22.16,0.1301,0.1943,3.0,0.3223,synthetic
8.55,7.3,85.0,30.3,337.7,2.28,7.0,20.0,1.0,,,,2.39,0.2014,0.1521,3.0,0.6481,synthetic
8.02,3.8,77.0,57.8,13.6,2.68,5.0,30.0,1.0,,,,1.79,0.1451,0.2158,3.0,0.7699,synthetic
7.15,3.2,83.0,10.0,27.8,3.13,1.0,68.0,0.0,,,,1.21,0.1599,0.0865,3.0,0.6662,synthetic
6.37,8.2,81.0,63.9,267.9,2.34,1.0,44.0,1.0,,,,2.68,0.0968,0.1697,3.0,0.4951,synthetic
7.84,4.4,86.0,75.6,200.0,4.39,4.0,58.0,1.0,,,,0.58,0.1033,0.167,2.0,0.6566,synthetic
8.56,8.0,65.0,9.5,59.7,0.38,0.0,41.0,1.0,,,,23.46,0.0886,0.1787,1.0,0.5494,synthetic
8.91,1.7,64.0,11.3,322.2,4.9,3.0,27.0,1.0,,,,0.73,0.2247,0.1907,4.0,0.8109,synthetic
7.24,5.5,59.0,25.3,86.6,0.17,2.0,39.0,0.0,,,,22.88,0.0662,0.1026,2.0,0.4869,synthetic
8.6,8.6,54.0,1.1,31.3,1.04,1.0,23.0,1.0,,,,22.27,0.1697,0.0863,4.0,0.4823,synthetic
7.06,4.6,69.0,88.7,299.8,3.54,2.0,61.0,0.0,,,,20.58,0.0956,0.0891,7.0,0.4255,synthetic
6.87,4.0,70.0,53.9,243.3,0.42,2.0,28.0,1.0,,,,22.65,0.05,0.2532,1.0,0.5743,synthetic
8.83,2.2,55.0,54.7,157.8,1.31,0.0,39.0,0.0,,,,1.62,0.2208,0.0593,3.0,0.8541,synthetic
6.43,6.7,74.0,86.3,277.1,0.77,5.0,73.0,1.0,,,,2.62,0.194,0.2632,2.0,0.5661,synthetic
6.48,3.0,65.0,74.9,364.6,3.62,2.0,51.0,1.0,,,,2.83,0.1426,0.1221,2.0,0.635,synthetic
6.02,4.3,68.0,73.3,13.7,2.89,0.0,44.0,0.0,,,,21.45,0.1239,0.1691,1.0,0.459,synthetic
7.09,2.0,70.0,30.6,251.1,0.32,0.0,48.0,0.0,,,,0.0,0.2283,0.1507,2.0,0.7613,synthetic
7.22,7.6,62.0,30.1,87.3,2.3,7.0,62.0,1.0,,,,0.03,0.1328,0.1603,2.0,0.5628,synthetic
7.8,6.8,77.0,26.3,189.7,1.04,0.0,32.0,0.0,,,,21.23,0.1414,0.1424,2.0,0.4878,synthetic
6.65,4.4,70.0,31.2,169.6,4.84,7.0,54.0,1.0,,,,0.07,0.1192,0.1596,5.0,0.5726,synthetic
5.59,2.2,68.0,33.3,156.0,0.54,1.0,67.0,1.0,,,,22.54,0.05,0.1996,0.0,0.4566,synthetic
8.83,7.6,66.0,12.6,76.1,2.99,0.0,50.0,1.0,,,,2.6,0.1632,0.1585,5.0,0.6418,synthetic
6.23,3.8,51.0,32.0,321.1,2.41,4.0,43.0,0.0,,,,21.79,0.05,0.1821,5.0,0.428,synthetic
9.11,2.3,81.0,40.2,151.8,2.89,6.0,26.0,0.0,,,,1.84,0.1424,0.2223,2.0,0.9025,synthetic
5.54,1.0,89.0,27.8,354.9,4.78,0.0,32.0,1.0,,,,2.28,0.0672,0.1654,7.0,0.6211,synthetic
7.3,3.2,55.0,14.9,141.9,1.71,2.0,71.0,1.0,,,,1.15,0.1087,0.02,6.0,0.6452,synthetic
7.18,1.6,62.0,33.6,335.9,3.74,6.0,48.0,1.0,,,,21.5,0.05,0.1349,3.0,0.5397,synthetic
8.64,3.3,84.0,43.3,217.8,2.24,0.0,35.0,0.0,,,,21.82,0.1075,0.2248,10.0,0.6154,synthetic
5.19,6.0,78.0,64.9,154.3,3.3,1.0,41.0,1.0,,,,2.8,0.1458,0.1229,0.0,0.5681,synthetic
9.05,3.7,62.0,64.0,281.6,1.83,2.0,50.0,1.0,,,,20.53,0.05,0.111,2.0,0.6695,synthetic
7.16,5.2,76.0,18.2,314.7,1.14,6.0,48.0,1.0,,,,20.82,0.0906,0.1304,3.0,0.4381,synthetic
7.43,3.1,87.0,3.3,193.1,0.42,6.0,57.0,0.0,,,,2.85,0.1543,0.1839,6.0,0.7404,synthetic
7.05,4.6,59.0,27.3,170.2,0.51,5.0,32.0,1.0,,,,1.44,0.2263,0.153,1.0,0.7298,synthetic
4.68,8.3,77.0,14.1,231.0,4.8,5.0,55.0,1.0,,,,1.22,0.1405,0.135,5.0,0.4193,synthetic
6.99,3.8,82.0,35.6,234.1,3.94,0.0,43.0,0.0,,,,21.12,0.1294,0.0939,2.0,0.4838,synthetic
5.82,5.3,54.0,88.1,170.2,1.22,1.0,71.0,1.0,,,,23.42,0.0625,0.1949,0.0,0.4019,synthetic
6.21,1.4,87.0,16.3,303.1,2.65,7.0,27.0,1.0,,,,1.89,0.1657,0.2705,5.0,0.6946,synthetic
7.75,7.5,88.0,28.7,159.9,3.57,5.0,26.0,0.0,,,,22.3,0.0931,0.1092,6.0,0.3786,synthetic
6.99,3.5,79.0,65.3,181.2,1.76,1.0,44.0,1.0,,,,21.35,0.1284,0.1997,4.0,0.4924,synthetic
4.97,6.6,71.0,45.8,242.1,2.2,5.0,46.0,1.0,,,,20.08,0.0774,0.2209,1.0,0.3476,synthetic
4.87,4.3,74.0,4.0,394.7,3.59,5.0,57.0,1.0,,,,0.36,0.1597,0.088,6.0,0.442,synthetic
5.43,5.7,76.0,14.6,104.3,1.14,5.0,41.0,0.0,,,,22.06,0.0533,0.1291,1.0,0.3349,synthetic
5.45,5.8,56.0,84.2,92.8,2.63,7.0,70.0,1.0,,,,2.05,0.1389,0.1936,1.0,0.5243,synthetic
7.54,3.6,62.0,9.3,70.8,1.05,4.0,45.0,1.0,,,,21.98,0.0616,0.1573,3.0,0.5654,synthetic
5.39,6.7,54.0,57.2,275.8,0.02,0.0,25.0,0.0,,,,21.06,0.097,0.2982,1.0,0.4252,synthetic
8.91,3.0,65.0,71.3,179.6,3.45,6.0,24.0,1.0,,,,2.72,0.0708,0.2717,3.0,0.8046,synthetic
5.55,6.1,80.0,23.9,155.4,3.54,0.0,73.0,0.0,,,,2.75,0.142,0.0692,8.0,0.4263,synthetic
4.96,3.7,85.0,65.3,81.6,4.98,5.0,25.0,0.0,,,,0.8,0.1378,0.1882,2.0,0.5641,synthetic
8.88,5.2,65.0,15.3,356.5,0.91,6.0,72.0,1.0,,,,2.5,0.1835,0.1252,4.0,0.7064,synthetic
5.98,3.6,75.0,25.6,177.3,3.7,1.0,33.0,0.0,,,,21.13,0.0785,0.1303,3.0,0.4173,synthetic
6.63,4.6,74.0,28.1,243.1,4.74,6.0,23.0,0.0,,,,23.22,0.05,0.1298,6.0,0.3884,synthetic
9.3,2.4,69.0,89.7,45.0,3.22,6.0,35.0,0.0,,,,21.43,0.0535,0.2647,3.0,0.6968,synthetic
9.22,5.0,78.0,19.3,43.2,4.82,5.0,53.0,1.0,,,,23.35,0.1105,0.0654,3.0,0.5539,synthetic
8.07,4.6,56.0,11.6,26.9,4.97,2.0,42.0,0.0,,,,1.54,0.1451,0.1145,2.0,0.6407,synthetic
4.84,3.4,53.0,83.3,146.9,4.01,1.0,62.0,1.0,,,,1.91,0.2417,0.2251,3.0,0.4987,synthetic
7.47,4.4,64.0,14.6,189.2,5.0,5.0,52.0,1.0,,,,20.03,0.05,0.02,2.0,0.4847,synthetic
9.45,4.8,89.0,79.1,97.8,3.13,1.0,40.0,1.0,,,,22.73,0.0887,0.1405,6.0,0.5935,synthetic
9.23,3.3,88.0,58.5,139.9,2.49,5.0,54.0,1.0,,,,2.96,0.1663,0.0837,7.0,0.7693,synthetic
5.03,4.2,75.0,51.9,2.5,4.59,1.0,73.0,0.0,,,,0.13,0.1757,0.0827,4.0,0.4833,synthetic
6.48,2.5,73.0,67.6,140.4,4.15,2.0,41.0,0.0,,,,22.07,0.1323,0.2365,8.0,0.4195,synthetic
6.08,9.2,75.0,65.3,47.7,0.55,4.0,26.0,1.0,,,,22.72,0.1221,0.3275,1.0,0.3587,synthetic
5.15,6.6,67.0,9.9,51.4,1.51,1.0,41.0,1.0,,,,22.26,0.0689,0.2147,5.0,0.3567,synthetic
7.97,5.0,62.0,90.0,1.8,1.3,6.0,65.0,1.0,,,,23.13,0.1295,0.1801,3.0,0.4855,synthetic
5.87,6.8,50.0,84.8,278.6,4.28,5.0,30.0,0.0,,,,23.11,0.1016,0.1613,2.0,0.322,synthetic
6.22,1.0,51.0,80.7,372.5,1.17,0.0,72.0,0.0,,,,23.55,0.05,0.1354,3.0,0.4862,synthetic
4.95,1.0,89.0,56.0,248.6,1.52,6.0,51.0,1.0,,,,23.25,0.0767,0.2333,1.0,0.4685,synthetic
6.99,3.7,80.0,47.1,38.5,2.59,5.0,52.0,1.0,,,,23.61,0.1419,0.1505,3.0,0.458,synthetic
5.29,1.7,78.0,48.3,395.9,0.38,6.0,36.0,0.0,,,,20.2,0.16,0.3142,1.0,0.5901,synthetic
6.66,4.0,84.0,1.3,390.2,4.81,4.0,70.0,1.0,,,,20.38,0.0628,0.02,6.0,0.4023,synthetic
5.22,4.9,74.0,45.0,187.3,2.46,5.0,20.0,1.0,,,,22.6,0.05,0.255,1.0,0.3559,synthetic
9.27,6.3,77.0,56.1,43.1,0.95,3.0,35.0,0.0,,,,2.19,0.2524,0.2482,2.0,0.7544,synthetic
5.22,2.2,82.0,59.3,288.3,1.35,1.0,41.0,1.0,,,,1.54,0.2566,0.2031,1.0,0.6508,synthetic
7.11,5.3,55.0,29.9,384.6,3.99,1.0,45.0,0.0,,,,20.77,0.05,0.1772,2.0,0.3946,synthetic
5.48,4.5,58.0,42.4,311.5,3.17,2.0,45.0,0.0,,,,23.46,0.1152,0.1762,4.0,0.3907,synthetic
4.88,5.2,72.0,57.3,249.7,2.32,2.0,26.0,0.0,,,,0.23,0.1582,0.2163,3.0,0.4922,synthetic
5.51,3.5,54.0,38.5,244.3,1.66,6.0,30.0,1.0,,,,23.37,0.0543,0.2229,0.0,0.4681,synthetic
4.77,7.3,76.0,86.6,391.2,4.5,4.0,23.0,1.0,,,,0.88,0.1748,0.2459,1.0,0.4552,synthetic
5.2,4.3,83.0,63.5,29.2,3.86,3.0,50.0,1.0,,,,2.98,0.1605,0.1463,2.0,0.5491,synthetic
6.97,8.0,84.0,0.1,59.8,3.59,5.0,37.0,1.0,,,,20.68,0.05,0.0919,3.0,0.377,synthetic
7.76,2.9,63.0,2.1,332.3,2.23,5.0,50.0,0.0,,,,23.61,0.0848,0.02,2.0,0.5754,synthetic
4.94,6.0,58.0,62.1,58.0,4.91,7.0,51.0,0.0,,,,23.59,0.0572,0.1571,4.0,0.2851,synthetic
6.71,4.4,88.0,37.1,153.3,3.55,2.0,58.0,0.0,,,,23.94,0.05,0.077,4.0,0.4048,synthetic
7.41,3.8,86.0,75.6,112.6,2.12,1.0,49.0,1.0,,,,21.17,0.1234,0.1991,1.0,0.6245,synthetic
5.67,5.8,63.0,15.6,97.4,4.8,0.0,54.0,1.0,,,,0.47,0.1536,0.0677,4.0,0.4998,synthetic
6.36,3.9,86.0,1.2,10.3,4.48,1.0,51.0,1.0,,,,20.31,0.0839,0.02,3.0,0.428,synthetic
4.86,1.0,85.0,34.9,226.5,3.7,4.0,55.0,0.0,,,,1.19,0.1628,0.1763,5.0,0.5647,synthetic
5.6,1.0,64.0,66.2,160.5,3.83,6.0,53.0,0.0,,,,0.64,0.1535,0.1157,2.0,0.6438,synthetic
6.83,7.0,65.0,87.5,220.6,2.12,4.0,36.0,0.0,,,,22.31,0.1139,0.1975,2.0,0.4242,synthetic
9.45,7.0,87.0,79.5,121.8,2.54,7.0,32.0,0.0,,,,2.92,0.146,0.1547,2.0,0.73,synthetic
9.48,8.3,80.0,43.6,376.6,0.96,5.0,62.0,0.0,,,,1.8,0.2319,0.1331,4.0,0.736,synthetic
9.4,4.5,75.0,73.2,236.5,2.98,7.0,37.0,1.0,,,,23.78,0.05,0.1741,1.0,0.6143,synthetic
6.62,1.9,88.0,6.3,384.5,1.85,2.0,49.0,1.0,,,,2.93,0.1004,0.1781,3.0,0.7088,synthetic
4.9,3.7,85.0,51.5,140.0,1.74,2.0,29.0,0.0,,,,1.81,0.2189,0.2542,2.0,0.5372,synthetic
6.12,4.5,53.0,83.2,0.9,4.74,6.0,42.0,0.0,,,,20.97,0.05,0.1345,7.0,0.4407,synthetic
5.69,2.5,70.0,35.7,312.5,0.82,5.0,48.0,1.0,,,,0.14,0.1965,0.2188,3.0,0.6202,synthetic
4.57,7.8,86.0,86.4,331.0,4.15,3.0,53.0,0.0,,,,0.07,0.2091,0.1902,2.0,0.4667,synthetic
4.98,9.0,54.0,19.9,23.5,1.41,7.0,48.0,0.0,,,,0.57,0.1557,0.1237,1.0,0.4258,synthetic
6.77,5.5,53.0,9.5,250.1,0.14,6.0,38.0,1.0,,,,2.59,0.1839,0.2019,0.0,0.6072,synthetic
6.2,4.5,84.0,47.2,264.4,0.2,2.0,72.0,1.0,,,,23.44,0.1484,0.088,9.0,0.4251,synthetic
5.4,1.9,81.0,81.7,58.3,2.15,4.0,47.0,1.0,,,,20.54,0.1375,0.2628,0.0,0.5245,synthetic
8.08,7.6,57.0,28.0,221.0,2.27,3.0,64.0,0.0,,,,23.36,0.0911,0.1344,5.0,0.3915,synthetic
6.29,4.7,57.0,72.0,97.3,1.6,3.0,59.0,1.0,,,,1.51,0.1991,0.1462,2.0,0.6401,synthetic
8.76,3.9,83.0,15.2,6.6,3.34,6.0,49.0,0.0,,,,22.51,0.05,0.0704,3.0,0.5958,synthetic
5.7,5.5,58.0,67.1,346.8,2.43,5.0,68.0,0.0,,,,20.19,0.1044,0.1915,3.0,0.3714,synthetic
7.19,3.3,56.0,50.1,196.7,0.37,0.0,25.0,1.0,,,,22.12,0.0938,0.1382,2.0,0.5872,synthetic
5.42,4.8,86.0,15.8,312.7,1.74,4.0,70.0,1.0,,,,0.78,0.136,0.1096,1.0,0.545,synthetic
6.98,1.6,82.0,64.6,289.2,0.51,5.0,66.0,0.0,,,,20.6,0.0772,0.186,2.0,0.5907,synthetic
5.26,6.7,66.0,64.2,397.5,0.31,4.0,46.0,1.0,,,,22.63,0.0635,0.2339,2.0,0.3263,synthetic
5.31,4.3,75.0,46.4,175.2,1.04,2.0,59.0,0.0,,,,20.93,0.0792,0.2052,0.0,0.471,synthetic
7.56,6.8,67.0,20.3,171.0,3.5,5.0,47.0,0.0,,,,23.33,0.0577,0.1907,1.0,0.4295,synthetic
5.82,4.1,61.0,11.9,112.7,3.48,7.0,33.0,0.0,,,,20.99,0.1154,0.1823,2.0,0.3903,synthetic
5.36,4.2,89.0,86.2,250.1,4.31,0.0,63.0,1.0,,,,20.76,0.0567,0.1231,4.0,0.3205,synthetic
9.15,2.1,72.0,59.0,194.4,3.78,4.0,32.0,1.0,,,,0.88,0.1144,0.161,2.0,0.8346,synthetic
4.72,6.0,76.0,72.8,291.5,2.68,7.0,35.0,0.0,,,,21.11,0.0826,0.1785,2.0,0.3341,synthetic
7.33,2.7,66.0,62.7,142.6,1.56,3.0,47.0,0.0,,,,21.08,0.0756,0.2488,1.0,0.5495,synthetic
7.24,3.5,70.0,74.7,52.3,0.03,2.0,65.0,0.0,,,,0.15,0.2322,0.1955,3.0,0.7375,synthetic
5.75,4.5,62.0,14.6,345.0,3.24,1.0,39.0,0.0,,,,20.31,0.0565,0.125,2.0,0.3867,synthetic
6.76,4.7,67.0,44.7,331.2,1.45,1.0,46.0,0.0,,,,20.23,0.0599,0.1818,3.0,0.4073,synthetic
4.94,1.1,75.0,60.0,140.4,1.25,3.0,20.0,0.0,,,,23.02,0.0925,0.2183,1.0,0.4411,synthetic
8.11,4.0,82.0,9.3,276.1,4.87,6.0,24.0,1.0,,,,22.56,0.0633,0.0681,2.0,0.5136,synthetic
5.61,6.1,82.0,13.5,197.0,0.87,1.0,21.0,0.0,,,,23.81,0.0767,0.1645,0.0,0.4045,synthetic
5.47,3.7,50.0,57.1,304.4,0.16,1.0,22.0,0.0,,,,2.95,0.1789,0.2678,2.0,0.607,synthetic
6.07,4.1,71.0,78.2,156.1,4.75,7.0,67.0,1.0,,,,23.04,0.0667,0.168,5.0,0.3164,synthetic
9.01,4.8,65.0,59.4,214.3,1.53,7.0,65.0,0.0,,,,0.03,0.1707,0.1579,6.0,0.7109,synthetic
8.48,4.2,74.0,3.3,23.1,1.97,1.0,64.0,0.0,,,,2.43,0.1714,0.1118,2.0,0.6857,synthetic
9.23,2.4,85.0,87.3,70.0,0.4,3.0,21.0,0.0,,,,23.38,0.0888,0.212,10.0,0.6709,synthetic
7.76,4.4,81.0,12.6,312.7,2.02,3.0,22.0,0.0,,,,1.47,0.2105,0.2192,2.0,0.7203,synthetic
7.81,6.5,63.0,20.9,152.6,4.86,2.0,33.0,0.0,,,,23.84,0.0505,0.0786,4.0,0.4287,synthetic
6.9,2.4,80.0,87.7,14.0,3.47,1.0,50.0,1.0,,,,0.46,0.2355,0.239,8.0,0.6309,synthetic
9.03,3.8,54.0,69.4,67.1,2.37,0.0,37.0,0.0,,,,2.53,0.2326,0.2241,3.0,0.7865,synthetic
7.05,1.7,55.0,84.3,164.6,1.54,4.0,45.0,1.0,,,,20.0,0.076,0.1871,0.0,0.689,synthetic
6.28,6.4,59.0,72.6,287.2,1.83,0.0,27.0,1.0,,,,2.31,0.1631,0.3085,2.0,0.5945,synthetic
7.7,4.3,66.0,58.7,145.4,3.06,4.0,59.0,0.0,,,,23.48,0.05,0.1789,3.0,0.4964,synthetic
7.23,2.8,70.0,25.6,298.1,1.27,0.0,35.0,0.0,,,,0.25,0.1793,0.2121,4.0,0.6995,synthetic
5.12,4.7,66.0,29.4,343.2,0.76,1.0,21.0,0.0,,,,23.15,0.1091,0.2382,2.0,0.4175,synthetic
6.46,2.1,75.0,85.3,136.5,3.48,0.0,60.0,0.0,,,,21.83,0.087,0.1596,2.0,0.5547,synthetic
6.07,2.4,55.0,77.5,320.2,4.35,3.0,69.0,1.0,,,,20.46,0.05,0.1072,3.0,0.3928,synthetic
8.73,1.6,71.0,32.4,50.8,4.51,2.0,18.0,1.0,,,,2.62,0.1494,0.0485,4.0,0.7545,synthetic
6.39,2.4,61.0,33.6,166.1,4.21,2.0,42.0,0.0,,,,0.37,0.2155,0.1311,2.0,0.673,synthetic
8.61,7.2,65.0,26.8,39.0,2.65,2.0,65.0,0.0,,,,2.11,0.1071,0.02,4.0,0.6208,synthetic
6.71,3.0,70.0,29.4,21.0,3.94,7.0,58.0,0.0,,,,22.04,0.1006,0.063,6.0,0.4714,synthetic
8.27,5.4,55.0,77.5,25.8,4.63,3.0,66.0,1.0,,,,21.95,0.0858,0.1176,5.0,0.5133,synthetic
5.18,2.8,66.0,0.9,41.9,0.12,6.0,41.0,1.0,,,,22.35,0.1068,0.2177,4.0,0.4072,synthetic
9.12,6.0,80.0,39.2,334.3,2.06,1.0,39.0,0.0,,,,21.62,0.1194,0.2005,4.0,0.5769,synthetic
6.9,2.4,61.0,84.9,217.5,1.02,3.0,58.0,0.0,,,,23.49,0.05,0.2453,4.0,0.5536,synthetic
5.8,4.6,81.0,48.8,379.0,4.98,0.0,26.0,0.0,,,,2.55,0.2195,0.2021,2.0,0.5725,synthetic
5.71,4.6,59.0,40.5,215.2,4.65,2.0,31.0,0.0,,,,2.13,0.1777,0.2123,6.0,0.5041,synthetic
5.83,9.2,80.0,28.1,251.5,4.01,0.0,52.0,0.0,,,,23.47,0.063,0.1122,6.0,0.2008,synthetic
6.33,5.8,58.0,6.7,73.8,1.48,0.0,56.0,0.0,,,,22.44,0.05,0.1435,3.0,0.3892,synthetic
8.09,3.3,88.0,20.2,216.2,4.76,1.0,24.0,0.0,,,,0.28,0.1468,0.1693,6.0,0.7599,synthetic
9.25,5.9,56.0,8.1,154.1,0.15,1.0,46.0,0.0,,,,0.29,0.2335,0.2552,0.0,0.8114,synthetic
7.85,8.8,90.0,11.4,372.6,0.94,2.0,38.0,0.0,,,,0.79,0.1896,0.1744,1.0,0.6192,synthetic
7.24,1.2,59.0,14.7,373.6,3.08,5.0,46.0,1.0,,,,23.75,0.05,0.0982,7.0,0.5542,synthetic
6.74,2.8,78.0,27.2,79.4,3.97,1.0,72.0,1.0,,,,20.19,0.0684,0.0415,4.0,0.4216,synthetic
8.64,4.0,62.0,1.0,248.1,4.42,4.0,22.0,0.0,,,,20.53,0.0694,0.1373,3.0,0.5849,synthetic
8.75,3.7,53.0,85.5,255.3,1.5,2.0,74.0,0.0,,,,2.82,0.092,0.1648,5.0,0.6765,synthetic
5.97,3.8,51.0,11.1,225.0,1.95,3.0,43.0,1.0,,,,1.22,0.2051,0.1402,0.0,0.6605,synthetic
9.27,1.9,56.0,34.5,49.7,2.27,7.0,62.0,1.0,,,,2.64,0.127,0.0905,2.0,0.8262,synthetic
6.48,7.3,66.0,79.2,261.6,0.13,3.0,42.0,0.0,,,,22.38,0.1051,0.2158,1.0,0.4237,synthetic
8.5,1.7,73.0,9.6,319.6,4.32,2.0,35.0,1.0,,,,23.74,0.0589,0.1382,3.0,0.5832,synthetic
9.33,4.1,69.0,43.5,138.1,1.69,1.0,61.0,0.0,,,,22.25,0.1363,0.1194,4.0,0.6124,synthetic
8.02,6.6,75.0,76.0,205.8,1.0,1.0,57.0,0.0,,,,2.36,0.151,0.1255,1.0,0.6794,synthetic
5.31,4.4,54.0,50.1,46.5,2.05,6.0,26.0,1.0,,,,22.01,0.0908,0.1912,0.0,0.4619,synthetic
7.43,2.5,77.0,18.9,372.3,3.55,5.0,58.0,1.0,,,,0.86,0.2074,0.02,6.0,0.7141,synthetic
5.09,1.8,81.0,66.2,43.8,4.35,2.0,60.0,1.0,,,,21.23,0.05,0.1816,2.0,0.3806,synthetic
8.45,4.0,59.0,61.3,83.4,1.08,3.0,40.0,0.0,,,,20.74,0.1484,0.1942,1.0,0.6124,synthetic
5.91,3.0,82.0,32.6,119.4,0.86,4.0,70.0,1.0,,,,21.09,0.0848,0.1862,1.0,0.4523,synthetic
7.98,4.9,60.0,4.2,330.3,4.72,0.0,54.0,0.0,,,,23.71,0.0772,0.02,8.0,0.452,synthetic
9.05,1.7,68.0,0.7,280.3,2.75,7.0,37.0,1.0,,,,1.91,0.1735,0.124,2.0,0.8495,synthetic
5.41,6.1,82.0,74.3,2.8,1.83,6.0,18.0,0.0,,,,2.99,0.2194,0.1382,4.0,0.4907,synthetic
6.46,4.7,77.0,28.9,73.4,1.0,4.0,56.0,0.0,,,,0.36,0.2684,0.1383,5.0,0.711,synthetic
7.74,4.9,70.0,12.4,300.1,4.98,5.0,29.0,1.0,,,,23.74,0.05,0.0203,6.0,0.4185,synthetic
6.6,7.4,65.0,46.7,161.5,3.6,0.0,61.0,1.0,,,,1.51,0.1518,0.1167,6.0,0.5187,synthetic
5.37,3.6,73.0,82.9,10.5,1.09,7.0,47.0,1.0,,,,20.45,0.1008,0.224,0.0,0.4738,synthetic
4.65,3.0,71.0,0.8,385.6,0.46,5.0,44.0,0.0,,,,1.67,0.191,0.2927,2.0,0.5242,synthetic
6.53,3.4,89.0,5.1,60.5,1.0,7.0,27.0,0.0,,,,1.31,0.2255,0.1611,3.0,0.6814,synthetic
7.75,4.1,83.0,37.5,204.2,1.24,6.0,58.0,1.0,,,,23.71,0.05,0.0878,3.0,0.5582,synthetic
7.37,4.3,55.0,60.8,99.3,0.56,4.0,27.0,1.0,,,,20.16,0.0651,0.2662,1.0,0.5911,synthetic
5.28,2.8,66.0,42.8,295.0,1.15,2.0,41.0,0.0,,,,21.42,0.0574,0.2676,9.0,0.4246,synthetic
6.75,1.0,73.0,80.8,310.7,0.58,5.0,65.0,1.0,,,,22.59,0.125,0.1725,5.0,0.5411,synthetic
6.35,3.4,78.0,4.0,158.9,1.89,4.0,70.0,1.0,,,,2.59,0.2134,0.1305,7.0,0.5739,synthetic
5.87,5.2,57.0,30.6,263.4,2.43,3.0,74.0,0.0,,,,0.47,0.1506,0.1288,3.0,0.5548,synthetic
8.15,4.8,83.0,31.6,363.6,2.28,5.0,72.0,1.0,,,,23.57,0.0573,0.0591,6.0,0.4579,synthetic
6.05,6.9,75.0,30.6,325.9,4.15,7.0,49.0,1.0,,,,23.42,0.05,0.1181,2.0,0.3004,synthetic
7.2,8.4,53.0,43.9,166.0,1.27,1.0,29.0,1.0,,,,1.46,0.2354,0.1685,2.0,0.5954,synthetic
9.12,6.0,52.0,71.2,176.6,4.44,4.0,65.0,1.0,,,,22.27,0.05,0.1522,9.0,0.47,synthetic
7.2,7.3,77.0,28.6,354.8,4.54,6.0,63.0,0.0,,,,20.66,0.05,0.128,3.0,0.3992,synthetic
7.59,6.0,80.0,67.0,13.7,4.8,2.0,74.0,1.0,,,,0.74,0.1433,0.1271,3.0,0.597,synthetic
4.87,7.9,62.0,13.2,9.1,0.9,2.0,55.0,1.0,,,,22.3,0.1456,0.1901,2.0,0.2584,synthetic
5.39,8.2,56.0,50.5,82.3,1.23,0.0,26.0,1.0,,,,22.28,0.1221,0.2501,2.0,0.2722,synthetic
5.0,6.4,59.0,33.8,331.0,3.12,2.0,46.0,1.0,,,,23.18,0.055,0.1791,10.0,0.2329,synthetic
8.32,5.9,66.0,48.5,61.3,0.7,4.0,43.0,0.0,,,,21.7,0.149,0.1827,2.0,0.631,synthetic
8.68,4.1,75.0,9.7,114.1,0.43,7.0,66.0,0.0,,,,2.45,0.1526,0.1034,1.0,0.7589,synthetic
5.43,4.4,58.0,85.8,251.6,0.37,4.0,40.0,0.0,,,,1.93,0.2243,0.1838,2.0,0.6146,synthetic
5.6,3.8,82.0,81.6,73.7,3.03,2.0,36.0,1.0,,,,2.94,0.1669,0.2227,1.0,0.5498,synthetic
6.12,5.7,60.0,74.4,121.2,4.02,6.0,22.0,1.0,,,,2.75,0.204,0.182,2.0,0.5123,synthetic
7.46,3.1,82.0,80.4,186.8,1.29,1.0,65.0,1.0,,,,22.2,0.1025,0.2031,5.0,0.5163,synthetic
7.61,4.1,87.0,13.2,91.2,4.67,1.0,61.0,0.0,,,,22.66,0.05,0.1101,3.0,0.5064,synthetic
7.93,1.0,57.0,45.3,397.0,3.96,4.0,20.0,1.0,,,,0.89,0.1058,0.2051,2.0,0.7598,synthetic
9.03,7.9,87.0,28.6,65.4,0.39,6.0,42.0,0.0,,,,20.11,0.1141,0.1562,1.0,0.5514,synthetic
5.98,4.1,78.0,79.9,340.0,2.04,1.0,45.0,0.0,,,,2.96,0.2218,0.18,1.0,0.6461,synthetic
7.79,5.4,85.0,17.0,188.0,0.34,0.0,44.0,1.0,,,,20.08,0.1809,0.1793,3.0,0.6011,synthetic
7.3,7.4,64.0,19.8,51.6,4.58,5.0,70.0,0.0,,,,23.72,0.05,0.02,4.0,0.3337,synthetic
6.03,5.1,85.0,61.8,47.4,3.71,4.0,26.0,0.0,,,,0.68,0.1941,0.1235,2.0,0.5885,synthetic
9.04,7.4,69.0,8.0,200.1,3.43,5.0,35.0,0.0,,,,2.4,0.1896,0.1871,3.0,0.6547,synthetic
4.98,2.0,58.0,65.9,141.4,3.41,3.0,28.0,0.0,,,,0.51,0.2105,0.2449,6.0,0.5411,synthetic
8.06,9.3,90.0,24.1,93.8,1.43,0.0,31.0,0.0,,,,0.18,0.1666,0.1734,4.0,0.5577,synthetic
8.14,6.7,88.0,59.5,383.6,4.67,2.0,69.0,1.0,,,,22.1,0.05,0.0738,4.0,0.3849,synthetic
9.08,4.9,55.0,78.6,185.4,4.61,3.0,71.0,1.0,,,,0.14,0.1707,0.0241,4.0,0.7022,synthetic
7.09,7.4,68.0,54.9,371.5,3.7,3.0,20.0,0.0,,,,1.25,0.1167,0.1541,4.0,0.5134,synthetic
6.11,2.2,89.0,19.1,65.6,2.34,7.0,54.0,0.0,,,,23.61,0.1106,0.1761,5.0,0.4746,synthetic
8.64,3.9,72.0,4.4,73.4,0.24,1.0,31.0,0.0,,,,1.46,0.1749,0.1812,4.0,0.7815,synthetic
8.35,7.4,70.0,4.0,238.4,0.14,2.0,28.0,0.0,,,,20.49,0.1262,0.1871,1.0,0.5313,synthetic
7.0,1.0,58.0,8.0,108.0,0.69,1.0,34.0,1.0,,,,22.35,0.0796,0.2508,2.0,0.6372,synthetic
8.34,5.6,67.0,52.2,74.0,2.98,4.0,29.0,0.0,,,,2.72,0.2539,0.136,7.0,0.6422,synthetic
5.84,5.6,70.0,31.3,37.9,3.99,6.0,45.0,0.0,,,,22.26,0.0704,0.1449,5.0,0.382,synthetic
7.45,8.4,79.0,21.9,30.5,4.74,7.0,74.0,0.0,,,,0.35,0.2265,0.02,4.0,0.5236,synthetic
8.83,1.3,68.0,19.7,301.3,0.88,1.0,51.0,0.0,,,,23.64,0.1113,0.1186,1.0,0.6751,synthetic
6.09,7.7,75.0,85.4,112.9,1.38,3.0,59.0,0.0,,,,2.56,0.1765,0.2226,1.0,0.5707,synthetic
6.92,3.4,54.0,10.7,391.4,0.27,5.0,46.0,0.0,,,,21.14,0.1526,0.1873,4.0,0.5058,synthetic
9.26,3.6,81.0,27.4,73.2,4.95,0.0,18.0,1.0,,,,22.1,0.05,0.1332,5.0,0.6327,synthetic
8.49,2.1,50.0,42.4,141.8,3.9,5.0,22.0,1.0,,,,2.04,0.0877,0.0777,3.0,0.7829,synthetic
8.94,2.3,76.0,0.0,150.0,2.4,1.0,33.0,1.0,,,,0.66,0.229,0.1581,2.0,0.8029,synthetic
6.43,5.3,83.0,82.9,200.1,2.88,0.0,31.0,0.0,,,,23.8,0.0889,0.2558,2.0,0.3787,synthetic
9.48,2.3,81.0,8.9,348.3,2.81,0.0,65.0,1.0,,,,22.76,0.0836,0.0325,3.0,0.629,synthetic
5.26,6.0,56.0,61.4,333.9,1.27,7.0,66.0,1.0,,,,22.88,0.0722,0.2078,3.0,0.3336,synthetic
7.09,3.2,84.0,56.6,4.0,0.93,5.0,66.0,0.0,,,,2.54,0.2365,0.2246,4.0,0.6737,synthetic
6.9,2.1,53.0,72.8,163.7,1.48,6.0,54.0,0.0,,,,0.7,0.2035,0.2155,7.0,0.7088,synthetic
8.49,3.4,53.0,58.6,331.2,1.24,5.0,49.0,1.0,,,,2.5,0.1676,0.1142,3.0,0.7753,synthetic
9.04,5.2,83.0,69.2,0.1,2.79,6.0,55.0,0.0,,,,2.81,0.1563,0.1639,7.0,0.6622,synthetic
8.16,3.9,57.0,37.9,213.5,1.54,3.0,41.0,0.0,,,,23.83,0.1072,0.1983,2.0,0.6005,synthetic
7.63,4.6,68.0,44.0,103.8,3.64,6.0,56.0,1.0,,,,0.27,0.1222,0.0811,2.0,0.713,synthetic
6.64,5.9,87.0,63.1,165.1,2.84,0.0,63.0,1.0,,,,0.59,0.1233,0.1639,2.0,0.5852,synthetic
7.05,6.7,58.0,51.2,168.1,2.66,4.0,61.0,1.0,,,,1.87,0.1998,0.1196,2.0,0.5515,synthetic
7.05,3.9,81.0,46.0,156.7,4.76,6.0,52.0,1.0,,,,0.61,0.1139,0.0325,3.0,0.6012,synthetic
4.6,2.4,73.0,18.5,356.8,1.61,7.0,21.0,1.0,,,,20.8,0.05,0.2412,3.0,0.3774,synthetic
7.02,4.7,66.0,23.2,214.6,3.18,2.0,59.0,1.0,,,,2.6,0.1963,0.1449,3.0,0.5958,synthetic
8.78,5.4,68.0,32.3,361.5,0.0,1.0,38.0,0.0,,,,0.63,0.2592,0.1344,1.0,0.8629,synthetic
8.05,1.6,66.0,0.8,290.7,3.68,5.0,60.0,1.0,,,,2.09,0.204,0.0646,3.0,0.7687,synthetic
8.48,2.7,83.0,37.6,140.4,2.51,0.0,48.0,1.0,,,,22.97,0.07,0.1559,2.0,0.6446,synthetic
6.45,3.1,83.0,0.2,197.4,1.04,6.0,68.0,1.0,,,,23.32,0.1051,0.1182,3.0,0.4827,synthetic
7.14,4.1,65.0,50.9,155.9,0.01,5.0,37.0,1.0,,,,0.82,0.2785,0.2379,1.0,0.7472,synthetic
4.67,3.0,78.0,63.4,331.4,3.53,5.0,71.0,0.0,,,,1.43,0.1417,0.1457,5.0,0.4595,synthetic
6.41,5.9,71.0,50.6,75.0,3.31,2.0,66.0,0.0,,,,20.55,0.05,0.1026,4.0,0.3717,synthetic
6.87,1.3,80.0,62.4,374.6,3.33,0.0,36.0,0.0,,,,22.85,0.0692,0.2141,7.0,0.4921,synthetic
5.78,1.3,52.0,0.0,232.2,2.19,4.0,45.0,0.0,,,,1.39,0.2072,0.1003,2.0,0.69,synthetic
4.66,3.8,63.0,5.3,244.7,3.2,2.0,48.0,0.0,,,,2.95,0.1242,0.0755,3.0,0.4571,synthetic
7.95,4.1,63.0,62.9,206.7,2.86,3.0,61.0,1.0,,,,20.08,0.05,0.1577,4.0,0.5033,synthetic
6.68,1.6,74.0,72.3,221.8,1.19,1.0,57.0,1.0,,,,21.85,0.1514,0.1074,1.0,0.5635,synthetic
6.58,3.3,58.0,64.6,267.1,2.59,2.0,66.0,0.0,,,,23.25,0.1194,0.1392,3.0,0.4862,synthetic
5.75,3.7,71.0,59.7,262.0,2.57,6.0,39.0,0.0,,,,21.56,0.05,0.1479,1.0,0.3664,synthetic
7.19,3.7,89.0,63.7,85.7,4.12,7.0,46.0,1.0,,,,20.19,0.0509,0.12,2.0,0.5765,synthetic
6.69,4.8,52.0,66.6,233.0,2.17,2.0,42.0,1.0,,,,23.78,0.1151,0.1414,3.0,0.4153,synthetic
6.87,3.2,70.0,65.2,141.9,2.18,1.0,69.0,1.0,,,,0.55,0.1581,0.1859,2.0,0.662,synthetic
7.4,7.5,56.0,66.4,254.8,4.92,0.0,35.0,0.0,,,,22.91,0.0722,0.1165,2.0,0.398,synthetic
4.53,5.5,73.0,6.7,219.1,4.47,1.0,51.0,0.0,,,,22.59,0.05,0.0438,4.0,0.2544,synthetic
9.04,2.9,60.0,5.7,71.9,1.21,0.0,24.0,1.0,,,,2.9,0.1776,0.1305,2.0,0.8575,synthetic
4.86,4.7,86.0,32.5,293.9,4.55,5.0,66.0,0.0,,,,23.34,0.05,0.0424,4.0,0.2681,synthetic
6.75,4.7,63.0,47.5,182.8,0.69,5.0,39.0,0.0,,,,1.59,0.2247,0.2005,4.0,0.7116,synthetic
5.54,6.9,88.0,68.6,220.6,4.27,6.0,37.0,0.0,,,,22.01,0.05,0.2426,3.0,0.3224,synthetic
7.12,3.3,50.0,30.1,269.1,0.92,2.0,51.0,0.0,,,,1.81,0.2112,0.1722,5.0,0.6961,synthetic
5.9,6.0,83.0,24.8,261.1,2.13,6.0,46.0,0.0,,,,1.77,0.206,0.1402,1.0,0.5454,synthetic
8.8,4.6,60.0,70.3,299.6,4.92,1.0,66.0,1.0,,,,21.87,0.05,0.1082,5.0,0.4903,synthetic
6.48,7.5,58.0,22.4,82.7,0.49,1.0,48.0,0.0,,,,0.59,0.2198,0.2466,1.0,0.6344,synthetic
7.69,7.1,85.0,73.9,44.2,4.2,7.0,47.0,1.0,,,,0.77,0.2189,0.2092,4.0,0.6594,synthetic
5.74,4.9,62.0,15.9,267.7,2.47,7.0,23.0,1.0,,,,23.1,0.0727,0.1827,2.0,0.4182,synthetic
4.6,4.0,73.0,32.4,94.4,0.55,4.0,19.0,0.0,,,,1.42,0.2073,0.3075,1.0,0.4818,synthetic
6.52,5.5,79.0,36.1,45.8,4.76,4.0,40.0,0.0,,,,22.15,0.05,0.1023,6.0,0.2963,synthetic
7.18,4.1,67.0,27.0,52.5,2.75,5.0,74.0,1.0,,,,23.39,0.0765,0.061,10.0,0.4125,synthetic
6.8,7.9,54.0,0.3,125.1,4.4,6.0,70.0,1.0,,,,2.93,0.1234,0.0344,4.0,0.449,synthetic
9.31,4.7,87.0,21.2,396.7,4.35,1.0,53.0,0.0,,,,21.25,0.0585,0.0417,2.0,0.595,synthetic
8.03,3.7,76.0,30.4,62.9,0.07,0.0,53.0,0.0,,,,21.03,0.093,0.1555,2.0,0.6471,synthetic
9.48,3.6,86.0,28.2,119.4,1.32,1.0,40.0,1.0,,,,21.0,0.1028,0.15,3.0,0.716,synthetic
5.98,2.1,81.0,70.7,368.3,1.68,2.0,28.0,0.0,,,,2.99,0.1293,0.2389,3.0,0.6598,synthetic
8.45,5.6,81.0,4.3,385.3,2.67,1.0,18.0,0.0,,,,21.12,0.0874,0.0908,2.0,0.4968,synthetic
7.28,2.9,74.0,35.0,91.5,0.36,4.0,37.0,0.0,,,,21.33,0.0587,0.207,3.0,0.5359,synthetic
7.56,6.7,50.0,3.4,352.2,1.94,1.0,36.0,0.0,,,,0.86,0.1986,0.1337,1.0,0.6561,synthetic
9.43,1.9,85.0,83.8,55.6,4.07,4.0,28.0,1.0,,,,1.32,0.2242,0.1147,7.0,0.8483,synthetic
7.77,4.8,83.0,71.1,304.6,0.87,5.0,32.0,0.0,,,,23.69,0.1375,0.238,1.0,0.5208,synthetic
8.99,6.8,79.0,88.4,5.2,3.51,0.0,19.0,0.0,,,,2.88,0.1566,0.1766,3.0,0.7062,synthetic
8.13,1.0,85.0,81.9,162.6,2.3,2.0,52.0,1.0,,,,20.27,0.1219,0.1757,2.0,0.6225,synthetic
5.14,8.5,57.0,28.4,98.9,0.35,4.0,70.0,0.0,,,,0.35,0.212,0.1049,5.0,0.3258,synthetic
8.0,3.6,61.0,62.2,281.6,0.89,0.0,57.0,0.0,,,,0.25,0.2214,0.1952,3.0,0.7408,synthetic
6.92,4.8,56.0,27.6,6.4,0.71,5.0,43.0,1.0,,,,22.25,0.1183,0.168,3.0,0.5285,synthetic
9.09,5.6,76.0,79.9,186.0,3.1,6.0,41.0,0.0,,,,2.3,0.1633,0.1339,4.0,0.7699,synthetic
8.53,6.0,68.0,37.0,278.7,0.44,2.0,35.0,1.0,,,,23.87,0.0957,0.1136,2.0,0.4986,synthetic
5.02,5.0,54.0,33.8,18.7,4.12,0.0,26.0,0.0,,,,21.72,0.0619,0.2781,3.0,0.2841,synthetic
5.17,6.5,73.0,82.3,359.0,4.03,4.0,52.0,0.0,,,,20.62,0.1146,0.242,1.0,0.3536,synthetic
4.85,5.5,64.0,75.3,144.5,0.4,6.0,50.0,0.0,,,,20.75,0.1302,0.2492,3.0,0.3483,synthetic
6.97,8.0,70.0,87.0,66.1,4.44,2.0,18.0,1.0,,,,2.28,0.1643,0.2312,4.0,0.5595,synthetic
4.9,5.5,60.0,6.0,90.2,4.8,6.0,41.0,0.0,,,,21.75,0.05,0.1201,3.0,0.3054,synthetic
8.12,8.4,56.0,21.9,135.6,0.22,6.0,33.0,0.0,,,,2.35,0.1969,0.1639,1.0,0.6808,synthetic
7.26,6.3,68.0,27.1,79.4,4.75,2.0,27.0,1.0,,,,20.84,0.05,0.151,7.0,0.3747,synthetic
8.68,1.0,59.0,38.2,204.2,1.4,4.0,58.0,0.0,,,,2.89,0.2499,0.1309,2.0,0.881,synthetic
5.9,9.7,66.0,42.6,253.2,3.32,0.0,47.0,1.0,,,,1.83,0.2246,0.1928,4.0,0.4839,synthetic
7.1,3.4,65.0,26.2,173.4,0.87,4.0,54.0,0.0,,,,20.81,0.0969,0.1373,1.0,0.5675,synthetic
5.09,7.5,88.0,71.1,170.8,4.09,7.0,58.0,1.0,,,,20.6,0.05,0.1486,4.0,0.2526,synthetic
8.92,4.6,57.0,20.1,312.7,4.21,7.0,73.0,0.0,,,,1.62,0.1585,0.0251,5.0,0.6762,synthetic
5.38,6.6,61.0,62.7,120.4,4.89,1.0,63.0,1.0,,,,20.55,0.05,0.0867,10.0,0.1791,synthetic
5.01,3.1,82.0,76.7,249.1,4.96,5.0,53.0,0.0,,,,21.84,0.05,0.1255,5.0,0.3104,synthetic
5.53,5.8,62.0,54.3,357.2,0.38,0.0,68.0,1.0,,,,1.61,0.1003,0.1752,2.0,0.4927,synthetic
8.53,4.0,69.0,31.9,88.6,3.29,2.0,45.0,1.0,,,,2.35,0.1093,0.124,2.0,0.6921,synthetic
5.03,7.7,80.0,16.9,248.0,1.37,6.0,74.0,0.0,,,,1.37,0.166,0.0583,7.0,0.3443,synthetic
7.57,5.4,50.0,12.1,379.2,0.63,5.0,61.0,0.0,,,,2.23,0.1503,0.1245,2.0,0.5764,synthetic
8.23,6.4,88.0,67.0,211.9,0.74,3.0,55.0,0.0,,,,23.92,0.0542,0.2704,1.0,0.5119,synthetic
8.26,1.0,69.0,42.2,390.8,4.68,7.0,69.0,1.0,,,,1.46,0.104,0.085,4.0,0.769,synthetic
5.45,4.3,80.0,4.2,124.0,3.42,6.0,47.0,1.0,,,,22.41,0.0617,0.1438,1.0,0.3774,synthetic
4.81,5.3,87.0,88.5,225.7,0.25,0.0,59.0,1.0,,,,1.5,0.1999,0.2078,1.0,0.5351,synthetic
6.74,4.9,85.0,60.4,124.4,4.92,0.0,34.0,0.0,,,,0.76,0.1841,0.2408,2.0,0.6365,synthetic
5.51,6.4,59.0,76.0,1.5,4.04,5.0,72.0,1.0,,,,0.02,0.0501,0.0792,4.0,0.4815,synthetic
8.0,3.8,72.0,39.4,398.9,1.55,7.0,53.0,0.0,,,,2.95,0.1426,0.133,6.0,0.7775,synthetic
6.28,4.6,66.0,86.0,96.0,2.35,1.0,62.0,1.0,,,,23.29,0.1176,0.1918,2.0,0.4097,synthetic
6.75,6.9,71.0,18.0,389.2,3.63,4.0,44.0,0.0,,,,0.33,0.1799,0.0778,1.0,0.5624,synthetic
5.07,1.0,81.0,16.7,261.2,3.38,6.0,67.0,1.0,,,,23.57,0.0646,0.1772,3.0,0.3878,synthetic
7.34,5.7,64.0,80.1,361.6,2.32,6.0,22.0,1.0,,,,21.82,0.0968,0.2067,2.0,0.5004,synthetic
5.43,3.8,69.0,80.3,386.9,2.56,5.0,24.0,1.0,,,,22.31,0.1165,0.2811,2.0,0.4128,synthetic
7.89,2.7,74.0,44.9,227.1,0.22,7.0,46.0,0.0,,,,2.85,0.1938,0.1022,1.0,0.7853,synthetic
4.86,5.2,61.0,11.3,399.9,2.5,7.0,59.0,0.0,,,,22.74,0.05,0.0945,2.0,0.3135,synthetic
9.38,7.0,74.0,27.5,306.9,1.7,6.0,64.0,1.0,,,,0.76,0.1775,0.0791,3.0,0.6769,synthetic
7.92,6.6,56.0,67.9,209.5,1.43,5.0,43.0,0.0,,,,23.97,0.0586,0.2812,5.0,0.4004,synthetic
5.41,4.2,75.0,76.1,262.0,1.35,7.0,55.0,0.0,,,,2.23,0.2163,0.2981,5.0,0.5512,synthetic
4.57,6.3,56.0,31.3,77.7,3.24,0.0,49.0,1.0,,,,1.3,0.1372,0.1528,5.0,0.4682,synthetic
6.17,6.2,81.0,5.5,4.4,2.15,0.0,72.0,1.0,,,,20.56,0.0619,0.1165,3.0,0.3974,synthetic
5.26,4.3,58.0,59.9,102.7,2.13,4.0,55.0,1.0,,,,22.49,0.0785,0.1512,2.0,0.4086,synthetic
5.59,3.1,76.0,66.6,174.0,0.8,5.0,41.0,1.0,,,,0.98,0.2144,0.2173,3.0,0.6195,synthetic
8.86,3.2,73.0,38.2,91.2,4.81,7.0,73.0,0.0,,,,21.13,0.0617,0.02,6.0,0.5209,synthetic
7.52,6.2,67.0,52.5,205.6,1.12,5.0,24.0,0.0,,,,23.52,0.0791,0.1838,1.0,0.5374,synthetic
5.38,4.4,76.0,88.9,263.2,2.03,1.0,74.0,1.0,,,,22.22,0.1108,0.1454,3.0,0.3201,synthetic
7.28,2.4,84.0,22.0,262.3,0.95,7.0,26.0,0.0,,,,20.45,0.1122,0.1596,1.0,0.6083,synthetic
5.78,1.1,55.0,51.6,357.5,3.52,0.0,34.0,0.0,,,,2.98,0.2061,0.2008,1.0,0.7221,synthetic
9.38,6.2,77.0,55.0,386.5,2.18,0.0,64.0,0.0,,,,2.51,0.1471,0.1446,3.0,0.7168,synthetic
4.66,3.4,66.0,49.4,356.3,2.07,5.0,59.0,1.0,,,,1.23,0.1843,0.1012,3.0,0.5276,synthetic
8.16,5.2,77.0,78.2,248.1,4.38,7.0,73.0,1.0,,,,21.41,0.05,0.1408,4.0,0.5054,synthetic
8.36,7.0,85.0,54.5,82.3,3.8,4.0,60.0,0.0,,,,2.92,0.1506,0.1616,6.0,0.6215,synthetic
4.84,1.9,76.0,45.7,377.4,2.6,1.0,54.0,0.0,,,,0.42,0.2307,0.1004,2.0,0.6044,synthetic
5.36,4.4,56.0,11.1,69.9,2.34,0.0,37.0,0.0,,,,2.76,0.1783,0.1753,2.0,0.5971,synthetic
6.42,4.2,67.0,63.3,60.6,4.8,7.0,18.0,1.0,,,,20.3,0.05,0.0863,0.0,0.3902,synthetic
8.84,5.3,72.0,11.9,127.0,4.78,2.0,25.0,0.0,,,,21.21,0.0975,0.0349,5.0,0.5364,synthetic
7.18,7.0,55.0,2.4,229.4,3.52,5.0,34.0,1.0,,,,0.74,0.0882,0.1358,4.0,0.5425,synthetic
7.78,1.8,76.0,44.0,272.6,3.8,2.0,20.0,0.0,,,,2.35,0.2151,0.1836,3.0,0.7501,synthetic
8.42,5.6,79.0,51.5,5.3,4.5,1.0,46.0,0.0,,,,21.23,0.05,0.0922,3.0,0.5083,synthetic
8.64,6.6,81.0,89.9,311.2,4.82,5.0,62.0,0.0,,,,22.22,0.05,0.1438,3.0,0.4362,synthetic
6.88,4.1,55.0,64.1,70.0,0.41,5.0,72.0,1.0,,,,0.12,0.182,0.2287,4.0,0.6592,synthetic
7.04,4.2,78.0,76.4,118.6,4.99,3.0,45.0,0.0,,,,3.0,0.12,0.1989,4.0,0.6213,synthetic
8.09,5.3,65.0,31.2,128.8,3.52,4.0,67.0,0.0,,,,1.6,0.1643,0.02,6.0,0.6254,synthetic
5.82,5.2,58.0,45.8,133.0,2.96,3.0,74.0,0.0,,,,2.46,0.1495,0.1794,5.0,0.5034,synthetic
8.77,5.7,71.0,87.7,304.1,2.07,4.0,67.0,0.0,,,,0.73,0.2171,0.2108,2.0,0.7212,synthetic
4.6,5.6,73.0,37.6,16.4,1.68,6.0,44.0,0.0,,,,2.14,0.2745,0.15,1.0,0.4997,synthetic
5.48,2.5,68.0,72.7,78.6,4.02,5.0,36.0,1.0,,,,23.55,0.0973,0.1964,1.0,0.4337,synthetic
8.5,6.5,84.0,47.3,8.9,3.27,2.0,73.0,0.0,,,,20.87,0.0666,0.02,4.0,0.4337,synthetic
6.2,6.8,56.0,20.2,311.3,1.0,1.0,31.0,0.0,,,,0.97,0.2037,0.1736,0.0,0.64,synthetic
5.25,4.9,66.0,52.2,393.5,3.05,5.0,41.0,0.0,,,,0.21,0.1294,0.1952,4.0,0.5165,synthetic
5.43,1.5,61.0,19.6,263.8,0.71,5.0,22.0,1.0,,,,23.4,0.1201,0.2519,1.0,0.4939,synthetic
7.15,4.3,52.0,0.3,236.1,2.48,2.0,63.0,0.0,,,,21.92,0.1068,0.1687,6.0,0.4614,synthetic
8.73,4.9,64.0,21.2,363.2,2.92,6.0,55.0,0.0,,,,1.49,0.1776,0.169,10.0,0.7092,synthetic
4.85,2.2,79.0,17.4,102.0,3.18,3.0,22.0,0.0,,,,1.74,0.1869,0.1518,4.0,0.6002,synthetic
4.65,3.8,71.0,33.4,26.6,0.73,2.0,30.0,0.0,,,,22.55,0.073,0.1595,2.0,0.401,synthetic
6.83,1.7,67.0,80.0,204.0,0.48,4.0,49.0,0.0,,,,2.49,0.1998,0.2802,5.0,0.7389,synthetic
9.28,5.7,69.0,34.9,104.1,1.29,1.0,48.0,1.0,,,,22.59,0.05,0.0548,2.0,0.6175,synthetic
5.9,4.8,63.0,76.1,180.4,3.04,5.0,63.0,0.0,,,,20.75,0.0965,0.1443,6.0,0.3615,synthetic
9.3,1.2,55.0,50.0,182.5,4.66,7.0,33.0,0.0,,,,21.17,0.05,0.1766,2.0,0.665,synthetic
8.94,5.2,74.0,0.7,127.5,3.9,7.0,70.0,0.0,,,,23.46,0.05,0.0377,4.0,0.5237,synthetic
5.92,4.4,83.0,17.0,194.5,3.73,3.0,43.0,0.0,,,,20.56,0.118,0.2149,1.0,0.3812,synthetic
8.58,5.5,82.0,83.8,152.1,1.65,2.0,64.0,1.0,,,,1.03,0.1618,0.1332,3.0,0.594,synthetic
7.93,3.7,59.0,54.4,45.2,0.56,3.0,31.0,1.0,,,,1.57,0.1592,0.1958,3.0,0.7751,synthetic
7.06,2.9,67.0,83.7,346.7,4.46,0.0,20.0,1.0,,,,23.85,0.05,0.2294,2.0,0.5121,synthetic
6.61,3.0,72.0,27.9,280.5,2.5,5.0,21.0,0.0,,,,2.25,0.2191,0.1927,4.0,0.6747,synthetic
8.58,3.4,82.0,64.5,16.5,0.5,3.0,39.0,1.0,,,,2.68,0.1747,0.283,2.0,0.8553,synthetic
8.47,4.5,58.0,69.5,46.3,2.67,0.0,72.0,0.0,,,,23.13,0.0675,0.133,2.0,0.5292,synthetic
8.28,4.8,55.0,87.8,38.6,3.38,4.0,20.0,1.0,,,,20.62,0.059,0.2439,3.0,0.5433,synthetic
9.49,4.1,87.0,1.6,24.7,1.6,5.0,39.0,1.0,,,,21.62,0.1111,0.1927,7.0,0.6656,synthetic
6.89,3.7,56.0,85.7,23.6,0.05,1.0,24.0,1.0,,,,0.6,0.2824,0.2358,0.0,0.7383,synthetic
8.53,3.8,90.0,35.2,62.8,3.11,3.0,71.0,1.0,,,,22.84,0.05,0.0319,5.0,0.5124,synthetic
8.81,9.5,74.0,75.4,339.1,0.2,7.0,56.0,0.0,,,,0.8,0.2327,0.1762,2.0,0.6774,synthetic
5.56,3.0,70.0,49.0,331.3,2.16,5.0,61.0,0.0,,,,0.67,0.1862,0.1517,4.0,0.584,synthetic
4.71,3.4,58.0,50.8,313.3,4.12,6.0,58.0,1.0,,,,0.24,0.1658,0.1538,1.0,0.5313,synthetic
6.52,10.0,84.0,32.3,245.9,4.99,3.0,55.0,0.0,,,,21.1,0.05,0.0999,4.0,0.239,synthetic
8.78,5.3,57.0,74.6,289.4,1.85,3.0,62.0,1.0,,,,22.0,0.05,0.1336,2.0,0.511,synthetic
5.95,1.7,66.0,23.8,295.4,0.1,3.0,18.0,1.0,,,,22.65,0.05,0.2628,1.0,0.5154,synthetic
8.0,6.2,52.0,44.3,355.7,2.46,3.0,67.0,1.0,,,,1.77,0.181,0.0837,2.0,0.6892,synthetic
4.54,2.7,51.0,50.4,292.9,1.38,1.0,60.0,0.0,,,,0.78,0.1731,0.1394,2.0,0.5623,synthetic
6.28,6.3,79.0,66.8,294.6,4.46,0.0,60.0,1.0,,,,0.51,0.1513,0.0802,5.0,0.5169,synthetic
7.58,4.1,58.0,42.4,321.6,3.56,6.0,40.0,0.0,,,,0.7,0.1397,0.1231,1.0,0.6575,synthetic
5.15,3.6,74.0,61.2,222.5,2.02,4.0,63.0,0.0,,,,23.52,0.0655,0.1935,2.0,0.4358,synthetic
8.98,7.7,79.0,43.7,85.2,3.81,4.0,39.0,0.0,,,,20.28,0.0829,0.1645,2.0,0.4913,synthetic
5.28,5.6,70.0,59.3,33.8,1.71,4.0,20.0,1.0,,,,21.41,0.1152,0.1723,1.0,0.3413,synthetic
9.05,6.4,76.0,60.7,167.6,2.61,3.0,69.0,1.0,,,,20.98,0.0616,0.1288,10.0,0.4892,synthetic
5.58,5.4,60.0,63.8,36.7,4.61,7.0,31.0,1.0,,,,20.45,0.1029,0.1315,3.0,0.3226,synthetic
9.47,3.6,83.0,74.1,67.7,1.0,3.0,23.0,1.0,,,,22.24,0.05,0.2292,2.0,0.6949,synthetic
7.52,5.7,58.0,48.7,9.5,1.57,4.0,53.0,0.0,,,,1.51,0.1922,0.2294,3.0,0.6223,synthetic
4.92,6.9,74.0,17.4,120.1,4.43,4.0,31.0,0.0,,,,20.81,0.1001,0.1016,2.0,0.3036,synthetic
4.83,4.8,83.0,61.2,388.0,2.31,1.0,66.0,1.0,,,,20.78,0.1038,0.2162,3.0,0.3508,synthetic
4.87,8.1,82.0,6.9,151.6,1.59,1.0,43.0,0.0,,,,20.87,0.1482,0.152,3.0,0.2646,synthetic
7.45,6.2,52.0,19.7,96.4,0.19,1.0,18.0,0.0,,,,21.89,0.1264,0.2482,3.0,0.4488,synthetic
8.55,4.9,65.0,71.3,161.4,2.09,2.0,72.0,1.0,,,,21.42,0.0826,0.0272,4.0,0.4962,synthetic
6.51,5.0,84.0,39.2,120.5,2.5,1.0,47.0,1.0,,,,20.1,0.0902,0.2183,3.0,0.4554,synthetic
6.72,4.8,84.0,44.8,269.6,2.03,1.0,32.0,0.0,,,,21.94,0.05,0.1944,7.0,0.4005,synthetic
7.45,2.0,75.0,88.9,253.8,1.39,7.0,56.0,1.0,,,,2.97,0.1707,0.1228,2.0,0.722,synthetic
7.17,4.3,54.0,21.2,10.9,1.85,2.0,48.0,0.0,,,,22.36,0.0942,0.1962,2.0,0.5414,synthetic
7.94,4.9,66.0,1.8,204.5,3.21,6.0,19.0,0.0,,,,21.48,0.0918,0.1463,3.0,0.5224,synthetic
6.86,3.7,88.0,10.0,14.5,4.46,3.0,61.0,0.0,,,,23.47,0.1033,0.0871,4.0,0.4172,synthetic
8.07,5.2,54.0,22.0,270.9,3.25,6.0,40.0,1.0,,,,21.61,0.05,0.0946,7.0,0.5035,synthetic
9.49,4.5,82.0,65.3,374.3,3.23,6.0,57.0,0.0,,,,23.92,0.0555,0.1832,4.0,0.5943,synthetic
6.25,6.0,67.0,69.8,363.0,4.08,6.0,69.0,0.0,,,,22.8,0.0805,0.0511,3.0,0.3177,synthetic
4.56,5.8,80.0,50.9,82.3,0.83,2.0,52.0,1.0,,,,2.28,0.2194,0.2263,2.0,0.5071,synthetic
5.13,4.8,52.0,23.0,297.1,1.51,0.0,56.0,1.0,,,,2.5,0.1761,0.1386,2.0,0.5579,synthetic
7.27,1.8,50.0,47.0,317.2,0.25,2.0,32.0,1.0,,,,0.99,0.2258,0.3081,2.0,0.8171,synthetic
6.22,8.1,62.0,1.3,345.7,1.75,5.0,31.0,1.0,,,,21.51,0.0881,0.1637,3.0,0.3849,synthetic
9.2,4.2,85.0,61.4,103.8,4.99,5.0,41.0,1.0,,,,23.32,0.05,0.0842,2.0,0.5797,synthetic
7.64,4.3,77.0,55.3,180.3,1.65,5.0,66.0,1.0,,,,22.14,0.0516,0.1602,3.0,0.4562,synthetic
7.1,3.8,74.0,2.0,88.6,4.3,7.0,47.0,1.0,,,,1.59,0.1529,0.0905,3.0,0.6762,synthetic
8.49,3.5,90.0,73.5,9.7,0.43,1.0,37.0,1.0,,,,20.2,0.1668,0.2062,2.0,0.6502,synthetic
5.79,7.6,64.0,68.7,263.6,2.3,3.0,62.0,0.0,,,,0.64,0.201,0.2113,2.0,0.4572,synthetic
8.6,7.3,84.0,27.7,172.6,1.76,3.0,66.0,0.0,,,,22.26,0.0561,0.0838,3.0,0.4864,synthetic
4.52,5.4,54.0,57.2,99.2,1.01,1.0,69.0,1.0,,,,23.37,0.0968,0.1722,3.0,0.2867,synthetic
7.6,4.3,57.0,54.1,338.8,1.86,5.0,35.0,0.0,,,,22.26,0.1272,0.2402,4.0,0.4926,synthetic
9.17,5.7,69.0,12.9,198.3,3.26,0.0,58.0,1.0,,,,22.55,0.115,0.0614,3.0,0.5774,synthetic
8.44,4.6,88.0,17.4,397.9,2.45,7.0,51.0,0.0,,,,0.72,0.1241,0.1143,2.0,0.795,synthetic
8.77,4.1,78.0,61.5,317.3,4.22,0.0,43.0,1.0,,,,0.17,0.1595,0.091,2.0,0.7638,synthetic
6.48,5.2,55.0,84.0,347.7,4.52,0.0,40.0,0.0,,,,21.71,0.0563,0.2134,2.0,0.4067,synthetic
8.62,3.6,88.0,51.9,309.3,2.41,1.0,24.0,1.0,,,,20.31,0.109,0.1425,6.0,0.5509,synthetic
7.25,5.0,81.0,51.1,42.4,4.91,7.0,33.0,0.0,,,,1.99,0.1697,0.1419,6.0,0.6607,synthetic
7.59,4.9,79.0,58.2,26.0,0.36,6.0,49.0,0.0,,,,23.45,0.1012,0.1805,0.0,0.5459,synthetic
4.79,5.7,72.0,39.7,366.0,1.38,7.0,68.0,0.0,,,,0.33,0.2018,0.1842,7.0,0.4073,synthetic
5.51,3.3,66.0,4.9,55.3,2.08,6.0,67.0,1.0,,,,23.42,0.1278,0.0577,3.0,0.3788,synthetic
7.25,5.9,54.0,35.7,156.5,2.91,7.0,28.0,0.0,,,,0.33,0.2028,0.114,2.0,0.6617,synthetic
4.79,2.7,75.0,81.0,244.0,2.73,3.0,56.0,1.0,,,,0.39,0.1874,0.2363,2.0,0.6181,synthetic
8.21,3.4,55.0,72.4,84.8,2.84,0.0,22.0,0.0,,,,20.11,0.0861,0.172,2.0,0.5848,synthetic
8.7,3.4,74.0,83.5,90.1,4.48,3.0,56.0,0.0,,,,23.73,0.05,0.0792,5.0,0.548,synthetic
9.1,2.4,72.0,13.8,186.5,1.39,1.0,37.0,1.0,,,,23.51,0.0817,0.0977,4.0,0.6558,synthetic
5.01,6.5,74.0,45.5,144.4,4.08,1.0,43.0,0.0,,,,20.67,0.0712,0.2066,3.0,0.3193,synthetic
9.2,2.6,83.0,52.6,270.6,2.79,5.0,58.0,0.0,,,,1.22,0.2359,0.175,8.0,0.8409,synthetic
4.84,3.1,66.0,18.9,30.0,2.45,1.0,42.0,1.0,,,,21.65,0.1588,0.1764,3.0,0.4009,synthetic
6.87,7.0,67.0,18.1,195.5,1.5,2.0,64.0,1.0,,,,20.38,0.0612,0.1392,4.0,0.4093,synthetic
8.7,3.4,52.0,70.4,69.7,1.52,3.0,48.0,1.0,,,,1.62,0.2204,0.2153,1.0,0.7885,synthetic
4.85,4.1,62.0,60.5,242.7,1.94,0.0,74.0,0.0,,,,2.06,0.1403,0.0955,3.0,0.5006,synthetic
4.59,2.5,53.0,58.2,46.5,3.82,5.0,54.0,1.0,,,,21.68,0.0742,0.1462,5.0,0.3613,synthetic
4.62,6.2,56.0,24.0,79.1,2.38,6.0,34.0,0.0,,,,0.81,0.2553,0.1868,1.0,0.4897,synthetic
7.06,6.2,67.0,45.6,321.6,0.77,4.0,62.0,1.0,,,,20.03,0.1736,0.1237,2.0,0.4454,synthetic
8.56,6.0,66.0,2.1,94.1,3.8,0.0,41.0,1.0,,,,1.05,0.1873,0.0799,3.0,0.6907,synthetic
5.14,5.6,87.0,11.7,294.8,3.32,6.0,48.0,0.0,,,,23.25,0.115,0.038,2.0,0.2924,synthetic
5.12,4.6,55.0,46.6,109.2,4.75,3.0,25.0,0.0,,,,1.55,0.1792,0.2206,7.0,0.5682,synthetic
7.34,3.5,56.0,27.9,94.0,2.65,2.0,24.0,0.0,,,,22.75,0.05,0.1214,3.0,0.5528,synthetic
5.67,2.9,80.0,86.9,119.7,3.27,7.0,50.0,0.0,,,,22.46,0.1432,0.2255,2.0,0.4799,synthetic
8.15,7.1,51.0,42.4,352.4,2.4,6.0,28.0,0.0,,,,1.89,0.1791,0.2117,3.0,0.637,synthetic
9.25,6.0,76.0,7.5,158.9,3.4,3.0,74.0,1.0,,,,20.27,0.05,0.02,2.0,0.5095,synthetic
8.33,3.1,80.0,1.6,97.5,2.18,3.0,66.0,0.0,,,,21.31,0.0751,0.1248,4.0,0.5602,synthetic
8.89,4.6,75.0,65.3,214.7,0.69,7.0,57.0,0.0,,,,22.88,0.0776,0.1978,6.0,0.5964,synthetic
7.1,3.9,62.0,15.4,154.3,4.93,1.0,59.0,1.0,,,,0.17,0.0674,0.02,7.0,0.5581,synthetic
8.66,2.2,54.0,16.9,316.1,3.6,3.0,51.0,0.0,,,,20.04,0.1157,0.0439,2.0,0.6604,synthetic
5.41,4.9,90.0,38.1,396.2,3.04,4.0,21.0,1.0,,,,0.03,0.1696,0.2405,3.0,0.5778,synthetic
4.84,3.7,84.0,23.8,210.6,2.41,2.0,40.0,1.0,,,,22.65,0.1057,0.1724,2.0,0.3056,synthetic
7.78,2.6,79.0,55.5,180.7,3.56,2.0,46.0,1.0,,,,0.41,0.1609,0.0823,4.0,0.6999,synthetic
4.76,1.5,57.0,43.7,137.2,0.63,0.0,70.0,0.0,,,,2.35,0.2193,0.0598,0.0,0.6507,synthetic
8.96,1.4,67.0,10.0,389.3,1.63,2.0,30.0,0.0,,,,23.09,0.1258,0.2202,6.0,0.6929,synthetic
7.96,3.8,78.0,70.6,193.3,0.62,2.0,46.0,1.0,,,,23.88,0.1513,0.1773,0.0,0.5885,synthetic
9.26,4.3,54.0,38.3,71.2,0.63,6.0,37.0,1.0,,,,23.24,0.1048,0.0688,2.0,0.6586,synthetic
6.07,2.7,88.0,55.0,387.7,0.11,2.0,25.0,0.0,,,,20.83,0.1176,0.2494,1.0,0.5205,synthetic
6.93,5.8,88.0,0.4,384.4,3.78,1.0,23.0,1.0,,,,1.55,0.1867,0.1292,2.0,0.5925,synthetic
8.21,4.4,56.0,56.4,174.3,1.14,6.0,38.0,1.0,,,,2.2,0.2143,0.1415,2.0,0.7159,synthetic
5.71,5.7,58.0,25.5,139.3,4.16,2.0,22.0,0.0,,,,1.68,0.1905,0.1521,2.0,0.5253,synthetic
7.21,4.1,65.0,44.5,272.2,4.52,7.0,21.0,1.0,,,,2.63,0.1529,0.1548,4.0,0.6605,synthetic
7.8,2.9,68.0,26.8,331.6,0.84,0.0,37.0,0.0,,,,23.28,0.0835,0.1444,3.0,0.564,synthetic
9.39,4.7,68.0,89.7,199.4,3.54,0.0,29.0,1.0,,,,0.57,0.2124,0.1676,3.0,0.808,synthetic
8.22,2.0,78.0,20.8,132.3,2.3,7.0,49.0,1.0,,,,21.18,0.0561,0.1318,2.0,0.634,synthetic
5.09,5.6,69.0,82.2,120.6,4.59,0.0,19.0,1.0,,,,2.84,0.1511,0.1964,4.0,0.491,synthetic
6.88,2.6,57.0,82.6,130.6,2.42,0.0,35.0,0.0,,,,0.06,0.2492,0.2507,3.0,0.7017,synthetic
7.44,6.3,60.0,37.9,47.2,1.89,5.0,43.0,0.0,,,,21.83,0.0976,0.1574,2.0,0.5176,synthetic
5.23,3.8,66.0,27.4,311.4,1.47,2.0,72.0,1.0,,,,1.64,0.231,0.1809,3.0,0.5673,synthetic
6.66,6.6,71.0,34.3,42.0,4.52,3.0,54.0,1.0,,,,0.11,0.2062,0.0868,3.0,0.5516,synthetic
5.92,2.3,87.0,89.0,159.3,1.13,3.0,68.0,1.0,,,,2.65,0.1431,0.2051,1.0,0.6526,synthetic
5.09,3.1,54.0,55.7,334.0,4.14,2.0,37.0,0.0,,,,1.39,0.1356,0.2674,3.0,0.5423,synthetic
7.06,5.3,82.0,49.0,161.6,0.97,3.0,43.0,0.0,,,,2.14,0.2214,0.2298,1.0,0.6616,synthetic
5.33,6.8,62.0,3.2,117.9,3.22,2.0,41.0,1.0,,,,23.83,0.05,0.139,2.0,0.294,synthetic
7.45,7.8,79.0,76.3,379.3,2.26,1.0,68.0,0.0,,,,23.62,0.05,0.1728,2.0,0.3418,synthetic
5.35,4.6,60.0,7.5,50.6,0.52,1.0,72.0,1.0,,,,1.3,0.1919,0.2257,2.0,0.538,synthetic
8.12,8.2,65.0,4.2,353.9,0.63,0.0,72.0,0.0,,,,20.74,0.05,0.0406,4.0,0.3957,synthetic
5.48,3.9,68.0,24.7,24.8,1.41,4.0,60.0,0.0,,,,20.38,0.1138,0.0911,1.0,0.4574,synthetic
8.98,6.7,80.0,42.8,165.4,3.83,4.0,46.0,0.0,,,,2.89,0.087,0.1177,3.0,0.6892,synthetic
4.63,2.6,57.0,80.6,252.7,3.64,0.0,48.0,1.0,,,,2.41,0.113,0.2072,4.0,0.5629,synthetic
7.11,5.3,64.0,71.1,148.0,1.03,3.0,73.0,1.0,,,,2.69,0.1038,0.0364,3.0,0.5814,synthetic
6.1,1.0,71.0,17.8,213.8,2.38,5.0,34.0,0.0,,,,20.44,0.1619,0.0965,2.0,0.5179,synthetic
5.63,2.3,76.0,33.5,81.6,0.48,0.0,37.0,0.0,,,,21.89,0.1477,0.2234,2.0,0.4556,synthetic
6.86,5.4,53.0,70.2,227.6,3.58,2.0,69.0,1.0,,,,2.31,0.1332,0.1225,4.0,0.5585,synthetic
8.71,1.9,54.0,47.4,53.8,3.97,7.0,40.0,0.0,,,,20.63,0.1171,0.1357,9.0,0.6654,synthetic
9.08,5.4,79.0,15.7,318.4,4.47,3.0,31.0,1.0,,,,23.16,0.089,0.0965,2.0,0.5498,synthetic
6.02,6.3,65.0,35.6,233.5,4.43,0.0,49.0,0.0,,,,22.39,0.0823,0.1682,3.0,0.3392,synthetic
5.27,3.5,57.0,56.3,192.8,1.69,4.0,36.0,0.0,,,,2.16,0.1752,0.2219,1.0,0.6007,synthetic
8.1,2.6,61.0,87.6,21.9,1.27,3.0,68.0,0.0,,,,23.63,0.05,0.1309,3.0,0.5724,synthetic
7.41,3.6,74.0,59.6,199.9,4.48,1.0,69.0,1.0,,,,22.03,0.0523,0.1406,6.0,0.4824,synthetic
5.51,2.6,88.0,1.5,225.4,0.73,0.0,35.0,0.0,,,,23.67,0.1124,0.1166,2.0,0.5095,synthetic
8.3,4.3,79.0,63.5,106.3,0.3,7.0,48.0,1.0,,,,20.79,0.1499,0.184,1.0,0.6442,synthetic
7.09,4.7,82.0,22.6,271.0,1.57,6.0,74.0,0.0,,,,1.12,0.2091,0.1023,3.0,0.6484,synthetic
7.77,3.9,74.0,77.6,30.7,3.8,5.0,60.0,0.0,,,,0.33,0.179,0.1081,6.0,0.6741,synthetic
6.3,7.8,65.0,34.6,83.5,3.47,0.0,30.0,1.0,,,,0.2,0.1993,0.0717,6.0,0.4776,synthetic
6.7,3.1,88.0,18.0,295.0,4.94,6.0,51.0,1.0,,,,23.06,0.05,0.0911,5.0,0.4337,synthetic
5.4,7.3,53.0,42.1,58.9,1.8,3.0,53.0,0.0,,,,22.06,0.1031,0.1264,5.0,0.2818,synthetic
8.28,2.4,82.0,23.0,98.2,1.38,3.0,55.0,0.0,,,,20.46,0.054,0.1253,3.0,0.6379,synthetic
5.29,4.6,60.0,21.2,260.3,1.89,7.0,19.0,0.0,,,,2.63,0.2265,0.1815,5.0,0.5503,synthetic
8.39,6.9,74.0,51.6,291.5,3.91,3.0,35.0,1.0,,,,22.92,0.0985,0.1108,1.0,0.492,synthetic
8.49,6.8,89.0,69.1,20.6,1.07,1.0,66.0,0.0,,,,23.47,0.0711,0.2527,10.0,0.4507,synthetic
8.23,3.7,84.0,75.1,50.6,4.74,1.0,31.0,0.0,,,,22.63,0.0764,0.1186,4.0,0.5372,synthetic
4.6,5.6,84.0,35.8,178.4,2.56,7.0,35.0,0.0,,,,2.92,0.2051,0.2784,2.0,0.4508,synthetic
5.87,5.3,83.0,6.0,237.1,3.92,4.0,36.0,1.0,,,,1.57,0.075,0.1834,3.0,0.5538,synthetic
6.84,3.4,68.0,43.6,181.5,4.14,4.0,28.0,0.0,,,,20.67,0.1256,0.1792,5.0,0.4692,synthetic
7.48,5.7,66.0,39.0,258.8,2.39,4.0,26.0,1.0,,,,0.26,0.1397,0.1228,7.0,0.5874,synthetic
9.1,8.2,71.0,17.7,302.4,3.71,1.0,37.0,0.0,,,,23.39,0.05,0.1588,4.0,0.481,synthetic
6.38,5.4,61.0,80.7,379.8,1.82,3.0,67.0,0.0,,,,1.55,0.2351,0.1914,4.0,0.5796,synthetic
8.88,5.6,69.0,87.7,140.0,4.05,7.0,18.0,0.0,,,,2.98,0.1504,0.1938,3.0,0.6795,synthetic
5.32,5.8,55.0,4.7,65.2,4.12,1.0,34.0,0.0,,,,1.21,0.1928,0.1673,8.0,0.4864,synthetic
6.36,1.6,86.0,71.6,105.6,2.83,7.0,21.0,0.0,,,,2.05,0.1608,0.1657,5.0,0.6886,synthetic
4.76,5.4,79.0,58.1,59.3,1.09,2.0,50.0,1.0,,,,23.52,0.1401,0.1212,1.0,0.3972,synthetic
8.21,2.5,52.0,23.5,157.7,4.85,2.0,32.0,0.0,,,,22.62,0.0794,0.1519,4.0,0.5609,synthetic
5.25,3.3,76.0,57.2,349.0,4.73,0.0,63.0,1.0,,,,0.5,0.0756,0.0469,6.0,0.4808,synthetic
5.79,8.8,80.0,11.6,138.8,3.1,5.0,51.0,0.0,,,,1.25,0.2289,0.0969,5.0,0.416,synthetic
8.38,4.0,84.0,6.2,59.5,4.92,2.0,62.0,0.0,,,,21.59,0.0534,0.02,4.0,0.5118,synthetic
7.17,3.0,63.0,89.4,209.1,2.51,3.0,54.0,0.0,,,,23.52,0.1212,0.2116,3.0,0.525,synthetic
4.57,6.8,75.0,57.3,396.8,1.88,4.0,42.0,0.0,,,,20.8,0.1715,0.218,3.0,0.3212,synthetic
4.51,2.6,61.0,22.8,75.3,2.3,5.0,67.0,1.0,,,,21.51,0.1062,0.1351,2.0,0.3454,synthetic
7.05,3.6,84.0,40.5,311.1,0.23,7.0,45.0,0.0,,,,2.17,0.2394,0.1098,1.0,0.736,synthetic
6.02,7.0,85.0,85.5,329.3,2.75,4.0,72.0,1.0,,,,21.01,0.1174,0.0846,4.0,0.3023,synthetic
5.4,4.6,53.0,39.5,160.5,3.33,1.0,74.0,1.0,,,,1.68,0.1341,0.1089,3.0,0.4412,synthetic
7.57,1.4,61.0,81.0,247.8,0.55,5.0,51.0,1.0,,,,22.61,0.0905,0.2503,1.0,0.6671,synthetic
5.64,5.6,54.0,78.2,172.9,1.28,0.0,56.0,0.0,,,,0.64,0.1562,0.0844,1.0,0.5117,synthetic
7.46,3.7,66.0,31.0,104.9,3.61,6.0,32.0,0.0,,,,2.37,0.1938,0.2193,2.0,0.6918,synthetic
6.4,7.6,50.0,62.6,170.4,3.97,2.0,64.0,1.0,,,,1.47,0.1596,0.0497,4.0,0.4545,synthetic
5.43,3.3,81.0,59.4,38.1,4.93,5.0,56.0,0.0,,,,1.78,0.1467,0.1749,2.0,0.5611,synthetic
5.19,6.6,67.0,69.4,282.8,1.27,1.0,69.0,0.0,,,,21.83,0.0975,0.1693,2.0,0.3029,synthetic
5.68,8.1,71.0,32.9,331.7,4.21,3.0,33.0,1.0,,,,22.53,0.085,0.2141,5.0,0.2644,synthetic
4.65,2.8,80.0,4.7,123.0,0.86,5.0,62.0,1.0,,,,1.13,0.1624,0.1703,2.0,0.5621,synthetic
6.04,4.1,78.0,15.4,226.6,0.65,4.0,44.0,1.0,,,,1.44,0.183,0.214,4.0,0.6191,synthetic
9.01,5.3,63.0,55.5,92.9,3.65,0.0,28.0,0.0,,,,1.53,0.1388,0.2258,1.0,0.8415,synthetic
8.66,2.8,81.0,69.8,51.0,2.23,0.0,27.0,1.0,,,,1.18,0.212,0.1038,2.0,0.8032,synthetic
6.36,5.0,76.0,68.0,265.4,3.97,7.0,50.0,0.0,,,,21.62,0.079,0.1625,3.0,0.3696,synthetic
7.38,4.1,59.0,52.5,53.6,1.41,4.0,36.0,1.0,,,,22.02,0.0506,0.1883,4.0,0.476,synthetic
7.34,4.0,51.0,7.6,312.8,1.07,6.0,23.0,1.0,,,,2.59,0.2675,0.0909,2.0,0.7234,synthetic
8.64,4.6,80.0,1.6,108.7,2.74,0.0,42.0,1.0,,,,23.88,0.0555,0.0753,5.0,0.4871,synthetic
5.68,4.6,57.0,70.4,327.4,0.58,3.0,55.0,1.0,,,,1.28,0.1809,0.1993,1.0,0.5769,synthetic
5.98,4.8,55.0,49.4,147.4,1.39,4.0,36.0,0.0,,,,0.19,0.2489,0.2799,0.0,0.6142,synthetic
6.01,3.3,67.0,70.4,147.5,0.83,7.0,72.0,0.0,,,,2.47,0.2142,0.2116,1.0,0.6468,synthetic
4.7,3.4,87.0,14.7,300.2,1.6,5.0,62.0,0.0,,,,2.08,0.209,0.1019,2.0,0.5593,synthetic
6.07,4.3,79.0,36.7,204.1,3.83,5.0,47.0,0.0,,,,21.83,0.05,0.1466,2.0,0.386,synthetic
8.89,4.4,82.0,82.7,80.4,0.6,2.0,71.0,1.0,,,,2.19,0.1625,0.0737,2.0,0.7686,synthetic
9.06,3.6,61.0,15.4,340.2,3.06,7.0,42.0,0.0,,,,22.1,0.0926,0.1226,4.0,0.5334,synthetic
5.05,5.1,83.0,5.5,136.1,2.92,2.0,25.0,1.0,,,,23.09,0.0764,0.2432,2.0,0.3163,synthetic
6.79,1.0,67.0,58.8,41.1,2.69,2.0,20.0,0.0,,,,1.96,0.1329,0.1201,3.0,0.7382,synthetic
6.41,3.0,89.0,53.5,166.4,2.42,5.0,71.0,0.0,,,,22.27,0.05,0.1502,8.0,0.4109,synthetic
6.95,3.9,73.0,85.7,229.6,3.32,7.0,72.0,0.0,,,,22.04,0.0829,0.0452,4.0,0.4601,synthetic
7.27,2.8,74.0,81.6,244.0,4.26,6.0,60.0,1.0,,,,0.68,0.1909,0.0494,2.0,0.6295,synthetic
4.6,7.8,87.0,67.4,334.2,0.81,1.0,23.0,1.0,,,,3.0,0.1893,0.243,5.0,0.3921,synthetic
8.71,4.5,88.0,1.7,216.6,4.07,6.0,34.0,1.0,,,,20.92,0.0947,0.0777,4.0,0.5718,synthetic
9.37,4.9,51.0,43.2,89.5,0.31,2.0,20.0,0.0,,,,0.91,0.1801,0.2053,1.0,0.8569,synthetic
7.77,3.5,59.0,80.6,104.7,2.41,1.0,20.0,0.0,,,,23.69,0.05,0.2498,1.0,0.5808,synthetic
7.8,4.5,75.0,39.0,40.3,2.56,7.0,32.0,1.0,,,,22.87,0.0858,0.1578,2.0,0.5345,synthetic
7.14,2.1,50.0,86.6,294.4,0.99,7.0,50.0,1.0,,,,1.25,0.1661,0.2537,7.0,0.6997,synthetic
6.17,4.2,63.0,58.7,42.4,0.45,2.0,21.0,0.0,,,,23.88,0.1317,0.2662,2.0,0.4442,synthetic
5.24,2.6,58.0,9.9,242.3,0.37,0.0,74.0,1.0,,,,1.58,0.2224,0.1387,1.0,0.6799,synthetic
7.42,3.9,71.0,45.8,238.8,0.19,1.0,43.0,0.0,,,,1.21,0.1782,0.1338,7.0,0.6605,synthetic
4.72,1.0,74.0,62.6,314.2,2.87,4.0,33.0,0.0,,,,2.9,0.1716,0.1588,3.0,0.5467,synthetic
8.62,2.2,58.0,5.9,29.9,0.78,0.0,47.0,1.0,,,,1.68,0.1802,0.221,1.0,0.8811,synthetic
6.6,7.4,71.0,31.0,81.2,4.04,1.0,63.0,0.0,,,,20.47,0.0751,0.1342,3.0,0.2981,synthetic
6.57,6.2,66.0,64.5,363.8,4.49,1.0,35.0,0.0,,,,1.46,0.1488,0.171,2.0,0.6135,synthetic
6.14,7.1,90.0,14.1,228.9,1.46,7.0,20.0,1.0,,,,0.55,0.186,0.0931,1.0,0.6352,synthetic
9.35,7.3,53.0,31.4,183.1,0.82,2.0,20.0,1.0,,,,20.63,0.0805,0.1744,1.0,0.591,synthetic
5.37,5.8,84.0,62.1,299.1,2.05,3.0,66.0,0.0,,,,0.24,0.1467,0.157,8.0,0.4714,synthetic
5.26,3.6,90.0,69.8,361.0,4.41,3.0,24.0,0.0,,,,1.26,0.2176,0.2127,2.0,0.5083,synthetic
5.33,2.4,72.0,46.7,105.2,2.0,0.0,54.0,1.0,,,,21.38,0.1121,0.1914,2.0,0.4864,synthetic
7.79,6.8,77.0,86.1,360.6,0.54,4.0,39.0,1.0,,,,23.04,0.0981,0.2529,1.0,0.4411,synthetic
9.46,4.6,55.0,83.3,43.5,4.92,7.0,62.0,1.0,,,,23.8,0.05,0.1302,2.0,0.515,synthetic
5.68,9.5,64.0,42.6,391.1,2.5,6.0,21.0,1.0,,,,22.89,0.05,0.1539,1.0,0.2672,synthetic
9.03,3.8,57.0,14.4,65.9,1.71,2.0,69.0,0.0,,,,2.13,0.1904,0.0978,3.0,0.7828,synthetic
5.89,8.4,73.0,69.6,106.5,4.47,0.0,57.0,1.0,,,,21.18,0.05,0.1034,2.0,0.2346,synthetic
7.74,4.2,88.0,21.9,38.6,4.64,6.0,43.0,0.0,,,,1.4,0.2301,0.1872,3.0,0.6715,synthetic
4.7,7.2,51.0,75.9,321.5,2.48,6.0,29.0,0.0,,,,1.45,0.1883,0.1883,2.0,0.3946,synthetic
6.98,7.9,70.0,52.8,393.7,1.53,7.0,73.0,1.0,,,,23.14,0.1085,0.1184,3.0,0.3412,synthetic
7.77,2.5,79.0,35.5,118.8,2.41,4.0,35.0,0.0,,,,23.78,0.0622,0.0961,1.0,0.5569,synthetic
7.18,3.5,67.0,50.1,130.2,1.1,3.0,45.0,1.0,,,,21.07,0.1163,0.2068,3.0,0.5279,synthetic
5.69,2.4,72.0,48.0,111.6,2.39,6.0,40.0,0.0,,,,21.37,0.0526,0.227,2.0,0.4903,synthetic
8.64,2.0,68.0,83.2,61.9,1.15,5.0,31.0,1.0,,,,23.72,0.0607,0.1989,2.0,0.6689,synthetic
9.35,5.8,74.0,19.3,315.0,3.11,6.0,41.0,1.0,,,,21.57,0.1868,0.1316,3.0,0.6062,synthetic
6.8,4.1,53.0,83.5,24.3,3.8,2.0,26.0,0.0,,,,1.65,0.1938,0.2033,9.0,0.6058,synthetic
7.68,4.6,72.0,2.8,387.1,4.85,7.0,18.0,0.0,,,,0.31,0.1384,0.151,6.0,0.6649,synthetic
8.45,5.6,70.0,69.2,370.9,4.21,0.0,34.0,1.0,,,,20.4,0.1275,0.0962,3.0,0.5251,synthetic
5.71,1.0,57.0,82.8,47.4,0.43,0.0,24.0,0.0,,,,22.51,0.0558,0.2376,0.0,0.5461,synthetic
8.82,7.1,71.0,35.5,211.8,1.06,5.0,41.0,0.0,,,,2.01,0.152,0.2043,2.0,0.7324,synthetic
5.9,3.8,69.0,6.6,397.1,2.66,4.0,67.0,0.0,,,,21.94,0.05,0.1382,3.0,0.3774,synthetic
8.38,5.6,74.0,72.4,341.0,1.29,4.0,27.0,1.0,,,,1.04,0.2032,0.311,2.0,0.7407,synthetic
5.06,5.7,73.0,75.9,286.1,0.07,7.0,18.0,0.0,,,,20.66,0.1543,0.2669,2.0,0.4186,synthetic
5.94,7.2,66.0,30.3,9.0,3.77,6.0,24.0,1.0,,,,2.51,0.1211,0.2483,3.0,0.5158,synthetic
7.17,4.3,81.0,46.7,27.4,1.79,5.0,46.0,0.0,,,,23.15,0.1017,0.1634,0.0,0.5268,synthetic
7.12,1.0,64.0,72.9,317.6,0.33,1.0,33.0,0.0,,,,23.44,0.05,0.2278,2.0,0.6348,synthetic
8.75,4.6,69.0,17.3,150.6,2.54,0.0,45.0,0.0,,,,23.99,0.0734,0.1643,4.0,0.5205,synthetic
9.48,4.9,67.0,56.6,267.4,4.89,1.0,19.0,1.0,,,,22.54,0.05,0.0814,2.0,0.5758,synthetic
5.04,2.4,69.0,38.8,295.7,3.39,4.0,36.0,0.0,,,,1.08,0.188,0.1076,2.0,0.5594,synthetic
5.86,4.8,82.0,15.7,168.9,0.79,5.0,41.0,0.0,,,,20.1,0.0918,0.165,1.0,0.4543,synthetic
6.29,3.8,78.0,74.8,57.4,2.57,6.0,42.0,1.0,,,,21.14,0.05,0.1381,6.0,0.4577,synthetic
6.89,1.8,52.0,29.2,154.7,4.51,0.0,49.0,0.0,,,,21.32,0.05,0.1202,3.0,0.5355,synthetic
6.97,5.8,70.0,84.1,348.4,0.27,2.0,62.0,0.0,,,,0.45,0.2569,0.219,2.0,0.646,synthetic
8.78,3.4,55.0,51.2,132.4,3.19,2.0,44.0,0.0,,,,2.23,0.1481,0.237,4.0,0.7806,synthetic
8.35,3.7,79.0,46.3,25.1,3.61,5.0,65.0,0.0,,,,20.45,0.05,0.1591,8.0,0.5202,synthetic
4.59,3.6,89.0,38.1,383.7,3.52,0.0,48.0,1.0,,,,1.97,0.0869,0.2351,2.0,0.5523,synthetic
6.78,7.0,75.0,36.1,272.3,0.75,6.0,32.0,1.0,,,,1.74,0.2107,0.2635,4.0,0.5461,synthetic
7.59,4.4,65.0,73.6,216.3,4.54,0.0,31.0,1.0,,,,20.54,0.05,0.1138,5.0,0.4626,synthetic
6.8,4.7,53.0,61.0,331.6,1.61,4.0,36.0,1.0,,,,21.0,0.1251,0.1245,2.0,0.4997,synthetic
5.15,3.6,63.0,69.6,164.5,0.26,7.0,52.0,0.0,,,,22.45,0.0714,0.2916,1.0,0.4874,synthetic
6.49,5.4,71.0,37.9,394.0,0.42,1.0,31.0,0.0,,,,20.8,0.1023,0.2364,3.0,0.452,synthetic
6.56,7.2,85.0,23.5,343.0,2.29,5.0,70.0,0.0,,,,1.31,0.1487,0.1118,3.0,0.5051,synthetic
5.44,5.8,71.0,7.8,112.2,0.2,4.0,45.0,1.0,,,,23.53,0.0684,0.1644,1.0,0.3388,synthetic
8.28,5.9,89.0,69.9,148.4,3.9,6.0,67.0,0.0,,,,22.88,0.0626,0.1137,3.0,0.4411,synthetic
6.11,5.7,65.0,37.4,110.3,4.33,4.0,56.0,1.0,,,,1.07,0.2049,0.079,4.0,0.5505,synthetic
7.44,1.7,50.0,45.8,263.7,0.07,6.0,37.0,0.0,,,,22.05,0.1206,0.2346,1.0,0.6895,synthetic
7.08,2.7,75.0,42.2,255.7,4.05,3.0,31.0,1.0,,,,2.1,0.0946,0.1462,2.0,0.6704,synthetic
8.89,4.1,59.0,38.8,209.0,4.91,1.0,60.0,0.0,,,,0.58,0.1377,0.0433,7.0,0.6938,synthetic
5.11,3.0,60.0,61.6,386.3,0.15,5.0,36.0,1.0,,,,22.43,0.0926,0.2744,1.0,0.4588,synthetic
5.07,2.4,51.0,54.8,188.9,3.62,7.0,32.0,1.0,,,,23.78,0.0577,0.1388,2.0,0.3431,synthetic
6.0,1.0,71.0,87.5,313.5,5.0,3.0,71.0,1.0,,,,21.82,0.0823,0.1105,4.0,0.4787,synthetic
6.66,1.8,60.0,12.5,263.2,3.99,6.0,45.0,0.0,,,,2.89,0.1621,0.163,2.0,0.6451,synthetic
5.99,4.0,90.0,51.6,207.3,2.53,7.0,20.0,0.0,,,,23.05,0.0518,0.1939,3.0,0.4286,synthetic
8.32,4.4,83.0,5.7,16.8,4.42,5.0,46.0,1.0,,,,2.28,0.1558,0.1713,3.0,0.7144,synthetic
5.73,2.9,79.0,72.7,263.0,3.54,6.0,44.0,0.0,,,,2.85,0.1792,0.2157,3.0,0.6158,synthetic
4.92,4.7,64.0,55.5,257.0,1.46,4.0,67.0,1.0,,,,23.75,0.1284,0.2376,3.0,0.3304,synthetic
6.57,3.6,53.0,38.6,49.9,1.12,6.0,58.0,1.0,,,,1.11,0.1663,0.1771,5.0,0.6552,synthetic
8.37,6.7,77.0,72.2,318.4,2.56,2.0,28.0,1.0,,,,0.01,0.1141,0.2442,1.0,0.713,synthetic
8.75,4.2,51.0,41.0,186.8,1.86,4.0,26.0,1.0,,,,20.64,0.1662,0.2227,4.0,0.6462,synthetic
8.17,5.9,68.0,20.5,129.7,1.65,0.0,52.0,1.0,,,,2.67,0.1969,0.1268,3.0,0.737,synthetic
7.29,4.9,52.0,42.5,329.6,0.89,1.0,20.0,0.0,,,,23.2,0.0948,0.2194,4.0,0.46,synthetic
8.12,1.7,72.0,6.4,137.3,4.23,4.0,36.0,0.0,,,,2.26,0.165,0.1,6.0,0.6922,synthetic
7.91,4.3,72.0,80.8,248.7,3.53,5.0,25.0,0.0,,,,0.59,0.279,0.235,3.0,0.6744,synthetic
5.67,2.0,71.0,65.8,247.2,1.66,0.0,19.0,0.0,,,,20.74,0.1352,0.186,2.0,0.4447,synthetic
7.25,4.3,79.0,68.4,21.1,1.19,0.0,70.0,1.0,,,,22.92,0.0964,0.121,5.0,0.4258,synthetic
8.35,3.0,59.0,78.7,169.1,0.64,0.0,23.0,0.0,,,,21.37,0.1218,0.2519,4.0,0.5964,synthetic
6.09,5.3,60.0,71.2,89.1,0.56,4.0,18.0,0.0,,,,21.19,0.1336,0.266,1.0,0.4514,synthetic
7.77,1.8,67.0,38.9,79.8,3.13,2.0,71.0,1.0,,,,1.01,0.1811,0.0845,2.0,0.7665,synthetic
6.91,4.5,78.0,10.7,262.0,0.54,0.0,28.0,1.0,,,,20.21,0.1438,0.1629,3.0,0.5326,synthetic
7.02,5.6,55.0,33.6,4.6,4.8,6.0,64.0,0.0,,,,2.76,0.108,0.02,4.0,0.5046,synthetic
4.95,6.3,85.0,84.1,387.6,1.4,4.0,19.0,1.0,,,,23.15,0.1072,0.2902,1.0,0.3215,synthetic
7.83,3.0,60.0,85.4,158.2,0.13,0.0,26.0,0.0,,,,23.43,0.1152,0.3377,2.0,0.6779,synthetic
8.83,4.5,55.0,69.1,119.5,4.28,5.0,24.0,1.0,,,,22.1,0.05,0.1136,7.0,0.5565,synthetic
5.21,4.9,74.0,18.4,368.0,1.84,7.0,58.0,1.0,,,,20.6,0.0528,0.221,1.0,0.4021,synthetic
6.33,7.6,61.0,17.5,194.7,1.71,3.0,53.0,1.0,,,,0.12,0.1479,0.0388,1.0,0.544,synthetic
4.74,1.5,66.0,79.2,245.7,0.59,7.0,45.0,1.0,,,,22.41,0.117,0.2622,0.0,0.4842,synthetic
4.65,2.7,52.0,12.8,278.3,3.3,3.0,31.0,1.0,,,,0.37,0.1531,0.1165,4.0,0.5947,synthetic
9.45,10.0,69.0,52.6,348.6,1.79,0.0,23.0,1.0,,,,23.89,0.05,0.2035,0.0,0.5055,synthetic
6.97,4.0,62.0,34.0,51.9,4.11,0.0,50.0,1.0,,,,21.52,0.1026,0.0661,3.0,0.471,synthetic
6.28,1.0,57.0,27.2,32.7,3.15,0.0,31.0,0.0,,,,23.23,0.077,0.1404,4.0,0.4527,synthetic
5.87,3.3,65.0,61.0,397.5,4.4,2.0,51.0,1.0,,,,22.16,0.0605,0.2025,2.0,0.406,synthetic
9.4,1.0,81.0,86.4,3.6,3.11,3.0,57.0,1.0,,,,21.68,0.1087,0.149,7.0,0.6836,synthetic
5.76,5.0,81.0,70.0,283.3,3.9,3.0,66.0,1.0,,,,1.39,0.2078,0.0896,4.0,0.5168,synthetic
8.13,6.1,64.0,43.8,244.4,3.48,3.0,46.0,1.0,,,,20.08,0.0991,0.1465,2.0,0.4906,synthetic
5.92,2.7,89.0,39.7,221.0,2.31,6.0,18.0,1.0,,,,21.88,0.05,0.2092,6.0,0.4492,synthetic
4.85,3.6,55.0,81.7,314.3,3.44,0.0,33.0,0.0,,,,23.72,0.05,0.253,4.0,0.3244,synthetic
7.92,6.3,84.0,52.0,397.0,3.32,7.0,66.0,0.0,,,,23.33,0.0714,0.1141,3.0,0.3925,synthetic
4.51,1.0,89.0,44.7,18.8,0.03,1.0,48.0,0.0,,,,2.58,0.2264,0.1538,1.0,0.6037,synthetic
7.88,1.9,73.0,61.5,245.8,3.49,7.0,53.0,1.0,,,,1.91,0.1176,0.2224,6.0,0.7417,synthetic
5.75,4.0,52.0,21.3,286.7,1.31,1.0,44.0,1.0,,,,1.26,0.1142,0.1803,0.0,0.641,synthetic
8.23,3.0,87.0,5.7,122.4,2.71,0.0,27.0,0.0,,,,23.6,0.0742,0.1253,2.0,0.5784,synthetic
8.35,3.9,67.0,77.0,357.1,0.56,0.0,69.0,0.0,,,,23.0,0.05,0.1473,4.0,0.526,synthetic
8.12,2.0,57.0,54.7,182.8,0.12,2.0,62.0,1.0,,,,20.26,0.1008,0.1501,1.0,0.647,synthetic
4.62,4.9,86.0,14.8,65.8,0.08,7.0,74.0,1.0,,,,1.75,0.2795,0.0621,1.0,0.4977,synthetic
8.02,4.2,67.0,26.8,341.8,0.79,3.0,66.0,1.0,,,,23.01,0.05,0.1835,3.0,0.4984,synthetic
9.45,5.6,70.0,89.1,377.2,0.1,1.0,34.0,0.0,,,,22.25,0.1553,0.2227,1.0,0.6622,synthetic
5.71,4.9,73.0,57.1,39.8,0.66,5.0,32.0,0.0,,,,0.25,0.1658,0.2505,1.0,0.6671,synthetic
5.87,4.9,86.0,57.3,300.7,2.8,4.0,32.0,0.0,,,,1.28,0.2401,0.1813,6.0,0.5529,synthetic
8.57,1.6,70.0,6.5,86.0,2.0,5.0,70.0,0.0,,,,23.66,0.05,0.0406,3.0,0.5588,synthetic
5.3,5.5,86.0,87.2,2.7,4.9,5.0,49.0,1.0,,,,21.05,0.05,0.1513,4.0,0.3545,synthetic
7.8,3.8,57.0,80.4,104.2,4.04,6.0,43.0,0.0,,,,2.45,0.2224,0.2135,2.0,0.7484,synthetic
8.28,4.2,75.0,49.3,342.0,0.73,1.0,73.0,1.0,,,,20.79,0.0609,0.1966,1.0,0.6313,synthetic
4.69,6.6,71.0,27.8,56.5,2.08,3.0,52.0,1.0,,,,2.79,0.1672,0.1928,4.0,0.4353,synthetic
7.27,3.1,63.0,62.8,52.3,2.15,5.0,69.0,0.0,,,,23.1,0.125,0.0941,3.0,0.4728,synthetic
7.38,7.2,59.0,75.0,295.6,1.81,4.0,74.0,0.0,,,,2.63,0.1857,0.235,2.0,0.5571,synthetic
6.02,7.4,53.0,70.8,162.5,2.48,7.0,22.0,1.0,,,,2.4,0.2101,0.2759,3.0,0.5495,synthetic
8.88,6.0,60.0,87.9,59.4,3.35,7.0,38.0,0.0,,,,22.84,0.0668,0.1022,2.0,0.5841,synthetic
5.31,2.5,77.0,57.3,92.0,3.2,6.0,59.0,0.0,,,,1.6,0.167,0.1785,4.0,0.5564,synthetic
6.32,1.0,61.0,28.9,317.8,1.79,1.0,64.0,1.0,,,,20.63,0.1607,0.1674,2.0,0.4629,synthetic
8.74,6.7,79.0,44.8,249.3,3.53,4.0,26.0,1.0,,,,20.58,0.0766,0.2308,5.0,0.5176,synthetic
5.45,4.7,85.0,73.5,304.4,1.45,6.0,36.0,1.0,,,,22.49,0.0889,0.2009,0.0,0.4011,synthetic
8.61,3.0,78.0,23.9,39.1,4.18,2.0,49.0,0.0,,,,0.27,0.1609,0.1269,2.0,0.7581,synthetic
4.9,6.8,82.0,20.8,183.2,4.82,5.0,63.0,0.0,,,,20.07,0.0779,0.1263,7.0,0.2048,synthetic
6.95,2.8,73.0,65.2,318.8,1.47,1.0,24.0,0.0,,,,23.61,0.0797,0.2304,1.0,0.5604,synthetic
4.88,3.7,88.0,40.0,106.3,3.92,1.0,52.0,0.0,,,,2.83,0.1276,0.1546,2.0,0.4927,synthetic
7.89,5.5,81.0,73.5,67.7,4.07,1.0,34.0,0.0,,,,2.01,0.2024,0.1645,4.0,0.6533,synthetic
8.45,2.3,63.0,12.9,152.7,2.45,7.0,30.0,1.0,,,,21.63,0.1187,0.1212,9.0,0.6013,synthetic
8.75,4.3,79.0,30.2,133.4,0.44,7.0,47.0,0.0,,,,23.7,0.0717,0.1765,1.0,0.555,synthetic
9.41,6.7,77.0,24.1,74.2,3.93,6.0,41.0,1.0,,,,21.2,0.05,0.1082,2.0,0.5713,synthetic
7.86,4.9,80.0,62.8,381.6,2.04,2.0,54.0,1.0,,,,21.84,0.1211,0.1883,3.0,0.5181,synthetic
8.35,7.0,63.0,68.3,193.2,1.04,6.0,36.0,1.0,,,,2.46,0.1559,0.2445,1.0,0.6629,synthetic
7.03,6.8,70.0,41.0,243.2,3.13,1.0,64.0,0.0,,,,2.98,0.1761,0.1089,10.0,0.4811,synthetic
9.06,4.5,85.0,43.0,48.4,2.18,1.0,22.0,0.0,,,,21.7,0.1014,0.1685,10.0,0.5894,synthetic
7.72,1.0,89.0,11.9,244.0,0.44,2.0,67.0,1.0,,,,21.48,0.0524,0.1447,1.0,0.6356,synthetic
8.92,2.3,64.0,63.2,222.1,4.92,1.0,19.0,0.0,,,,22.69,0.05,0.1586,4.0,0.6327,synthetic
5.68,6.0,69.0,89.3,372.8,1.22,5.0,59.0,1.0,,,,23.12,0.0567,0.2179,3.0,0.3734,synthetic
6.98,1.4,63.0,70.0,164.9,2.55,5.0,37.0,0.0,,,,20.62,0.1097,0.2537,2.0,0.5579,synthetic
8.15,3.8,79.0,20.1,312.8,3.34,0.0,39.0,0.0,,,,21.03,0.0932,0.0447,2.0,0.4735,synthetic
5.51,5.2,52.0,56.1,121.7,0.58,0.0,19.0,1.0,,,,22.97,0.0538,0.2901,0.0,0.435,synthetic
5.56,7.4,88.0,26.5,231.6,3.7,3.0,58.0,1.0,,,,21.65,0.055,0.028,3.0,0.2951,synthetic
9.39,3.3,72.0,2.7,370.8,3.24,0.0,27.0,0.0,,,,1.91,0.2158,0.0736,5.0,0.796,synthetic
6.67,3.2,61.0,16.2,250.0,2.47,6.0,55.0,1.0,,,,1.26,0.1315,0.1451,1.0,0.7021,synthetic
5.41,4.4,51.0,9.2,284.5,2.64,3.0,59.0,0.0,,,,23.75,0.05,0.1681,2.0,0.3401,synthetic
6.16,5.2,72.0,17.6,350.4,4.77,3.0,66.0,1.0,,,,23.03,0.05,0.1171,4.0,0.3137,synthetic
6.49,4.2,73.0,71.6,370.2,4.55,0.0,58.0,1.0,,,,1.82,0.1209,0.2041,5.0,0.558,synthetic
7.62,6.6,78.0,26.4,83.3,0.56,5.0,35.0,1.0,,,,21.16,0.0749,0.2431,1.0,0.5351,synthetic
9.12,2.9,71.0,68.1,78.3,1.84,5.0,60.0,1.0,,,,2.21,0.105,0.2103,6.0,0.7825,synthetic
9.43,4.7,71.0,85.4,220.2,2.58,6.0,65.0,0.0,,,,20.34,0.0651,0.1914,1.0,0.6877,synthetic
7.76,5.4,62.0,51.7,398.2,4.6,4.0,36.0,1.0,,,,2.46,0.0967,0.1391,6.0,0.5972,synthetic
8.0,3.7,58.0,43.7,196.1,4.08,2.0,25.0,0.0,,,,20.97,0.0596,0.1468,3.0,0.5706,synthetic
6.11,6.2,60.0,67.5,132.4,1.93,0.0,68.0,0.0,,,,1.68,0.1992,0.1266,3.0,0.5064,synthetic
8.79,4.8,65.0,8.7,214.9,4.43,2.0,26.0,0.0,,,,20.13,0.147,0.1145,3.0,0.6133,synthetic
5.59,6.1,81.0,38.5,25.8,1.89,4.0,51.0,0.0,,,,1.71,0.185,0.2095,3.0,0.5676,synthetic
5.03,4.9,55.0,44.9,70.9,1.36,0.0,31.0,1.0,,,,0.09,0.2482,0.1966,1.0,0.5553,synthetic
9.37,5.3,76.0,74.8,59.6,3.05,0.0,25.0,0.0,,,,20.13,0.1156,0.1503,2.0,0.6305,synthetic
8.82,3.2,52.0,73.3,11.2,1.78,1.0,62.0,0.0,,,,1.42,0.1532,0.0992,8.0,0.7835,synthetic
6.02,3.2,52.0,76.3,288.9,3.11,0.0,26.0,0.0,,,,20.71,0.1508,0.2692,3.0,0.48,synthetic
7.88,6.9,61.0,62.8,130.2,2.05,0.0,56.0,1.0,,,,23.78,0.05,0.107,2.0,0.426,synthetic
6.84,5.8,64.0,47.8,67.4,3.98,3.0,57.0,1.0,,,,22.32,0.05,0.1758,1.0,0.4312,synthetic
6.12,2.5,58.0,74.5,204.9,4.77,5.0,21.0,1.0,,,,1.31,0.1539,0.2692,2.0,0.6206,synthetic
5.93,4.9,85.0,78.6,129.4,1.35,3.0,27.0,0.0,,,,1.97,0.199,0.27,3.0,0.6006,synthetic
5.18,1.0,62.0,43.2,157.2,2.55,0.0,63.0,0.0,,,,23.25,0.1041,0.1815,3.0,0.4005,synthetic
7.25,3.4,69.0,88.7,126.2,3.62,2.0,46.0,1.0,,,,1.31,0.1542,0.0982,3.0,0.688,synthetic
6.73,6.4,90.0,78.7,1.6,0.79,0.0,24.0,1.0,,,,2.42,0.2187,0.2133,1.0,0.5689,synthetic
7.06,4.2,60.0,45.9,275.3,3.98,4.0,74.0,1.0,,,,0.82,0.1081,0.0716,3.0,0.5673,synthetic
5.58,4.7,75.0,6.2,44.3,2.91,1.0,33.0,1.0,,,,22.25,0.05,0.1957,3.0,0.3501,synthetic
9.19,1.0,80.0,20.2,87.7,0.75,3.0,18.0,1.0,,,,23.24,0.1004,0.2112,4.0,0.7177,synthetic
7.69,3.7,61.0,69.9,76.1,4.34,7.0,70.0,1.0,,,,21.61,0.05,0.02,5.0,0.4177,synthetic
9.0,5.2,52.0,10.0,132.5,2.13,4.0,18.0,0.0,,,,23.21,0.1257,0.1487,4.0,0.5468,synthetic
5.05,5.4,82.0,42.3,64.1,0.88,6.0,49.0,0.0,,,,21.72,0.1298,0.1632,3.0,0.378,synthetic
7.61,6.4,62.0,54.4,138.8,0.98,2.0,74.0,0.0,,,,1.65,0.2533,0.126,5.0,0.6402,synthetic
8.75,4.1,63.0,79.1,97.3,3.93,7.0,50.0,0.0,,,,0.27,0.1039,0.1257,2.0,0.6793,synthetic
6.15,4.2,67.0,76.2,24.5,4.68,5.0,51.0,0.0,,,,0.43,0.1217,0.1876,3.0,0.5635,synthetic
5.48,1.8,52.0,68.8,348.2,1.89,4.0,40.0,1.0,,,,20.77,0.1196,0.2354,2.0,0.5308,synthetic
5.83,4.1,84.0,36.7,122.2,0.39,4.0,25.0,0.0,,,,20.01,0.1691,0.1569,1.0,0.4961,synthetic
5.86,2.0,85.0,12.8,38.1,0.5,4.0,50.0,0.0,,,,1.52,0.2119,0.2203,3.0,0.6948,synthetic
6.74,1.0,85.0,60.3,208.6,3.27,1.0,69.0,0.0,,,,23.8,0.05,0.0399,6.0,0.4889,synthetic
6.13,2.3,57.0,16.3,49.3,1.85,2.0,23.0,0.0,,,,2.52,0.1762,0.2216,2.0,0.6415,synthetic
5.86,7.5,89.0,50.5,309.2,2.13,5.0,68.0,0.0,,,,23.76,0.155,0.1984,4.0,0.2914,synthetic
7.74,4.0,76.0,88.3,24.6,1.69,3.0,41.0,0.0,,,,21.5,0.0931,0.1502,8.0,0.5414,synthetic
4.77,4.9,74.0,49.5,185.9,2.33,6.0,48.0,1.0,,,,0.89,0.1856,0.1559,6.0,0.4906,synthetic
6.2,3.5,79.0,58.1,377.5,3.22,4.0,27.0,1.0,,,,0.91,0.1666,0.2192,3.0,0.6169,synthetic
7.95,1.0,80.0,61.0,63.6,2.71,0.0,53.0,0.0,,,,20.46,0.1129,0.0871,5.0,0.6255,synthetic
5.38,6.4,67.0,74.7,80.5,0.82,5.0,28.0,1.0,,,,0.86,0.2318,0.2799,3.0,0.5033,synthetic
5.6,1.0,73.0,39.1,240.2,2.46,4.0,33.0,1.0,,,,21.49,0.0764,0.153,2.0,0.5173,synthetic
5.5,3.4,73.0,44.8,391.9,2.3,2.0,59.0,1.0,,,,21.78,0.0645,0.1395,5.0,0.3587,synthetic
4.5,4.4,50.0,15.8,154.3,2.73,6.0,20.0,0.0,,,,20.22,0.0909,0.2033,4.0,0.3087,synthetic
6.87,5.0,50.0,55.3,259.5,0.55,2.0,43.0,1.0,,,,0.39,0.1873,0.2167,5.0,0.6708,synthetic
4.69,3.0,69.0,26.6,60.9,0.77,0.0,51.0,0.0,,,,1.12,0.1994,0.2372,1.0,0.6095,synthetic
5.86,1.0,72.0,45.7,256.6,2.65,0.0,25.0,0.0,,,,21.61,0.0902,0.266,5.0,0.4892,synthetic
9.47,2.9,78.0,69.0,101.1,1.38,7.0,34.0,0.0,,,,1.55,0.2437,0.2039,4.0,0.8152,synthetic
9.09,3.0,80.0,1.6,245.3,3.15,3.0,37.0,1.0,,,,1.33,0.1045,0.192,1.0,0.8312,synthetic
5.58,3.0,73.0,50.8,35.5,1.86,3.0,55.0,0.0,,,,22.87,0.1067,0.0819,3.0,0.4068,synthetic
6.05,6.4,61.0,15.6,210.0,1.1,2.0,73.0,0.0,,,,20.48,0.05,0.0925,10.0,0.3355,synthetic
6.82,2.1,75.0,25.1,95.0,3.28,5.0,65.0,0.0,,,,21.96,0.0918,0.1237,4.0,0.4688,synthetic
8.72,5.1,60.0,3.1,272.7,1.97,4.0,28.0,0.0,,,,21.16,0.1647,0.1714,1.0,0.5577,synthetic
8.51,4.8,83.0,15.3,299.1,0.79,7.0,19.0,1.0,,,,2.71,0.1918,0.1097,3.0,0.7011,synthetic
5.13,6.4,67.0,88.8,339.3,4.04,7.0,20.0,0.0,,,,1.72,0.1511,0.1772,5.0,0.4329,synthetic
5.12,4.2,86.0,89.9,397.0,2.16,7.0,51.0,0.0,,,,20.55,0.1164,0.2265,3.0,0.3953,synthetic
6.58,6.1,55.0,64.8,183.7,4.58,2.0,26.0,0.0,,,,23.59,0.05,0.1313,2.0,0.3358,synthetic
8.85,4.2,78.0,55.1,268.2,0.97,4.0,31.0,0.0,,,,21.87,0.1316,0.2058,1.0,0.6284,synthetic
8.91,5.4,67.0,69.9,7.4,4.38,2.0,66.0,0.0,,,,20.22,0.05,0.1407,4.0,0.5448,synthetic
5.04,1.5,55.0,80.7,362.0,4.08,5.0,67.0,1.0,,,,22.26,0.0585,0.2232,2.0,0.4325,synthetic
7.37,1.0,72.0,46.7,246.3,0.52,5.0,65.0,0.0,,,,20.89,0.0787,0.1693,3.0,0.6089,synthetic
5.28,5.3,58.0,3.2,168.5,2.66,2.0,32.0,0.0,,,,21.56,0.0878,0.2033,2.0,0.354,synthetic
7.93,5.4,62.0,63.8,173.7,3.27,6.0,53.0,1.0,,,,22.29,0.05,0.1116,3.0,0.4719,synthetic
9.08,5.5,68.0,88.6,303.2,2.48,2.0,52.0,1.0,,,,22.86,0.1526,0.0894,5.0,0.577,synthetic
6.77,3.5,65.0,23.2,333.4,1.95,7.0,28.0,0.0,,,,23.28,0.0787,0.0768,2.0,0.4782,synthetic
4.92,7.5,66.0,41.7,323.2,4.72,6.0,49.0,0.0,,,,23.64,0.05,0.02,4.0,0.2263,synthetic
7.4,3.6,66.0,32.5,204.2,3.5,0.0,47.0,0.0,,,,22.59,0.0865,0.1272,3.0,0.5362,synthetic
6.54,5.3,51.0,35.1,148.5,4.83,3.0,40.0,1.0,,,,23.49,0.0934,0.1198,3.0,0.3935,synthetic
8.55,5.7,65.0,64.9,378.2,4.23,3.0,60.0,0.0,,,,22.93,0.0867,0.0484,3.0,0.4862,synthetic
6.2,7.9,66.0,34.1,253.7,4.09,6.0,56.0,0.0,,,,2.75,0.1587,0.1086,6.0,0.4381,synthetic
8.87,3.9,74.0,84.7,217.5,3.63,5.0,48.0,1.0,,,,20.47,0.0952,0.1807,2.0,0.5724,synthetic
5.87,3.2,69.0,71.1,239.3,3.23,0.0,59.0,0.0,,,,0.1,0.0917,0.2167,2.0,0.6149,synthetic
5.29,1.5,57.0,2.5,251.9,4.43,6.0,61.0,0.0,,,,21.36,0.05,0.0754,2.0,0.3994,synthetic
6.03,7.6,74.0,73.7,285.2,3.07,1.0,50.0,1.0,,,,22.63,0.05,0.2345,1.0,0.3006,synthetic
4.67,5.3,51.0,69.6,221.3,0.38,2.0,33.0,0.0,,,,23.83,0.132,0.2248,5.0,0.3883,synthetic
5.91,5.4,63.0,46.5,350.1,2.91,1.0,61.0,1.0,,,,1.32,0.1558,0.1242,4.0,0.5267,synthetic
7.8,10.0,75.0,44.7,343.9,0.51,1.0,58.0,1.0,,,,2.84,0.204,0.0917,1.0,0.5502,synthetic
5.21,5.2,75.0,75.2,176.9,4.75,4.0,74.0,0.0,,,,23.46,0.05,0.1772,7.0,0.3169,synthetic
5.06,1.9,57.0,38.2,67.4,3.23,0.0,26.0,1.0,,,,21.8,0.066,0.1386,4.0,0.3951,synthetic
5.16,4.1,64.0,14.4,230.7,2.78,0.0,41.0,1.0,,,,1.54,0.1343,0.1947,1.0,0.5869,synthetic
4.89,2.6,68.0,28.2,248.3,0.99,6.0,70.0,1.0,,,,21.55,0.1036,0.1691,3.0,0.3961,synthetic
8.87,3.7,66.0,23.9,209.4,2.58,2.0,47.0,0.0,,,,23.55,0.0827,0.088,1.0,0.6018,synthetic
9.22,3.7,77.0,61.3,356.2,1.71,5.0,71.0,0.0,,,,1.93,0.1962,0.1149,5.0,0.7621,synthetic
4.73,3.3,80.0,16.1,37.2,3.38,7.0,18.0,0.0,,,,22.83,0.0552,0.1694,3.0,0.3915,synthetic
8.3,1.7,52.0,58.0,115.0,3.02,0.0,20.0,1.0,,,,23.9,0.0611,0.1021,2.0,0.641,synthetic
8.19,7.7,80.0,41.9,346.3,2.5,6.0,63.0,0.0,,,,20.84,0.0836,0.1916,6.0,0.4232,synthetic
9.48,5.1,85.0,75.6,375.8,1.26,0.0,38.0,1.0,,,,20.39,0.0836,0.22,2.0,0.5956,synthetic
6.24,4.0,87.0,43.6,170.4,2.63,6.0,47.0,1.0,,,,2.9,0.1785,0.0678,2.0,0.6106,synthetic
5.93,6.0,52.0,83.7,77.1,2.31,2.0,42.0,1.0,,,,21.25,0.0761,0.2028,4.0,0.3345,synthetic
6.77,5.4,85.0,81.0,168.1,4.26,1.0,41.0,0.0,,,,22.35,0.05,0.1538,3.0,0.4235,synthetic
8.78,5.1,57.0,16.7,182.5,4.47,1.0,71.0,0.0,,,,23.53,0.0754,0.0975,5.0,0.4657,synthetic
8.14,5.9,64.0,61.8,207.8,3.8,2.0,23.0,1.0,,,,22.62,0.0917,0.2003,3.0,0.4754,synthetic
6.86,4.8,65.0,19.3,109.7,1.6,5.0,62.0,0.0,,,,20.68,0.1217,0.1087,3.0,0.4308,synthetic
5.72,5.8,62.0,74.1,125.1,0.19,5.0,68.0,0.0,,,,21.38,0.0909,0.1105,1.0,0.4088,synthetic
8.14,6.0,62.0,57.2,262.2,4.63,5.0,55.0,1.0,,,,23.45,0.0612,0.1892,3.0,0.4156,synthetic
8.77,4.8,57.0,26.5,248.7,4.96,0.0,40.0,1.0,,,,23.07,0.05,0.1175,7.0,0.5336,synthetic
6.5,4.1,76.0,22.4,264.8,0.64,7.0,27.0,1.0,,,,1.59,0.1836,0.1985,0.0,0.7087,synthetic
7.84,7.6,73.0,38.7,150.9,3.43,3.0,56.0,1.0,,,,22.18,0.103,0.1456,4.0,0.4223,synthetic
6.5,3.5,75.0,72.1,134.6,2.13,0.0,44.0,0.0,,,,2.58,0.1846,0.2702,1.0,0.6602,synthetic
6.89,5.3,71.0,71.7,140.6,0.74,7.0,26.0,0.0,,,,21.98,0.0818,0.2381,1.0,0.5119,synthetic
7.12,5.3,59.0,3.0,380.5,4.99,6.0,38.0,0.0,,,,22.32,0.0794,0.154,3.0,0.4142,synthetic
8.38,3.3,73.0,27.2,158.1,4.67,0.0,72.0,0.0,,,,2.65,0.093,0.02,4.0,0.6622,synthetic
9.39,2.9,76.0,38.1,242.5,4.91,3.0,33.0,1.0,,,,1.88,0.1468,0.0789,3.0,0.8028,synthetic
6.72,3.8,52.0,52.7,209.1,0.72,7.0,28.0,0.0,,,,22.22,0.1227,0.1718,1.0,0.5758,synthetic
6.21,3.5,90.0,13.5,350.5,2.46,5.0,56.0,1.0,,,,22.77,0.0618,0.0787,4.0,0.3865,synthetic
6.37,1.6,73.0,30.2,147.6,4.48,1.0,29.0,1.0,,,,1.9,0.1832,0.1583,5.0,0.6682,synthetic
5.17,3.2,76.0,79.7,173.7,3.38,5.0,70.0,1.0,,,,20.6,0.0973,0.1615,2.0,0.3749,synthetic
5.98,5.0,73.0,42.9,337.1,2.17,1.0,66.0,0.0,,,,22.06,0.1135,0.1239,4.0,0.3574,synthetic
4.93,7.0,78.0,67.0,64.4,2.58,2.0,74.0,0.0,,,,23.72,0.1168,0.1937,6.0,0.1755,synthetic
6.64,5.6,76.0,43.6,237.7,0.19,1.0,70.0,1.0,,,,1.8,0.1853,0.103,2.0,0.5424,synthetic
5.34,1.0,82.0,41.8,160.0,3.06,5.0,31.0,1.0,,,,23.95,0.05,0.1329,1.0,0.4729,synthetic
6.23,5.8,56.0,56.0,394.3,4.3,7.0,30.0,0.0,,,,23.43,0.05,0.1828,4.0,0.3135,synthetic
8.47,3.4,57.0,23.3,288.6,0.01,0.0,37.0,0.0,,,,2.73,0.2586,0.2408,0.0,0.8809,synthetic
5.73,5.4,59.0,22.5,4.2,0.8,4.0,44.0,1.0,,,,20.81,0.1145,0.1517,0.0,0.4148,synthetic
7.56,4.5,89.0,89.0,335.8,2.59,1.0,68.0,1.0,,,,1.46,0.1623,0.2087,3.0,0.6745,synthetic
9.01,4.1,64.0,78.2,281.3,2.8,6.0,59.0,0.0,,,,20.89,0.1121,0.1548,4.0,0.596,synthetic
7.33,4.3,63.0,66.4,224.4,1.72,1.0,54.0,0.0,,,,1.13,0.183,0.2289,2.0,0.686,synthetic
5.47,4.5,59.0,12.3,94.5,0.14,2.0,68.0,1.0,,,,23.8,0.0714,0.2261,3.0,0.3437,synthetic
6.22,7.2,69.0,2.7,59.7,3.72,1.0,54.0,1.0,,,,21.85,0.0708,0.026,3.0,0.3375,synthetic
7.45,4.5,86.0,15.8,251.4,1.21,6.0,39.0,1.0,,,,23.8,0.0884,0.1913,1.0,0.5525,synthetic
7.03,6.7,77.0,84.4,176.0,3.22,0.0,41.0,0.0,,,,2.16,0.1376,0.2056,3.0,0.5681,synthetic
5.24,6.4,58.0,73.5,344.6,2.8,4.0,47.0,0.0,,,,23.31,0.0727,0.1715,2.0,0.3263,synthetic
6.73,5.8,83.0,47.1,104.9,2.15,0.0,23.0,1.0,,,,20.05,0.05,0.1892,5.0,0.4298,synthetic
7.22,1.0,88.0,87.2,255.0,2.95,4.0,60.0,1.0,,,,20.4,0.1015,0.1937,4.0,0.5536,synthetic
5.84,6.7,79.0,13.2,99.5,3.48,6.0,55.0,1.0,,,,0.43,0.1697,0.0764,4.0,0.5022,synthetic
7.56,3.6,74.0,50.3,254.5,2.86,6.0,59.0,0.0,,,,0.75,0.2023,0.1291,2.0,0.7091,synthetic
4.85,5.9,77.0,16.5,19.3,2.79,0.0,48.0,0.0,,,,22.81,0.1502,0.1649,3.0,0.2206,synthetic
6.18,2.6,79.0,27.6,156.7,2.18,6.0,62.0,0.0,,,,21.7,0.1026,0.0875,4.0,0.4321,synthetic
8.52,2.1,84.0,84.6,69.1,2.15,2.0,72.0,0.0,,,,1.01,0.1431,0.0932,3.0,0.7283,synthetic
5.8,8.5,76.0,78.1,242.4,2.45,5.0,50.0,1.0,,,,22.13,0.0784,0.1572,8.0,0.2278,synthetic
7.53,2.6,71.0,9.2,126.7,2.26,7.0,43.0,0.0,,,,20.52,0.0885,0.1256,2.0,0.5757,synthetic
6.55,6.8,57.0,22.5,308.6,2.2,0.0,23.0,1.0,,,,22.87,0.05,0.1776,1.0,0.3976,synthetic
6.08,4.7,65.0,53.5,45.8,1.05,2.0,62.0,1.0,,,,23.77,0.05,0.1076,5.0,0.3397,synthetic
9.08,3.7,53.0,5.5,222.5,3.62,6.0,69.0,1.0,,,,2.76,0.0715,0.0226,9.0,0.7137,synthetic
6.22,4.4,79.0,49.5,237.5,0.66,1.0,57.0,1.0,,,,0.15,0.1547,0.1761,2.0,0.6337,synthetic
5.68,1.9,90.0,52.6,8.8,4.54,2.0,67.0,0.0,,,,21.46,0.05,0.051,3.0,0.3897,synthetic
9.05,4.5,54.0,26.2,14.4,3.12,4.0,67.0,1.0,,,,1.83,0.1117,0.0367,3.0,0.7206,synthetic
8.23,2.3,68.0,26.4,123.3,0.24,7.0,63.0,0.0,,,,22.04,0.135,0.1446,0.0,0.6919,synthetic
7.91,3.7,78.0,20.6,243.6,3.29,2.0,46.0,0.0,,,,2.71,0.2439,0.1189,2.0,0.656,synthetic
4.75,6.4,51.0,84.2,385.1,1.81,3.0,23.0,0.0,,,,22.28,0.0616,0.2552,4.0,0.3294,synthetic
5.16,5.0,68.0,35.0,36.3,4.65,6.0,18.0,0.0,,,,2.37,0.2318,0.1255,2.0,0.4796,synthetic
7.69,1.5,82.0,52.7,281.3,4.68,0.0,29.0,1.0,,,,2.15,0.1812,0.1528,2.0,0.7294,synthetic
5.55,6.2,62.0,27.1,277.1,4.23,2.0,42.0,0.0,,,,2.05,0.1647,0.2036,5.0,0.4649,synthetic
5.63,4.5,76.0,63.2,267.8,2.84,2.0,60.0,0.0,,,,20.28,0.1165,0.1742,1.0,0.3996,synthetic
8.4,3.4,74.0,9.1,206.5,4.6,3.0,43.0,0.0,,,,1.95,0.2165,0.0929,3.0,0.7045,synthetic
5.93,6.0,78.0,6.4,386.7,3.25,4.0,19.0,0.0,,,,1.05,0.2284,0.1673,2.0,0.5754,synthetic
4.86,4.2,60.0,67.0,200.7,4.38,1.0,29.0,1.0,,,,22.34,0.0652,0.226,4.0,0.3294,synthetic
4.68,2.2,57.0,65.4,335.3,0.8,3.0,73.0,0.0,,,,23.43,0.05,0.2433,6.0,0.3063,synthetic
6.72,8.2,51.0,23.9,105.0,4.52,7.0,74.0,1.0,,,,0.48,0.1451,0.0737,4.0,0.4798,synthetic
7.59,4.5,69.0,32.0,322.5,3.31,6.0,39.0,0.0,,,,2.6,0.2004,0.1801,4.0,0.6822,synthetic
8.84,4.3,57.0,86.2,398.6,1.52,7.0,63.0,1.0,,,,1.46,0.1412,0.0872,2.0,0.7048,synthetic
5.05,3.7,76.0,9.4,364.0,4.99,5.0,59.0,0.0,,,,23.0,0.051,0.0515,2.0,0.3394,synthetic
5.48,6.9,72.0,16.5,121.6,3.43,4.0,71.0,0.0,,,,0.52,0.1568,0.1082,2.0,0.4716,synthetic
7.15,3.5,83.0,38.7,338.5,4.54,1.0,68.0,0.0,,,,21.3,0.05,0.024,6.0,0.3842,synthetic
6.32,1.4,82.0,25.4,38.1,0.03,1.0,53.0,1.0,,,,22.97,0.081,0.1776,4.0,0.5456,synthetic
6.91,3.1,64.0,58.4,271.1,2.76,4.0,40.0,1.0,,,,1.54,0.1905,0.1835,2.0,0.6708,synthetic
9.12,7.2,62.0,62.2,136.9,3.56,3.0,53.0,0.0,,,,0.25,0.1368,0.1911,2.0,0.7231,synthetic
7.22,6.2,53.0,47.4,263.5,0.07,6.0,36.0,1.0,,,,1.48,0.2063,0.1698,2.0,0.6309,synthetic
6.58,4.0,80.0,55.0,164.9,3.81,0.0,37.0,1.0,,,,23.57,0.0506,0.1974,4.0,0.4607,synthetic
9.45,7.2,70.0,39.0,3.6,3.26,7.0,52.0,0.0,,,,22.66,0.1169,0.1145,1.0,0.5502,synthetic
4.83,6.0,63.0,68.4,92.5,1.37,1.0,50.0,0.0,,,,1.2,0.1424,0.2669,2.0,0.4852,synthetic
9.16,4.0,78.0,3.8,17.0,3.44,3.0,51.0,1.0,,,,20.66,0.1321,0.1288,5.0,0.5935,synthetic
7.01,4.2,61.0,28.2,170.9,0.65,2.0,39.0,1.0,,,,2.85,0.148,0.2316,9.0,0.6738,synthetic
7.02,5.2,69.0,61.6,336.0,4.12,7.0,41.0,1.0,,,,2.64,0.1059,0.209,4.0,0.5732,synthetic
9.11,2.8,67.0,29.7,295.2,4.33,5.0,18.0,0.0,,,,2.16,0.1341,0.1413,2.0,0.8351,synthetic
7.04,4.5,61.0,7.1,315.6,2.43,0.0,52.0,0.0,,,,2.19,0.2388,0.1412,4.0,0.651,synthetic
6.69,5.1,82.0,31.1,322.9,2.54,6.0,50.0,0.0,,,,23.58,0.0618,0.1547,4.0,0.3757,synthetic
5.86,1.1,78.0,64.0,148.8,2.01,5.0,71.0,0.0,,,,23.49,0.051,0.0863,4.0,0.4471,synthetic
7.79,4.1,71.0,11.0,202.4,1.73,0.0,46.0,1.0,,,,1.74,0.2257,0.0647,1.0,0.7347,synthetic
7.35,3.9,78.0,65.2,203.4,4.36,6.0,44.0,0.0,,,,21.98,0.096,0.1001,6.0,0.4287,synthetic
5.57,6.6,54.0,69.8,45.3,1.52,0.0,21.0,0.0,,,,1.95,0.274,0.3398,7.0,0.518,synthetic
8.05,1.0,67.0,57.2,239.3,2.01,3.0,29.0,0.0,,,,21.41,0.05,0.1726,2.0,0.6731,synthetic
7.72,3.7,74.0,22.0,288.1,1.5,1.0,37.0,0.0,,,,2.15,0.1837,0.2513,4.0,0.7597,synthetic
6.49,3.5,66.0,72.5,244.4,3.28,0.0,39.0,1.0,,,,23.79,0.0821,0.1279,5.0,0.4645,synthetic
4.52,6.4,79.0,19.3,298.4,4.07,4.0,38.0,0.0,,,,1.9,0.1598,0.1096,5.0,0.4716,synthetic
6.73,4.4,71.0,81.5,47.6,0.82,5.0,40.0,1.0,,,,23.45,0.1391,0.161,0.0,0.5178,synthetic
4.53,8.1,65.0,63.6,304.6,1.27,3.0,61.0,0.0,,,,0.26,0.2063,0.1155,2.0,0.4071,synthetic
4.87,5.8,67.0,4.9,83.3,0.52,2.0,25.0,0.0,,,,2.49,0.2315,0.1912,5.0,0.4738,synthetic
6.65,3.7,79.0,71.9,350.7,0.8,4.0,36.0,0.0,,,,22.93,0.131,0.2143,2.0,0.5659,synthetic
4.91,5.0,53.0,45.6,98.0,2.03,1.0,27.0,1.0,,,,21.54,0.0831,0.1992,1.0,0.3394,synthetic
5.88,3.8,84.0,40.7,196.8,3.88,0.0,35.0,0.0,,,,20.64,0.0764,0.2138,2.0,0.4888,synthetic
7.78,6.2,52.0,37.8,194.9,2.71,1.0,57.0,0.0,,,,0.13,0.1712,0.0899,5.0,0.6832,synthetic
6.04,1.8,55.0,54.6,107.5,0.27,0.0,20.0,1.0,,,,0.28,0.2462,0.2446,1.0,0.7078,synthetic
9.49,2.9,82.0,65.2,144.7,3.13,6.0,37.0,1.0,,,,0.34,0.1811,0.1649,3.0,0.8797,synthetic
9.08,5.4,65.0,80.6,74.2,3.98,4.0,19.0,0.0,,,,20.26,0.1434,0.1241,3.0,0.5931,synthetic
7.43,7.0,68.0,24.6,228.0,1.97,1.0,72.0,1.0,,,,20.19,0.05,0.03,4.0,0.3897,synthetic
9.33,1.0,65.0,56.8,365.2,1.23,4.0,59.0,1.0,,,,2.27,0.1818,0.1967,3.0,0.9028,synthetic
8.84,7.2,54.0,61.8,126.6,3.82,3.0,31.0,0.0,,,,0.87,0.1666,0.1735,3.0,0.6841,synthetic
6.09,4.2,74.0,60.7,203.2,0.12,0.0,29.0,1.0,,,,20.79,0.1439,0.2561,1.0,0.513,synthetic
8.25,1.0,78.0,44.4,344.8,4.08,7.0,23.0,0.0,,,,20.52,0.05,0.2238,1.0,0.7138,synthetic
5.18,1.0,58.0,35.2,181.0,4.02,7.0,44.0,0.0,,,,21.13,0.1023,0.131,2.0,0.4742,synthetic
7.92,1.4,80.0,68.6,332.5,4.44,6.0,60.0,1.0,,,,1.65,0.2361,0.0474,3.0,0.74,synthetic
6.96,4.5,54.0,27.0,178.6,0.45,6.0,51.0,0.0,,,,1.06,0.2201,0.1259,4.0,0.6926,synthetic
4.58,4.4,81.0,18.7,176.1,0.54,4.0,68.0,1.0,,,,0.47,0.1398,0.1939,2.0,0.4557,synthetic
5.87,5.8,78.0,49.1,62.9,4.36,6.0,37.0,1.0,,,,0.49,0.1406,0.1605,5.0,0.4979,synthetic
9.28,3.4,86.0,24.1,50.0,2.38,4.0,33.0,0.0,,,,2.01,0.1838,0.1488,5.0,0.7988,synthetic
6.08,2.3,83.0,3.0,244.6,1.96,1.0,45.0,0.0,,,,22.33,0.0889,0.0849,4.0,0.4906,synthetic
5.41,3.7,84.0,4.6,330.9,2.87,1.0,29.0,0.0,,,,22.26,0.0892,0.1252,3.0,0.4436,synthetic
5.44,4.6,88.0,62.6,54.2,0.29,6.0,73.0,1.0,,,,22.98,0.1745,0.1403,2.0,0.3877,synthetic
6.9,5.0,84.0,87.6,364.0,3.22,3.0,28.0,0.0,,,,2.93,0.166,0.1922,4.0,0.5947,synthetic
8.71,2.9,82.0,40.9,143.6,4.73,5.0,45.0,0.0,,,,23.88,0.05,0.1532,2.0,0.5694,synthetic
8.29,6.3,58.0,13.2,170.1,3.38,1.0,47.0,1.0,,,,23.83,0.0694,0.119,2.0,0.5094,synthetic
6.68,3.3,80.0,73.6,357.8,2.32,3.0,21.0,1.0,,,,1.67,0.1342,0.1532,5.0,0.6425,synthetic
5.54,2.8,75.0,23.5,358.5,4.8,0.0,44.0,1.0,,,,21.25,0.05,0.0688,5.0,0.3726,synthetic
4.73,3.4,88.0,89.6,209.9,3.44,1.0,43.0,0.0,,,,22.84,0.05,0.152,5.0,0.359,synthetic
6.81,6.6,79.0,50.7,110.7,0.28,0.0,32.0,1.0,,,,0.49,0.2047,0.2512,1.0,0.6761,synthetic
8.57,4.2,60.0,20.9,68.8,3.35,1.0,25.0,1.0,,,,2.92,0.1043,0.1772,6.0,0.6828,synthetic
8.15,3.1,57.0,44.6,108.6,0.3,4.0,20.0,1.0,,,,21.08,0.1455,0.2446,1.0,0.6113,synthetic
6.54,6.4,61.0,30.2,312.3,1.54,0.0,18.0,0.0,,,,23.16,0.0801,0.2344,1.0,0.423,synthetic
7.47,8.8,69.0,70.2,129.8,3.08,1.0,45.0,1.0,,,,2.34,0.1883,0.1958,3.0,0.5161,synthetic
6.68,4.9,76.0,9.5,277.8,1.08,5.0,23.0,0.0,,,,1.08,0.2353,0.1707,3.0,0.607,synthetic
7.4,7.0,59.0,77.1,78.1,0.19,1.0,72.0,1.0,,,,0.3,0.1571,0.2165,4.0,0.5727,synthetic
7.09,6.6,59.0,69.1,191.4,3.09,4.0,31.0,0.0,,,,21.8,0.0794,0.1711,3.0,0.4503,synthetic
7.9,3.3,62.0,77.5,140.8,1.43,6.0,55.0,0.0,,,,21.31,0.0937,0.2012,2.0,0.6184,synthetic
7.04,4.6,82.0,80.5,201.4,2.66,6.0,56.0,1.0,,,,22.62,0.0526,0.1604,3.0,0.5409,synthetic
9.2,1.9,65.0,20.7,228.0,1.31,0.0,46.0,1.0,,,,21.79,0.0612,0.2106,1.0,0.7062,synthetic
6.64,4.1,53.0,46.9,396.4,3.43,1.0,68.0,1.0,,,,1.66,0.1258,0.0765,6.0,0.6058,synthetic
4.58,3.2,72.0,76.5,360.0,4.48,5.0,24.0,0.0,,,,1.04,0.1609,0.2383,3.0,0.5343,synthetic
5.68,3.7,50.0,34.0,278.3,0.43,2.0,31.0,1.0,,,,1.85,0.1202,0.2765,4.0,0.5944,synthetic
7.0,3.0,77.0,5.4,61.5,3.93,3.0,32.0,0.0,,,,21.2,0.05,0.1115,4.0,0.4884,synthetic
7.2,3.9,84.0,26.2,367.6,0.78,3.0,25.0,1.0,,,,22.17,0.05,0.2261,1.0,0.5315,synthetic
7.26,5.6,57.0,21.8,357.0,1.65,4.0,34.0,1.0,,,,1.38,0.1456,0.1579,6.0,0.635,synthetic
8.07,4.3,84.0,78.3,354.7,1.79,3.0,35.0,1.0,,,,21.14,0.056,0.2019,1.0,0.6172,synthetic
5.87,1.0,77.0,41.7,191.6,1.03,0.0,61.0,1.0,,,,21.02,0.0667,0.2505,4.0,0.4889,synthetic
7.82,3.0,54.0,61.5,68.3,0.38,0.0,35.0,1.0,,,,22.68,0.104,0.3021,0.0,0.6729,synthetic
8.02,1.5,59.0,86.6,301.8,3.84,0.0,67.0,1.0,,,,21.31,0.051,0.0706,3.0,0.6105,synthetic
6.56,5.0,59.0,26.9,155.4,3.97,2.0,62.0,0.0,,,,20.55,0.05,0.1283,3.0,0.4371,synthetic
6.51,5.5,58.0,68.5,137.8,4.98,6.0,69.0,0.0,,,,22.19,0.05,0.1363,3.0,0.3153,synthetic
5.39,5.0,63.0,2.0,156.3,4.67,7.0,23.0,0.0,,,,2.13,0.2121,0.1768,2.0,0.5162,synthetic
6.57,2.9,86.0,9.4,223.6,2.17,3.0,74.0,1.0,,,,20.4,0.0673,0.0814,4.0,0.4853,synthetic
8.43,5.0,59.0,14.6,133.4,0.67,0.0,52.0,1.0,,,,23.96,0.1295,0.1151,2.0,0.5345,synthetic
9.04,3.6,87.0,28.1,276.0,0.05,0.0,73.0,0.0,,,,23.94,0.0554,0.1416,2.0,0.5789,synthetic
7.47,2.2,72.0,36.3,259.1,2.66,6.0,38.0,0.0,,,,23.72,0.05,0.1681,5.0,0.5381,synthetic
6.0,6.0,71.0,42.9,203.5,4.3,2.0,72.0,0.0,,,,23.54,0.0858,0.1343,3.0,0.2933,synthetic
7.91,6.1,77.0,22.1,21.6,1.34,7.0,51.0,0.0,,,,20.12,0.1015,0.1133,1.0,0.5291,synthetic
8.2,6.4,82.0,6.0,374.6,0.99,4.0,22.0,0.0,,,,20.33,0.0649,0.2738,2.0,0.5336,synthetic
6.16,3.3,88.0,61.0,164.7,2.19,7.0,41.0,1.0,,,,23.58,0.1163,0.2338,3.0,0.5244,synthetic
8.63,6.9,50.0,2.1,179.8,4.47,1.0,25.0,1.0,,,,2.78,0.1407,0.0602,5.0,0.6122,synthetic
4.87,3.5,66.0,72.9,182.4,2.26,6.0,71.0,0.0,,,,22.86,0.0583,0.0788,1.0,0.3644,synthetic
4.55,5.8,57.0,83.6,146.0,3.61,4.0,35.0,0.0,,,,23.31,0.0943,0.2923,7.0,0.272,synthetic
5.11,3.5,56.0,63.9,269.8,2.31,3.0,30.0,1.0,,,,2.87,0.2519,0.3104,2.0,0.5321,synthetic
5.28,4.1,56.0,53.6,5.6,1.86,4.0,49.0,1.0,,,,1.45,0.1501,0.1375,0.0,0.6433,synthetic
8.89,1.0,78.0,59.1,349.4,2.2,2.0,42.0,1.0,,,,1.39,0.2073,0.2081,9.0,0.8696,synthetic
6.62,3.9,52.0,58.7,41.0,3.84,4.0,23.0,0.0,,,,23.53,0.1088,0.1915,1.0,0.4725,synthetic
5.87,4.7,83.0,83.9,399.9,3.77,6.0,64.0,0.0,,,,2.29,0.1935,0.128,3.0,0.5528,synthetic
6.65,3.7,80.0,86.8,251.2,2.16,6.0,66.0,0.0,,,,0.07,0.2044,0.1366,3.0,0.6275,synthetic
6.47,8.0,66.0,38.4,26.5,1.34,7.0,60.0,1.0,,,,0.6,0.2466,0.1449,3.0,0.5683,synthetic
6.01,2.2,67.0,55.5,225.0,0.7,3.0,53.0,1.0,,,,1.51,0.178,0.1763,1.0,0.6405,synthetic
5.19,3.4,77.0,72.3,132.5,0.01,6.0,40.0,1.0,,,,22.85,0.0953,0.1818,0.0,0.4873,synthetic
7.78,2.7,50.0,0.1,381.2,0.57,7.0,48.0,0.0,,,,2.67,0.2371,0.0985,2.0,0.7768,synthetic
5.18,3.4,65.0,47.4,302.2,0.82,0.0,47.0,0.0,,,,2.92,0.2265,0.2659,3.0,0.5979,synthetic
8.38,6.6,57.0,58.8,202.8,3.45,3.0,27.0,1.0,,,,0.11,0.2018,0.2056,4.0,0.6456,synthetic
5.51,7.5,57.0,64.5,171.9,4.09,5.0,22.0,1.0,,,,21.55,0.0908,0.1421,2.0,0.2858,synthetic
8.16,3.1,72.0,33.2,398.3,3.68,3.0,32.0,1.0,,,,1.42,0.1692,0.1609,3.0,0.7394,synthetic
8.53,3.1,60.0,26.6,267.0,3.62,0.0,43.0,0.0,,,,22.25,0.0973,0.1148,3.0,0.5595,synthetic
5.13,2.2,65.0,16.4,205.6,4.97,5.0,27.0,0.0,,,,0.04,0.1852,0.1552,3.0,0.5828,synthetic
4.93,7.1,79.0,50.2,159.2,4.81,3.0,24.0,0.0,,,,20.61,0.05,0.1146,2.0,0.3053,synthetic
9.25,6.7,75.0,82.7,129.8,1.34,4.0,66.0,1.0,,,,1.65,0.1275,0.1884,2.0,0.6739,synthetic
6.82,4.3,63.0,80.6,282.2,0.73,0.0,39.0,1.0,,,,2.71,0.2885,0.3179,5.0,0.6851,synthetic
7.65,1.7,52.0,32.4,235.2,0.77,0.0,51.0,1.0,,,,20.66,0.1287,0.2331,6.0,0.6091,synthetic
4.62,1.9,51.0,23.2,339.3,4.48,4.0,47.0,0.0,,,,1.12,0.1062,0.1176,4.0,0.519,synthetic
5.89,4.8,70.0,71.0,221.4,0.51,7.0,59.0,1.0,,,,2.03,0.1852,0.1916,1.0,0.6176,synthetic
7.03,5.6,67.0,65.2,232.9,1.7,5.0,60.0,0.0,,,,20.77,0.0834,0.1414,5.0,0.4553,synthetic
8.93,1.0,82.0,45.5,190.9,2.65,7.0,34.0,1.0,,,,21.73,0.05,0.1495,3.0,0.6965,synthetic
5.86,3.9,53.0,35.0,305.0,3.07,6.0,66.0,1.0,,,,22.74,0.05,0.0882,5.0,0.3235,synthetic
8.38,7.7,84.0,11.1,166.0,2.98,2.0,39.0,1.0,,,,1.86,0.1478,0.1372,6.0,0.6471,synthetic
7.81,4.1,59.0,70.7,340.8,3.93,0.0,65.0,1.0,,,,23.45,0.05,0.1569,3.0,0.4791,synthetic
5.08,7.5,64.0,55.6,130.8,2.86,4.0,41.0,1.0,,,,20.96,0.05,0.1862,4.0,0.287,synthetic
5.97,5.8,84.0,33.9,277.1,4.26,4.0,24.0,0.0,,,,21.79,0.1108,0.165,2.0,0.4042,synthetic
5.69,2.3,84.0,82.7,357.2,0.42,6.0,61.0,0.0,,,,23.27,0.1091,0.2622,6.0,0.3782,synthetic
6.71,3.9,71.0,59.4,307.6,4.29,4.0,19.0,1.0,,,,20.27,0.051,0.2486,2.0,0.5001,synthetic
7.68,4.2,53.0,83.6,137.0,2.95,7.0,62.0,1.0,,,,0.42,0.1536,0.2273,3.0,0.6672,synthetic
6.67,2.6,74.0,42.7,282.5,1.11,6.0,20.0,0.0,,,,20.18,0.1543,0.2908,2.0,0.5994,synthetic
5.72,2.6,80.0,40.9,82.8,4.89,4.0,29.0,1.0,,,,1.47,0.1571,0.145,2.0,0.5768,synthetic
7.98,7.5,60.0,84.4,23.3,4.7,4.0,52.0,0.0,,,,1.14,0.1922,0.1522,5.0,0.6196,synthetic
7.42,2.5,57.0,86.4,316.6,4.23,0.0,71.0,1.0,,,,2.06,0.107,0.0668,3.0,0.6276,synthetic
7.1,6.7,70.0,86.5,323.2,4.56,6.0,41.0,0.0,,,,21.1,0.1452,0.1953,3.0,0.4261,synthetic
7.27,3.6,80.0,73.7,9.2,1.91,5.0,24.0,1.0,,,,0.22,0.2118,0.2901,1.0,0.7479,synthetic
5.61,4.4,70.0,41.6,379.1,1.14,7.0,31.0,0.0,,,,1.47,0.237,0.2151,4.0,0.5809,synthetic
7.9,5.6,60.0,18.9,178.4,0.91,0.0,69.0,0.0,,,,23.61,0.1307,0.1381,4.0,0.4422,synthetic
6.44,3.3,85.0,34.5,362.1,4.37,1.0,59.0,1.0,,,,20.92,0.0874,0.0739,3.0,0.4416,synthetic
6.32,5.6,85.0,84.4,315.3,4.13,5.0,23.0,1.0,,,,20.69,0.0848,0.2215,4.0,0.4199,synthetic
5.25,1.0,76.0,32.7,360.3,4.9,3.0,39.0,0.0,,,,0.24,0.1487,0.0442,3.0,0.6435,synthetic
7.48,5.4,53.0,68.1,333.4,4.24,4.0,33.0,1.0,,,,23.48,0.0636,0.115,3.0,0.5013,synthetic
7.51,1.0,59.0,83.1,389.6,3.16,3.0,28.0,0.0,,,,2.51,0.2498,0.1716,4.0,0.7812,synthetic
6.2,4.0,75.0,87.3,251.6,0.71,5.0,66.0,0.0,,,,1.84,0.2234,0.1401,1.0,0.6322,synthetic
8.8,6.2,81.0,85.3,90.9,0.82,5.0,53.0,0.0,,,,1.07,0.2248,0.1662,3.0,0.7567,synthetic
8.73,5.7,69.0,50.0,155.8,2.37,1.0,28.0,0.0,,,,2.88,0.1799,0.172,3.0,0.7726,synthetic
5.05,1.9,62.0,44.3,300.8,3.84,6.0,55.0,1.0,,,,0.86,0.2567,0.1352,3.0,0.6092,synthetic
7.98,2.2,85.0,88.9,62.8,0.87,3.0,41.0,1.0,,,,20.65,0.1276,0.2444,7.0,0.6278,synthetic
6.47,3.1,65.0,19.6,371.9,4.58,4.0,21.0,0.0,,,,20.54,0.1094,0.1555,3.0,0.4622,synthetic
9.5,4.9,87.0,16.9,82.1,3.42,4.0,43.0,0.0,,,,1.71,0.1552,0.1867,4.0,0.7716,synthetic
5.63,1.0,71.0,86.7,350.4,1.56,5.0,28.0,1.0,,,,22.52,0.1363,0.271,1.0,0.5442,synthetic
5.9,4.5,75.0,62.0,193.5,4.43,2.0,31.0,1.0,,,,2.47,0.1064,0.2015,1.0,0.5462,synthetic
6.71,5.1,55.0,48.3,336.2,2.99,0.0,68.0,0.0,,,,20.83,0.05,0.0862,2.0,0.3933,synthetic
5.84,3.9,61.0,11.9,383.3,3.67,1.0,58.0,0.0,,,,21.39,0.1118,0.135,3.0,0.4091,synthetic
7.96,5.6,89.0,46.2,168.9,1.93,7.0,25.0,0.0,,,,1.41,0.1817,0.2457,6.0,0.6665,synthetic
6.9,4.9,79.0,85.0,278.6,1.97,1.0,66.0,0.0,,,,1.93,0.2297,0.1222,6.0,0.6066,synthetic
5.6,3.4,69.0,54.3,90.7,0.06,1.0,50.0,1.0,,,,2.07,0.2368,0.2451,2.0,0.6607,synthetic
7.03,1.0,71.0,36.4,320.3,2.69,6.0,67.0,1.0,,,,20.69,0.0973,0.0879,5.0,0.5443,synthetic
8.94,4.8,54.0,49.6,328.0,3.8,1.0,60.0,1.0,,,,22.67,0.0543,0.1414,2.0,0.5878,synthetic
8.46,2.6,81.0,79.8,118.1,4.84,3.0,37.0,1.0,,,,0.52,0.1943,0.1664,3.0,0.7761,synthetic
6.99,3.3,53.0,82.2,9.7,4.46,2.0,48.0,0.0,,,,2.43,0.1801,0.1943,2.0,0.5492,synthetic
5.94,5.5,65.0,36.0,172.5,0.43,5.0,48.0,1.0,,,,21.67,0.1201,0.1083,0.0,0.4245,synthetic
5.4,7.3,66.0,54.7,68.0,4.9,4.0,59.0,1.0,,,,0.2,0.15,0.0774,3.0,0.4556,synthetic
8.89,4.4,74.0,25.1,327.4,0.75,4.0,32.0,1.0,,,,21.0,0.1023,0.2552,3.0,0.6119,synthetic
8.05,5.6,67.0,40.6,104.4,0.21,4.0,36.0,0.0,,,,1.23,0.2172,0.2936,1.0,0.7778,synthetic
7.36,1.6,88.0,19.8,377.5,3.74,6.0,31.0,1.0,,,,20.89,0.093,0.1548,8.0,0.5771,synthetic
8.9,5.0,82.0,47.8,388.7,4.53,4.0,34.0,0.0,,,,3.0,0.1697,0.1034,3.0,0.7037,synthetic
5.11,4.4,88.0,52.0,363.5,4.75,4.0,27.0,1.0,,,,20.65,0.05,0.1862,7.0,0.306,synthetic
7.91,7.0,71.0,30.4,239.8,4.12,7.0,20.0,1.0,,,,0.8,0.2135,0.1736,5.0,0.6154,synthetic
5.58,3.4,62.0,24.5,107.0,1.02,0.0,71.0,1.0,,,,1.44,0.1739,0.1876,2.0,0.5893,synthetic
5.1,4.0,89.0,13.6,322.9,0.77,6.0,22.0,1.0,,,,21.81,0.085,0.2218,3.0,0.4187,synthetic
6.83,6.6,53.0,12.6,280.6,0.29,1.0,68.0,1.0,,,,21.78,0.0596,0.1107,2.0,0.3355,synthetic
6.44,4.3,87.0,64.0,390.9,2.91,2.0,18.0,0.0,,,,0.17,0.163,0.2028,1.0,0.6203,synthetic
9.21,2.3,54.0,19.9,150.9,2.44,0.0,62.0,1.0,,,,0.41,0.1143,0.057,4.0,0.7707,synthetic
6.12,9.6,82.0,10.6,23.5,0.55,4.0,36.0,1.0,,,,1.04,0.2362,0.1169,2.0,0.4135,synthetic
8.57,2.3,81.0,89.9,399.4,2.32,6.0,47.0,0.0,,,,0.06,0.1658,0.185,3.0,0.8011,synthetic
8.24,4.4,76.0,23.4,335.3,2.84,3.0,34.0,0.0,,,,21.22,0.1316,0.2016,2.0,0.5324,synthetic
7.84,5.2,81.0,80.6,88.6,3.61,5.0,45.0,0.0,,,,2.47,0.116,0.1941,3.0,0.6472,synthetic
9.1,5.0,54.0,54.8,290.3,2.07,3.0,43.0,1.0,,,,21.17,0.05,0.1451,1.0,0.6058,synthetic
6.54,4.1,65.0,64.4,0.3,1.59,6.0,48.0,1.0,,,,23.96,0.0963,0.2299,1.0,0.496,synthetic
6.45,4.1,63.0,50.5,223.1,3.33,7.0,40.0,1.0,,,,2.44,0.1584,0.1992,3.0,0.6026,synthetic
5.3,4.0,89.0,16.3,145.1,3.42,5.0,48.0,1.0,,,,2.39,0.1878,0.0846,2.0,0.4901,synthetic
5.88,2.3,69.0,76.2,152.5,1.35,2.0,65.0,1.0,,,,21.18,0.086,0.1644,3.0,0.4701,synthetic
8.9,8.8,52.0,74.5,97.8,0.1,6.0,42.0,1.0,,,,21.67,0.1738,0.238,7.0,0.5746,synthetic
6.87,4.1,60.0,31.5,109.9,4.73,0.0,38.0,0.0,,,,0.21,0.1159,0.1297,3.0,0.6543,synthetic
6.21,5.7,84.0,68.7,181.9,3.78,7.0,25.0,0.0,,,,22.36,0.05,0.2286,1.0,0.4197,synthetic
5.58,3.8,86.0,48.9,99.3,1.01,6.0,38.0,0.0,,,,1.12,0.1778,0.1908,0.0,0.6395,synthetic
6.92,3.8,87.0,81.8,186.6,2.83,5.0,25.0,1.0,,,,23.66,0.1096,0.1912,3.0,0.4652,synthetic
8.08,3.6,56.0,72.3,230.9,2.97,4.0,28.0,0.0,,,,21.86,0.0947,0.1868,6.0,0.5351,synthetic
5.93,1.4,78.0,3.7,284.4,0.63,2.0,72.0,0.0,,,,22.88,0.1112,0.1346,3.0,0.4893,synthetic
8.29,4.2,66.0,79.1,270.9,0.96,3.0,23.0,0.0,,,,0.84,0.2542,0.2571,4.0,0.7383,synthetic
7.65,3.7,79.0,87.2,96.8,4.78,0.0,45.0,1.0,,,,1.5,0.1948,0.2264,2.0,0.7093,synthetic
8.44,6.8,83.0,66.8,15.7,2.54,2.0,65.0,1.0,,,,22.59,0.0636,0.1326,3.0,0.4407,synthetic
5.75,2.1,60.0,10.8,333.1,0.96,4.0,72.0,1.0,,,,20.73,0.1541,0.1041,2.0,0.4227,synthetic
7.66,3.3,70.0,72.7,348.9,3.99,2.0,26.0,0.0,,,,22.47,0.1075,0.1655,4.0,0.5038,synthetic
5.27,2.7,63.0,58.3,391.6,2.35,6.0,27.0,1.0,,,,0.41,0.1519,0.1639,2.0,0.6415,synthetic
6.32,7.4,68.0,30.5,383.9,3.19,6.0,39.0,1.0,,,,1.32,0.2116,0.1243,4.0,0.5168,synthetic
8.12,2.8,62.0,79.6,253.5,1.49,4.0,49.0,1.0,,,,2.16,0.2322,0.1653,3.0,0.6748,synthetic
7.66,5.6,64.0,50.9,357.7,0.29,2.0,72.0,0.0,,,,2.73,0.1974,0.1665,1.0,0.6492,synthetic
5.44,6.4,61.0,76.8,179.2,0.82,2.0,29.0,0.0,,,,23.71,0.0735,0.3077,5.0,0.3596,synthetic
8.79,4.2,62.0,60.3,314.9,4.87,4.0,27.0,1.0,,,,2.16,0.1569,0.1167,5.0,0.7087,synthetic
4.77,1.7,73.0,26.0,382.1,3.12,5.0,32.0,0.0,,,,21.83,0.0748,0.1682,6.0,0.4066,synthetic
7.48,1.8,74.0,87.8,318.5,4.16,1.0,67.0,1.0,,,,23.92,0.05,0.1357,2.0,0.5082,synthetic
9.42,6.2,87.0,51.4,166.3,0.11,3.0,19.0,1.0,,,,23.78,0.0625,0.2881,2.0,0.6187,synthetic
7.16,2.0,66.0,46.5,151.1,3.83,3.0,39.0,0.0,,,,1.38,0.2192,0.2275,3.0,0.7271,synthetic
8.5,5.3,76.0,36.3,116.6,2.42,2.0,24.0,1.0,,,,1.41,0.2046,0.233,2.0,0.7225,synthetic
7.48,4.7,89.0,12.3,146.8,3.33,1.0,26.0,0.0,,,,22.0,0.1106,0.1095,6.0,0.4877,synthetic
8.42,5.3,69.0,61.8,328.2,1.79,6.0,70.0,1.0,,,,2.2,0.1813,0.1197,5.0,0.72,synthetic
7.78,5.4,81.0,38.8,280.6,3.1,3.0,18.0,0.0,,,,2.24,0.1725,0.1988,2.0,0.6822,synthetic
7.96,2.6,89.0,84.1,100.0,0.18,4.0,36.0,0.0,,,,2.64,0.2133,0.2134,1.0,0.8133,synthetic
5.64,2.5,82.0,86.9,284.6,0.23,0.0,70.0,0.0,,,,23.2,0.163,0.1976,4.0,0.4132,synthetic
8.21,5.9,53.0,69.1,151.8,3.99,2.0,52.0,0.0,,,,2.91,0.2195,0.0952,8.0,0.6575,synthetic
5.69,3.2,58.0,21.8,223.1,0.62,1.0,22.0,1.0,,,,1.49,0.2194,0.2227,2.0,0.6293,synthetic
9.4,1.0,62.0,64.4,148.1,0.07,2.0,44.0,0.0,,,,0.57,0.2528,0.1718,1.0,0.9774,synthetic
5.64,5.8,77.0,1.8,208.7,4.56,6.0,73.0,0.0,,,,23.03,0.05,0.02,8.0,0.2731,synthetic
5.68,2.4,77.0,74.4,291.9,1.33,4.0,40.0,0.0,,,,1.9,0.2268,0.1309,1.0,0.6887,synthetic
8.79,5.4,55.0,44.4,292.5,2.91,7.0,48.0,0.0,,,,1.35,0.1923,0.1106,4.0,0.7519,synthetic
5.71,7.3,68.0,84.3,301.3,4.19,3.0,48.0,0.0,,,,0.1,0.2014,0.1902,3.0,0.5095,synthetic
6.3,4.5,67.0,34.0,156.4,3.73,6.0,55.0,1.0,,,,2.98,0.16,0.1149,3.0,0.5347,synthetic
8.07,6.5,78.0,23.7,276.2,0.23,1.0,28.0,1.0,,,,21.75,0.0955,0.1641,4.0,0.4859,synthetic
5.29,4.8,60.0,89.6,95.5,2.8,6.0,65.0,0.0,,,,0.49,0.1549,0.1569,1.0,0.4818,synthetic
5.3,7.7,60.0,47.8,191.0,2.71,4.0,74.0,1.0,,,,22.25,0.05,0.1559,3.0,0.1994,synthetic
6.93,2.4,74.0,77.7,233.2,1.75,0.0,26.0,1.0,,,,23.2,0.0758,0.171,3.0,0.5769,synthetic
5.72,4.5,53.0,82.0,274.6,3.77,5.0,64.0,0.0,,,,22.37,0.05,0.1659,3.0,0.3161,synthetic
5.68,5.8,77.0,46.7,364.8,4.82,3.0,64.0,1.0,,,,22.34,0.058,0.0827,4.0,0.2446,synthetic
4.55,4.1,68.0,41.0,121.9,0.74,0.0,60.0,0.0,,,,22.64,0.1128,0.251,1.0,0.3808,synthetic
6.35,6.8,71.0,49.8,338.1,0.73,6.0,39.0,0.0,,,,20.4,0.0922,0.2593,2.0,0.4024,synthetic
6.09,3.6,82.0,76.3,124.4,3.67,4.0,44.0,0.0,,,,20.28,0.0864,0.2433,3.0,0.5198,synthetic
4.66,8.6,57.0,86.8,220.8,2.27,4.0,65.0,0.0,,,,1.07,0.157,0.1469,4.0,0.3451,synthetic
7.61,8.7,58.0,29.5,331.2,3.98,4.0,26.0,1.0,,,,22.18,0.05,0.1208,4.0,0.3756,synthetic
7.63,5.1,86.0,66.5,289.3,0.71,0.0,65.0,1.0,,,,20.15,0.05,0.1731,3.0,0.4809,synthetic
4.85,5.6,80.0,25.7,345.1,0.2,2.0,70.0,0.0,,,,20.57,0.0615,0.1938,2.0,0.2802,synthetic
6.09,6.9,61.0,55.0,326.0,3.49,5.0,56.0,1.0,,,,21.37,0.1,0.0275,1.0,0.3328,synthetic
8.86,2.1,79.0,72.4,110.5,4.97,2.0,37.0,1.0,,,,20.34,0.1216,0.1133,3.0,0.6205,synthetic
7.41,1.9,68.0,79.8,397.2,0.47,7.0,49.0,1.0,,,,2.62,0.1747,0.1715,3.0,0.7433,synthetic
6.56,7.0,75.0,40.4,374.8,4.32,2.0,20.0,1.0,,,,23.98,0.05,0.1662,4.0,0.2833,synthetic
6.83,5.0,81.0,33.3,172.1,1.93,3.0,71.0,1.0,,,,22.76,0.0542,0.1133,4.0,0.4106,synthetic
5.54,4.0,52.0,22.8,18.9,0.08,3.0,37.0,0.0,,,,23.73,0.143,0.1609,2.0,0.4175,synthetic
8.56,4.5,74.0,12.0,121.4,2.55,0.0,21.0,1.0,,,,20.79,0.0598,0.1259,1.0,0.5509,synthetic
9.07,1.0,64.0,32.8,334.5,1.39,6.0,63.0,1.0,,,,0.91,0.1641,0.1563,4.0,0.8591,synthetic
9.05,4.1,71.0,78.5,380.3,3.47,1.0,55.0,1.0,,,,2.79,0.2053,0.1174,2.0,0.7968,synthetic
5.62,3.0,65.0,37.7,332.7,1.44,3.0,53.0,1.0,,,,20.91,0.0863,0.2405,2.0,0.5065,synthetic
6.05,6.3,88.0,28.6,158.7,2.41,7.0,21.0,0.0,,,,21.07,0.1875,0.1945,6.0,0.2987,synthetic
5.3,6.5,74.0,66.5,22.6,1.0,7.0,60.0,0.0,,,,0.4,0.2204,0.2313,5.0,0.4872,synthetic
6.04,5.7,84.0,19.4,207.0,4.14,1.0,54.0,0.0,,,,21.06,0.1026,0.1336,4.0,0.323,synthetic
6.16,5.3,60.0,23.1,150.6,4.63,3.0,63.0,0.0,,,,20.88,0.05,0.0797,3.0,0.3243,synthetic
7.67,1.5,65.0,84.2,49.2,2.02,4.0,65.0,1.0,,,,0.69,0.1993,0.0728,4.0,0.7833,synthetic
5.45,5.7,81.0,7.3,42.3,2.24,5.0,30.0,1.0,,,,0.33,0.171,0.2133,5.0,0.4974,synthetic
9.1,5.8,59.0,37.3,61.2,4.91,2.0,30.0,1.0,,,,21.52,0.0706,0.1585,2.0,0.5399,synthetic
5.02,7.0,90.0,51.9,82.3,0.71,4.0,70.0,1.0,,,,1.76,0.1564,0.272,1.0,0.4503,synthetic
4.53,8.7,76.0,20.7,301.5,4.04,6.0,48.0,1.0,,,,20.74,0.0595,0.162,2.0,0.2503,synthetic
8.77,1.1,86.0,25.3,152.7,2.84,6.0,42.0,1.0,,,,22.33,0.1588,0.1089,3.0,0.6087,synthetic
8.02,3.7,54.0,20.0,174.8,4.4,6.0,34.0,1.0,,,,1.17,0.1618,0.0917,2.0,0.6984,synthetic
6.28,3.0,67.0,31.1,239.4,1.46,7.0,54.0,1.0,,,,0.3,0.1228,0.1976,6.0,0.618,synthetic
7.48,4.8,63.0,80.9,384.1,1.48,6.0,60.0,1.0,,,,0.2,0.2293,0.1118,2.0,0.6434,synthetic
5.62,4.5,89.0,38.8,302.6,1.63,4.0,18.0,0.0,,,,0.8,0.241,0.2749,2.0,0.6365,synthetic
5.34,4.0,56.0,37.6,258.3,0.08,7.0,49.0,1.0,,,,0.53,0.2091,0.1746,0.0,0.5842,synthetic
6.86,6.6,80.0,34.8,297.5,0.85,3.0,74.0,1.0,,,,2.12,0.2073,0.0331,2.0,0.5531,synthetic
6.27,2.3,75.0,86.8,287.7,4.97,5.0,33.0,1.0,,,,23.98,0.05,0.1491,6.0,0.4229,synthetic
7.58,2.4,84.0,10.6,276.1,1.24,7.0,34.0,0.0,,,,22.81,0.059,0.1923,4.0,0.5507,synthetic
5.59,2.5,89.0,78.5,198.6,0.1,0.0,68.0,0.0,,,,1.36,0.2079,0.2149,4.0,0.5686,synthetic
7.81,3.8,82.0,29.4,226.7,1.39,7.0,21.0,0.0,,,,21.81,0.1054,0.2568,1.0,0.5897,synthetic
8.33,2.0,60.0,86.1,184.6,2.04,6.0,40.0,1.0,,,,1.32,0.1812,0.1575,3.0,0.7861,synthetic
5.33,4.4,83.0,28.4,158.0,2.74,7.0,44.0,1.0,,,,21.96,0.0646,0.0794,5.0,0.3744,synthetic
4.72,4.2,71.0,7.5,108.3,0.34,6.0,63.0,1.0,,,,23.36,0.0717,0.1563,3.0,0.3419,synthetic
6.7,2.9,76.0,46.8,142.1,3.95,1.0,25.0,1.0,,,,1.17,0.1681,0.1992,4.0,0.7146,synthetic
8.37,6.2,61.0,20.5,171.4,4.13,2.0,42.0,0.0,,,,0.39,0.1335,0.1128,3.0,0.665,synthetic
7.75,4.4,83.0,67.8,231.8,1.07,0.0,26.0,1.0,,,,20.6,0.1548,0.2883,1.0,0.6136,synthetic
8.01,6.6,68.0,59.2,200.0,3.99,4.0,62.0,1.0,,,,23.13,0.0733,0.1449,2.0,0.4183,synthetic
6.51,4.1,82.0,61.8,43.2,1.81,3.0,54.0,0.0,,,,1.68,0.1385,0.1934,3.0,0.6879,synthetic
5.67,4.5,67.0,17.4,136.0,2.12,3.0,46.0,1.0,,,,2.98,0.2081,0.1066,1.0,0.5798,synthetic
7.16,3.4,75.0,63.8,150.5,4.68,5.0,40.0,0.0,,,,23.27,0.1048,0.1357,4.0,0.4713,synthetic
5.52,4.5,54.0,28.0,282.8,4.46,6.0,26.0,1.0,,,,20.6,0.0667,0.1117,6.0,0.3649,synthetic
8.13,5.9,54.0,89.9,133.2,1.88,0.0,70.0,1.0,,,,22.56,0.0907,0.1821,3.0,0.4636,synthetic
5.48,3.7,88.0,65.9,3.2,2.44,7.0,54.0,1.0,,,,23.43,0.0501,0.093,3.0,0.3688,synthetic
5.96,5.5,79.0,53.1,33.7,1.43,2.0,36.0,1.0,,,,20.51,0.0743,0.1306,1.0,0.4398,synthetic
7.03,2.9,57.0,78.0,198.8,2.58,6.0,41.0,0.0,,,,2.05,0.1251,0.2013,1.0,0.7335,synthetic
6.93,6.0,74.0,53.0,75.4,3.41,4.0,59.0,1.0,,,,23.77,0.05,0.1726,6.0,0.4035,synthetic
7.5,3.3,81.0,49.7,197.8,0.46,3.0,59.0,1.0,,,,22.91,0.1013,0.1045,1.0,0.572,synthetic
6.69,6.2,74.0,21.4,229.7,4.6,1.0,44.0,1.0,,,,22.78,0.05,0.1896,4.0,0.3786,synthetic
9.1,4.6,68.0,61.0,373.4,3.59,1.0,35.0,1.0,,,,20.2,0.1297,0.1861,2.0,0.6499,synthetic
8.7,7.5,83.0,33.7,262.2,0.48,5.0,55.0,0.0,,,,23.63,0.1498,0.1335,1.0,0.5004,synthetic
8.9,2.2,52.0,3.9,12.4,4.34,2.0,55.0,1.0,,,,23.33,0.05,0.1008,3.0,0.6174,synthetic
7.65,1.5,75.0,73.4,152.3,3.72,1.0,52.0,0.0,,,,22.42,0.1326,0.2298,3.0,0.506,synthetic
7.68,3.3,69.0,4.7,317.4,1.57,0.0,22.0,1.0,,,,0.61,0.2358,0.1517,3.0,0.7688,synthetic
7.55,1.7,76.0,60.5,104.2,2.61,6.0,44.0,0.0,,,,22.88,0.0525,0.1564,4.0,0.546,synthetic
6.67,1.7,62.0,14.1,370.0,4.3,3.0,52.0,0.0,,,,0.0,0.1343,0.0506,2.0,0.6598,synthetic
6.11,5.7,56.0,38.9,211.6,4.84,2.0,72.0,0.0,,,,2.2,0.1206,0.0465,4.0,0.4682,synthetic
7.46,4.5,89.0,77.3,37.0,1.41,2.0,47.0,1.0,,,,22.55,0.0898,0.1837,1.0,0.5564,synthetic
4.63,3.5,85.0,8.5,96.7,3.25,4.0,37.0,0.0,,,,22.79,0.05,0.1727,4.0,0.4025,synthetic
4.54,3.7,86.0,60.0,362.5,4.3,3.0,49.0,0.0,,,,2.06,0.1603,0.1238,2.0,0.448,synthetic
8.76,3.3,81.0,55.1,396.6,4.94,4.0,28.0,1.0,,,,22.51,0.0575,0.1681,2.0,0.5676,synthetic
4.73,7.8,53.0,78.1,345.2,0.35,2.0,23.0,0.0,,,,23.08,0.05,0.3306,2.0,0.2884,synthetic
7.12,3.0,75.0,15.5,128.3,2.52,2.0,56.0,0.0,,,,1.61,0.18,0.1014,2.0,0.6788,synthetic
7.57,1.9,65.0,72.0,307.5,4.37,6.0,74.0,0.0,,,,0.14,0.1991,0.0624,2.0,0.7373,synthetic
5.49,6.1,63.0,40.5,88.9,0.02,3.0,66.0,0.0,,,,2.54,0.1584,0.1199,1.0,0.5121,synthetic
8.98,4.1,60.0,38.6,153.8,2.19,7.0,51.0,1.0,,,,23.29,0.05,0.0576,3.0,0.6184,synthetic
5.45,8.6,57.0,32.6,278.9,2.92,6.0,20.0,1.0,,,,23.35,0.05,0.1438,2.0,0.2456,synthetic
8.92,3.4,56.0,34.7,387.6,2.63,5.0,74.0,1.0,,,,20.3,0.05,0.0636,2.0,0.6199,synthetic
8.31,6.2,55.0,46.8,175.7,3.66,4.0,43.0,0.0,,,,21.38,0.0922,0.1369,3.0,0.4719,synthetic
5.7,6.7,78.0,9.6,198.3,0.33,6.0,34.0,0.0,,,,23.78,0.0737,0.1815,1.0,0.4266,synthetic
5.25,3.5,87.0,38.3,88.1,3.93,0.0,68.0,0.0,,,,21.31,0.05,0.0539,4.0,0.2831,synthetic
6.08,3.0,65.0,58.7,161.3,1.42,3.0,60.0,0.0,,,,23.18,0.1527,0.187,6.0,0.4356,synthetic
6.49,6.0,54.0,44.8,25.2,4.12,5.0,60.0,1.0,,,,21.98,0.05,0.0682,4.0,0.3217,synthetic
5.73,5.6,59.0,14.9,343.4,2.1,0.0,33.0,1.0,,,,20.15,0.1067,0.15,4.0,0.4029,synthetic
9.49,1.7,80.0,32.7,9.3,0.21,1.0,74.0,0.0,,,,23.33,0.093,0.0577,3.0,0.7049,synthetic
5.65,2.2,64.0,39.9,273.4,4.82,0.0,43.0,1.0,,,,0.52,0.1466,0.1733,6.0,0.5494,synthetic
8.65,1.0,77.0,60.2,109.3,3.9,3.0,48.0,1.0,,,,22.37,0.077,0.1884,3.0,0.6899,synthetic
5.3,5.7,58.0,81.1,190.4,1.74,4.0,60.0,0.0,,,,1.44,0.1708,0.1208,2.0,0.5025,synthetic
9.4,4.0,80.0,49.5,112.6,1.35,3.0,55.0,1.0,,,,21.02,0.0845,0.1514,2.0,0.6821,synthetic
5.63,4.2,76.0,60.9,160.0,2.94,0.0,27.0,0.0,,,,20.64,0.0868,0.1953,2.0,0.4363,synthetic
6.61,1.1,59.0,6.9,218.7,4.94,3.0,35.0,0.0,,,,2.54,0.1782,0.1339,7.0,0.6516,synthetic
7.29,2.3,87.0,85.9,256.4,1.45,7.0,38.0,1.0,,,,2.45,0.197,0.2618,2.0,0.7825,synthetic
5.1,3.5,71.0,28.4,376.1,4.74,0.0,72.0,1.0,,,,22.85,0.05,0.1406,7.0,0.2903,synthetic
8.58,3.2,59.0,31.9,132.9,1.65,6.0,58.0,0.0,,,,22.94,0.0807,0.1892,2.0,0.637,synthetic
5.87,4.7,73.0,20.1,233.9,3.52,2.0,38.0,1.0,,,,1.96,0.144,0.1722,6.0,0.5296,synthetic
7.25,5.7,67.0,7.6,360.7,1.91,0.0,59.0,1.0,,,,23.71,0.0905,0.1045,2.0,0.4001,synthetic
7.25,9.0,87.0,71.1,116.1,0.43,0.0,60.0,1.0,,,,20.82,0.05,0.1874,4.0,0.388,synthetic
7.51,4.5,62.0,21.6,346.0,4.68,0.0,40.0,0.0,,,,20.8,0.0672,0.0721,3.0,0.4562,synthetic
4.78,6.7,85.0,25.4,383.0,0.82,3.0,40.0,1.0,,,,20.92,0.172,0.2743,0.0,0.4073,synthetic
5.34,2.8,80.0,16.4,339.0,4.72,3.0,68.0,1.0,,,,1.47,0.1835,0.0282,3.0,0.4827,synthetic
5.31,1.2,77.0,87.7,227.9,0.52,4.0,50.0,1.0,,,,0.21,0.2253,0.1771,0.0,0.7502,synthetic
6.01,3.8,57.0,70.3,288.8,1.33,0.0,26.0,1.0,,,,22.1,0.0503,0.2584,4.0,0.4418,synthetic
5.22,1.3,53.0,83.7,192.4,4.6,5.0,59.0,1.0,,,,21.13,0.0564,0.1162,2.0,0.4502,synthetic
9.11,4.5,85.0,77.6,238.9,3.29,5.0,51.0,1.0,,,,20.86,0.0703,0.1676,3.0,0.5649,synthetic
7.06,2.9,73.0,81.6,389.8,0.95,0.0,47.0,1.0,,,,1.19,0.197,0.222,0.0,0.759,synthetic
7.62,1.0,89.0,43.1,100.4,2.96,5.0,59.0,1.0,,,,2.2,0.1976,0.1288,2.0,0.7627,synthetic
6.29,8.0,71.0,15.3,317.0,0.9,0.0,69.0,0.0,,,,23.72,0.05,0.1207,7.0,0.345,synthetic
5.88,3.4,74.0,29.4,202.5,4.37,3.0,36.0,0.0,,,,1.41,0.1435,0.1394,3.0,0.562,synthetic
7.02,1.2,90.0,26.3,70.7,0.25,5.0,41.0,1.0,,,,21.98,0.1584,0.1382,2.0,0.6447,synthetic
5.97,6.3,79.0,64.5,257.4,2.65,6.0,28.0,1.0,,,,0.1,0.1496,0.1886,3.0,0.5724,synthetic
6.22,3.0,64.0,2.3,317.0,0.32,4.0,54.0,1.0,,,,23.07,0.1147,0.1397,3.0,0.5211,synthetic
6.76,6.7,83.0,12.8,227.5,3.48,3.0,40.0,0.0,,,,20.61,0.07,0.1406,3.0,0.3787,synthetic
7.03,3.0,62.0,61.5,335.0,4.68,6.0,37.0,1.0,,,,23.41,0.0582,0.2208,5.0,0.5272,synthetic
9.42,3.4,71.0,11.1,146.3,4.16,1.0,57.0,0.0,,,,1.93,0.1729,0.0258,4.0,0.8478,synthetic
5.62,5.2,60.0,4.3,365.5,1.86,1.0,41.0,0.0,,,,20.36,0.135,0.195,2.0,0.4196,synthetic
6.94,5.7,90.0,9.8,259.3,1.18,3.0,44.0,0.0,,,,23.34,0.1095,0.1297,2.0,0.4386,synthetic
5.25,6.0,87.0,62.2,321.3,0.61,0.0,43.0,0.0,,,,2.11,0.2656,0.2427,4.0,0.4995,synthetic
6.25,4.3,85.0,12.5,109.2,4.37,0.0,32.0,1.0,,,,1.53,0.1596,0.1524,2.0,0.6054,synthetic
8.09,5.6,66.0,13.2,178.5,0.41,2.0,25.0,1.0,,,,23.45,0.112,0.1556,5.0,0.5203,synthetic
5.37,6.0,79.0,20.7,363.8,3.14,1.0,65.0,0.0,,,,21.2,0.05,0.0858,1.0,0.317,synthetic
7.41,4.9,60.0,67.6,20.4,1.84,5.0,23.0,1.0,,,,1.94,0.1886,0.1655,1.0,0.6503,synthetic
6.58,4.2,66.0,18.0,161.6,4.98,4.0,36.0,0.0,,,,21.07,0.1049,0.1317,4.0,0.4295,synthetic
4.76,1.6,82.0,3.2,312.1,2.54,3.0,56.0,0.0,,,,21.94,0.0952,0.1863,1.0,0.476,synthetic
9.17,5.7,52.0,81.5,297.5,2.74,3.0,25.0,1.0,,,,20.87,0.1463,0.2435,2.0,0.6319,synthetic
6.57,4.6,52.0,78.9,340.6,4.59,0.0,55.0,0.0,,,,23.21,0.05,0.1898,6.0,0.3825,synthetic
8.42,3.7,76.0,16.6,295.8,4.85,3.0,59.0,1.0,,,,0.4,0.1086,0.0936,2.0,0.7292,synthetic
6.58,7.1,81.0,23.9,378.8,2.92,0.0,55.0,0.0,,,,1.79,0.1536,0.0371,4.0,0.4792,synthetic
9.19,1.6,65.0,17.0,199.3,3.98,2.0,35.0,0.0,,,,23.23,0.0567,0.1228,2.0,0.6476,synthetic
5.95,7.8,77.0,64.8,249.7,3.17,5.0,19.0,1.0,,,,2.8,0.1527,0.2064,3.0,0.4656,synthetic
6.56,4.5,86.0,22.5,339.1,2.14,7.0,68.0,1.0,,,,0.17,0.1976,0.1155,2.0,0.627,synthetic
8.29,5.1,54.0,83.8,280.7,0.29,2.0,36.0,0.0,,,,0.23,0.2191,0.1993,3.0,0.7302,synthetic
6.22,3.7,83.0,74.5,40.8,3.59,2.0,63.0,0.0,,,,21.23,0.0995,0.02,1.0,0.39,synthetic
6.32,1.2,73.0,53.0,146.8,3.5,5.0,29.0,1.0,,,,21.33,0.05,0.1663,3.0,0.5406,synthetic
9.47,4.2,67.0,0.8,221.0,0.58,7.0,27.0,0.0,,,,0.04,0.2138,0.2527,1.0,0.8601,synthetic
7.28,5.2,52.0,79.5,301.9,1.15,2.0,62.0,0.0,,,,1.05,0.2027,0.1157,10.0,0.5807,synthetic
7.95,5.9,65.0,65.5,217.4,3.66,6.0,71.0,1.0,,,,21.43,0.05,0.1933,3.0,0.4825,synthetic
7.72,4.1,82.0,70.9,311.0,0.75,2.0,67.0,0.0,,,,23.39,0.0882,0.1952,1.0,0.5506,synthetic
8.64,1.0,72.0,6.5,335.0,3.45,5.0,60.0,1.0,,,,22.49,0.0707,0.02,4.0,0.6331,synthetic
8.81,1.4,57.0,63.8,106.1,3.59,1.0,32.0,0.0,,,,23.07,0.1556,0.1395,2.0,0.6573,synthetic
7.32,8.6,59.0,72.4,246.4,1.77,2.0,70.0,1.0,,,,21.55,0.1104,0.216,2.0,0.3918,synthetic
5.97,2.3,84.0,86.1,222.8,1.29,7.0,56.0,1.0,,,,20.99,0.1375,0.2775,2.0,0.5378,synthetic
4.61,7.4,67.0,52.2,90.9,1.87,3.0,27.0,0.0,,,,22.24,0.0976,0.2121,1.0,0.2866,synthetic
7.57,2.6,54.0,45.7,196.0,1.8,0.0,25.0,0.0,,,,2.08,0.2058,0.2148,2.0,0.7621,synthetic
8.63,4.1,89.0,38.3,219.4,3.04,6.0,67.0,0.0,,,,1.64,0.1527,0.1091,2.0,0.7069,synthetic
6.75,5.8,60.0,63.1,326.9,3.72,1.0,33.0,1.0,,,,20.71,0.0877,0.2026,9.0,0.3823,synthetic
5.32,2.9,82.0,82.9,184.4,4.31,0.0,61.0,1.0,,,,20.61,0.05,0.1329,3.0,0.3656,synthetic
5.94,7.7,51.0,54.0,32.4,0.15,6.0,25.0,1.0,,,,23.45,0.1123,0.2217,3.0,0.3177,synthetic
7.05,4.7,60.0,20.5,194.9,3.63,2.0,33.0,0.0,,,,21.94,0.05,0.1085,4.0,0.4145,synthetic
8.68,5.4,63.0,1.6,335.2,1.57,1.0,34.0,0.0,,,,1.76,0.2312,0.0594,3.0,0.7307,synthetic
5.36,4.0,84.0,55.7,228.5,4.19,7.0,34.0,1.0,,,,23.4,0.05,0.209,3.0,0.3884,synthetic
7.56,5.8,80.0,77.8,127.5,0.38,2.0,56.0,1.0,,,,1.97,0.2088,0.1554,1.0,0.6308,synthetic
8.27,7.7,62.0,5.9,368.4,2.76,5.0,70.0,1.0,,,,20.76,0.0803,0.0412,9.0,0.3925,synthetic
9.18,4.2,81.0,35.8,62.3,2.74,2.0,69.0,0.0,,,,2.79,0.1664,0.1028,4.0,0.7447,synthetic
5.08,8.0,82.0,84.6,130.8,1.63,4.0,60.0,0.0,,,,1.37,0.2636,0.1948,1.0,0.5095,synthetic
9.13,3.3,70.0,45.2,174.9,4.85,5.0,29.0,0.0,,,,1.12,0.1283,0.0673,3.0,0.8318,synthetic
7.51,6.0,70.0,19.9,295.2,0.53,6.0,72.0,0.0,,,,2.58,0.2018,0.1666,3.0,0.6189,synthetic
8.33,5.5,70.0,31.8,334.3,0.68,3.0,48.0,0.0,,,,23.29,0.0858,0.0973,0.0,0.6384,synthetic
4.77,2.4,57.0,36.7,23.4,3.22,4.0,49.0,1.0,,,,21.04,0.111,0.109,3.0,0.407,synthetic
7.03,4.9,83.0,10.6,316.8,2.57,6.0,57.0,0.0,,,,23.48,0.0754,0.1207,4.0,0.4665,synthetic
7.61,4.5,79.0,59.5,288.2,1.32,6.0,61.0,1.0,,,,1.71,0.1313,0.084,1.0,0.6467,synthetic
6.03,2.8,84.0,53.3,357.9,1.52,5.0,72.0,1.0,,,,2.02,0.1028,0.0506,6.0,0.5931,synthetic
6.66,5.2,83.0,58.3,360.2,0.79,3.0,51.0,1.0,,,,23.42,0.1336,0.191,2.0,0.4878,synthetic
7.27,4.8,81.0,55.0,311.0,4.34,4.0,52.0,1.0,,,,1.13,0.0865,0.0716,3.0,0.6007,synthetic
7.26,4.4,81.0,1.5,76.1,2.85,7.0,60.0,0.0,,,,21.73,0.1454,0.1545,2.0,0.4308,synthetic
4.71,4.4,88.0,15.7,125.5,1.22,1.0,32.0,1.0,,,,21.61,0.1245,0.2558,1.0,0.3943,synthetic
6.7,4.3,74.0,14.9,374.5,1.97,5.0,35.0,0.0,,,,0.1,0.163,0.1461,10.0,0.6066,synthetic
5.57,3.8,83.0,8.8,239.3,4.53,6.0,53.0,1.0,,,,22.95,0.0902,0.0326,1.0,0.4245,synthetic
9.08,4.8,82.0,66.2,215.5,4.43,3.0,21.0,1.0,,,,21.13,0.0515,0.2025,4.0,0.5606,synthetic
9.38,3.2,61.0,10.8,366.3,0.35,6.0,36.0,1.0,,,,1.33,0.1822,0.1926,2.0,0.8531,synthetic
6.0,9.8,73.0,60.1,349.7,3.27,3.0,58.0,0.0,,,,23.73,0.0689,0.1166,4.0,0.1942,synthetic
5.38,1.7,79.0,16.1,291.0,0.76,6.0,73.0,0.0,,,,23.64,0.1198,0.0391,2.0,0.4126,synthetic
5.6,3.3,54.0,10.6,352.9,1.05,5.0,47.0,0.0,,,,21.33,0.2298,0.0587,3.0,0.5286,synthetic
6.89,3.5,71.0,14.6,45.5,4.32,0.0,40.0,0.0,,,,21.69,0.05,0.1088,4.0,0.4155,synthetic
8.87,8.6,50.0,45.8,303.0,4.48,6.0,43.0,1.0,,,,0.85,0.0956,0.128,2.0,0.5899,synthetic
7.0,1.9,60.0,58.1,386.3,0.41,5.0,57.0,0.0,,,,1.96,0.2184,0.2277,0.0,0.7957,synthetic
4.78,5.4,69.0,73.1,19.6,4.37,1.0,49.0,0.0,,,,21.24,0.0671,0.2044,1.0,0.3799,synthetic
4.7,5.0,62.0,11.6,89.2,3.64,5.0,19.0,1.0,,,,1.69,0.1506,0.154,7.0,0.4749,synthetic
5.64,5.2,81.0,55.5,317.6,3.88,4.0,48.0,0.0,,,,1.52,0.1719,0.2145,1.0,0.6014,synthetic
8.71,7.0,75.0,69.6,208.0,3.96,7.0,40.0,1.0,,,,1.7,0.2044,0.1177,3.0,0.6553,synthetic
7.61,6.9,61.0,28.1,34.6,2.54,2.0,57.0,0.0,,,,0.07,0.1871,0.0488,4.0,0.5645,synthetic
7.31,3.6,51.0,7.2,107.2,4.73,2.0,67.0,0.0,,,,22.46,0.0632,0.0369,5.0,0.4207,synthetic
6.09,4.9,60.0,14.0,129.6,1.0,0.0,72.0,1.0,,,,1.4,0.2035,0.088,3.0,0.5627,synthetic
9.15,1.0,71.0,8.2,128.4,2.52,6.0,52.0,1.0,,,,23.36,0.05,0.1647,1.0,0.7155,synthetic
6.16,4.7,80.0,79.8,351.1,1.59,7.0,38.0,1.0,,,,21.55,0.1276,0.2606,2.0,0.4491,synthetic
8.67,2.9,74.0,33.9,264.8,4.11,5.0,43.0,1.0,,,,22.82,0.0885,0.06,7.0,0.5869,synthetic
8.98,4.1,52.0,47.1,294.0,0.41,2.0,28.0,0.0,,,,23.2,0.0824,0.1728,1.0,0.6264,synthetic
6.92,1.1,69.0,69.2,5.4,2.17,7.0,71.0,1.0,,,,23.54,0.05,0.1205,2.0,0.5006,synthetic
8.97,5.3,88.0,33.4,171.0,3.87,2.0,66.0,0.0,,,,2.28,0.2054,0.0791,2.0,0.6647,synthetic
5.88,1.1,86.0,58.4,127.1,1.56,5.0,66.0,1.0,,,,22.88,0.05,0.0664,1.0,0.49,synthetic
7.79,4.8,80.0,6.9,340.8,1.2,4.0,36.0,0.0,,,,21.99,0.1002,0.1567,2.0,0.5462,synthetic
4.94,2.0,61.0,43.3,381.5,1.31,6.0,36.0,1.0,,,,2.74,0.1836,0.1795,2.0,0.6379,synthetic
6.87,2.8,51.0,8.7,169.3,3.57,7.0,66.0,0.0,,,,21.69,0.05,0.0918,4.0,0.5049,synthetic
5.59,6.8,68.0,22.3,389.2,1.43,2.0,49.0,1.0,,,,20.08,0.1031,0.0889,4.0,0.3034,synthetic
4.81,5.7,65.0,26.4,5.7,2.01,0.0,58.0,1.0,,,,1.95,0.1708,0.2065,5.0,0.4749,synthetic
4.52,6.8,77.0,64.6,130.3,2.73,1.0,45.0,1.0,,,,2.68,0.2103,0.255,5.0,0.4125,synthetic
6.12,7.6,53.0,60.7,310.0,4.7,5.0,43.0,1.0,,,,0.77,0.1103,0.1039,3.0,0.4267,synthetic
7.45,3.0,87.0,67.2,144.0,3.97,2.0,54.0,0.0,,,,22.85,0.0664,0.1348,2.0,0.5116,synthetic
6.78,7.5,79.0,5.6,368.4,0.93,1.0,64.0,0.0,,,,23.81,0.0843,0.106,6.0,0.3777,synthetic
6.01,1.6,89.0,89.5,87.4,4.42,6.0,37.0,1.0,,,,1.82,0.1816,0.1663,4.0,0.6196,synthetic
9.46,6.0,85.0,4.9,318.3,4.22,5.0,64.0,0.0,,,,2.2,0.1176,0.0976,3.0,0.6689,synthetic
9.2,3.5,67.0,74.3,80.7,3.73,1.0,31.0,0.0,,,,20.72,0.1352,0.1593,2.0,0.6489,synthetic
5.13,2.6,76.0,66.6,78.8,2.58,5.0,40.0,0.0,,,,2.08,0.1648,0.2239,2.0,0.6203,synthetic
6.58,5.7,84.0,53.3,178.3,0.35,5.0,70.0,1.0,,,,0.32,0.1609,0.1655,2.0,0.5869,synthetic
7.74,6.4,58.0,39.5,378.0,3.56,7.0,72.0,0.0,,,,20.23,0.1171,0.1302,3.0,0.4456,synthetic
8.17,6.3,50.0,68.1,234.2,2.59,7.0,70.0,0.0,,,,20.76,0.051,0.1859,3.0,0.4076,synthetic
6.33,4.9,62.0,66.6,254.0,1.55,7.0,36.0,1.0,,,,20.32,0.1201,0.2084,1.0,0.4938,synthetic
8.23,4.8,67.0,12.3,3.9,0.05,7.0,66.0,0.0,,,,2.64,0.2191,0.225,6.0,0.71,synthetic
5.12,5.6,75.0,71.3,22.6,1.16,6.0,71.0,0.0,,,,22.99,0.1288,0.1474,4.0,0.3307,synthetic
6.16,5.1,61.0,7.1,26.8,3.03,5.0,73.0,0.0,,,,1.01,0.1114,0.1254,6.0,0.4648,synthetic
8.08,5.6,68.0,45.0,327.9,0.56,4.0,19.0,1.0,,,,20.01,0.1048,0.1467,4.0,0.5378,synthetic
7.63,4.9,76.0,58.1,94.7,3.28,6.0,60.0,0.0,,,,1.55,0.1959,0.1003,1.0,0.7134,synthetic
8.69,6.2,83.0,74.0,131.5,4.1,7.0,74.0,1.0,,,,23.37,0.05,0.1109,4.0,0.4426,synthetic
4.73,1.2,59.0,41.7,244.0,1.59,0.0,61.0,0.0,,,,2.47,0.206,0.2606,1.0,0.6076,synthetic
5.37,4.2,82.0,21.3,233.6,0.41,1.0,31.0,0.0,,,,23.65,0.05,0.2633,3.0,0.3885,synthetic
4.74,1.7,88.0,44.2,164.2,0.7,3.0,61.0,0.0,,,,1.52,0.2244,0.204,4.0,0.5683,synthetic
5.46,5.1,66.0,22.5,1.7,1.79,2.0,23.0,0.0,,,,0.41,0.2137,0.2539,1.0,0.6193,synthetic
4.52,7.8,72.0,47.6,179.8,4.07,4.0,45.0,0.0,,,,23.64,0.05,0.1504,6.0,0.1336,synthetic
7.02,3.6,50.0,41.6,295.6,3.17,2.0,53.0,0.0,,,,2.64,0.1137,0.0972,3.0,0.6462,synthetic
7.14,4.8,78.0,70.2,94.1,4.34,6.0,44.0,0.0,,,,23.47,0.0504,0.0755,10.0,0.4096,synthetic
7.79,6.0,85.0,21.6,283.3,4.97,7.0,57.0,1.0,,,,2.25,0.1662,0.0988,3.0,0.6419,synthetic
6.42,1.0,51.0,18.0,6.1,1.01,2.0,31.0,1.0,,,,20.25,0.153,0.2417,6.0,0.5648,synthetic
4.52,3.5,84.0,42.7,363.2,3.47,6.0,52.0,1.0,,,,0.6,0.0715,0.1547,2.0,0.5425,synthetic
7.87,5.2,56.0,4.5,380.0,2.33,0.0,54.0,1.0,,,,2.38,0.1315,0.0775,3.0,0.6641,synthetic
4.77,1.0,84.0,20.6,1.0,2.47,6.0,54.0,1.0,,,,2.29,0.1868,0.2238,2.0,0.6219,synthetic
8.83,2.5,72.0,31.8,183.1,1.63,5.0,34.0,1.0,,,,23.4,0.0575,0.2062,5.0,0.637,synthetic
4.61,6.7,65.0,43.9,165.5,1.71,5.0,35.0,1.0,,,,23.3,0.0888,0.2039,3.0,0.289,synthetic
7.15,6.5,88.0,24.2,336.8,3.38,3.0,32.0,0.0,,,,1.67,0.2039,0.2322,10.0,0.5868,synthetic
8.97,5.2,74.0,50.5,216.3,3.1,0.0,44.0,1.0,,,,22.35,0.05,0.1861,6.0,0.5178,synthetic
7.36,6.3,52.0,79.1,244.5,1.59,6.0,51.0,0.0,,,,2.56,0.2321,0.2276,1.0,0.6648,synthetic
7.54,4.9,81.0,48.9,81.0,0.59,0.0,38.0,1.0,,,,21.75,0.05,0.1605,2.0,0.5445,synthetic
7.91,5.6,57.0,25.8,30.8,2.89,3.0,41.0,1.0,,,,20.52,0.0909,0.1554,2.0,0.5618,synthetic
5.11,3.9,87.0,5.6,276.9,3.7,1.0,34.0,0.0,,,,1.4,0.1941,0.2178,5.0,0.5008,synthetic
7.87,4.7,57.0,12.3,248.3,2.79,6.0,30.0,0.0,,,,22.83,0.05,0.1907,3.0,0.5301,synthetic
8.9,3.2,70.0,50.5,332.9,0.02,4.0,55.0,0.0,,,,22.49,0.1232,0.1216,2.0,0.6547,synthetic
9.37,7.0,71.0,61.5,337.9,1.41,4.0,64.0,0.0,,,,22.25,0.1476,0.119,2.0,0.5515,synthetic
6.72,7.5,73.0,4.5,252.4,3.89,2.0,34.0,1.0,,,,2.86,0.1836,0.2063,5.0,0.4799,synthetic
6.22,7.3,71.0,16.7,215.3,3.71,6.0,67.0,1.0,,,,0.0,0.1229,0.1781,4.0,0.4725,synthetic
8.27,3.7,68.0,28.7,365.6,0.05,1.0,50.0,1.0,,,,2.94,0.2222,0.2229,2.0,0.7985,synthetic
7.21,2.6,79.0,28.8,320.5,2.35,5.0,27.0,1.0,,,,22.41,0.05,0.1836,5.0,0.4994,synthetic
5.79,7.1,56.0,86.3,353.0,2.19,7.0,38.0,0.0,,,,22.9,0.061,0.2394,2.0,0.3833,synthetic
5.36,5.6,81.0,18.3,398.3,3.26,2.0,18.0,0.0,,,,21.48,0.05,0.1604,1.0,0.3095,synthetic
5.35,5.2,51.0,5.6,161.4,0.62,5.0,20.0,1.0,,,,23.01,0.1579,0.2838,0.0,0.4467,synthetic
6.8,3.2,84.0,31.8,286.8,3.11,2.0,37.0,1.0,,,,20.43,0.05,0.1439,2.0,0.435,synthetic
5.35,5.4,80.0,12.1,275.2,4.73,7.0,43.0,1.0,,,,20.0,0.05,0.1437,3.0,0.3259,synthetic
4.6,2.3,82.0,11.4,69.7,1.86,7.0,63.0,0.0,,,,23.17,0.1161,0.0983,4.0,0.3601,synthetic
4.76,5.8,62.0,36.7,254.6,1.69,2.0,25.0,1.0,,,,1.22,0.2027,0.3128,3.0,0.5253,synthetic
9.15,7.3,84.0,27.6,171.2,0.14,1.0,65.0,1.0,,,,23.06,0.05,0.0807,3.0,0.5088,synthetic
4.86,7.8,78.0,8.3,180.3,0.29,0.0,31.0,0.0,,,,23.63,0.12,0.1629,2.0,0.2703,synthetic
4.87,5.9,89.0,54.4,72.1,4.66,5.0,25.0,0.0,,,,23.12,0.0502,0.2275,6.0,0.272,synthetic
6.76,1.7,51.0,45.2,297.9,4.88,7.0,57.0,0.0,,,,23.69,0.05,0.1262,3.0,0.5182,synthetic
5.73,4.9,82.0,6.9,279.2,0.03,1.0,62.0,0.0,,,,1.43,0.1619,0.1609,9.0,0.5716,synthetic
9.31,8.8,75.0,77.6,212.9,4.5,6.0,52.0,0.0,,,,1.63,0.1941,0.1518,3.0,0.6115,synthetic
9.05,2.8,90.0,25.6,62.7,0.87,6.0,24.0,1.0,,,,1.87,0.2413,0.2203,2.0,0.8584,synthetic
6.52,4.4,68.0,86.5,222.7,2.81,3.0,24.0,1.0,,,,21.49,0.0727,0.137,4.0,0.3743,synthetic
6.74,7.3,61.0,83.8,40.1,3.39,1.0,40.0,0.0,,,,23.2,0.05,0.2345,4.0,0.3171,synthetic
6.38,5.7,85.0,39.1,135.7,1.8,5.0,43.0,1.0,,,,1.82,0.1925,0.2423,3.0,0.5706,synthetic
4.69,9.5,63.0,20.6,148.9,2.64,4.0,74.0,1.0,,,,2.59,0.1481,0.1159,3.0,0.3445,synthetic
5.96,3.0,78.0,75.1,353.4,3.14,6.0,34.0,0.0,,,,23.8,0.0915,0.1241,3.0,0.4133,synthetic
5.11,2.5,63.0,32.5,166.2,0.97,4.0,28.0,0.0,,,,23.45,0.0941,0.2553,1.0,0.4433,synthetic
5.01,6.9,88.0,14.7,239.4,4.97,0.0,71.0,0.0,,,,1.35,0.1836,0.02,7.0,0.3732,synthetic
7.3,2.1,71.0,49.6,349.9,1.02,1.0,26.0,1.0,,,,2.94,0.1925,0.293,2.0,0.7452,synthetic
4.99,4.1,63.0,44.0,170.3,0.05,3.0,19.0,1.0,,,,22.98,0.1655,0.1599,4.0,0.3251,synthetic
5.01,4.4,83.0,76.5,353.5,4.72,3.0,42.0,1.0,,,,21.16,0.0743,0.129,2.0,0.3182,synthetic
6.9,6.6,52.0,65.6,54.6,2.15,2.0,40.0,1.0,,,,1.84,0.1464,0.1416,3.0,0.5785,synthetic
6.71,5.7,54.0,78.9,145.9,1.99,7.0,53.0,0.0,,,,0.97,0.2303,0.1887,2.0,0.6381,synthetic
5.19,5.4,83.0,66.1,37.9,1.38,2.0,68.0,0.0,,,,21.02,0.05,0.22,2.0,0.3339,synthetic
4.52,3.7,63.0,57.8,224.4,0.13,5.0,71.0,1.0,,,,22.26,0.0503,0.1987,1.0,0.3752,synthetic
5.46,6.9,57.0,45.0,382.9,1.32,2.0,34.0,0.0,,,,23.87,0.0549,0.1728,3.0,0.3376,synthetic
5.68,10.0,73.0,88.9,262.8,1.97,7.0,73.0,0.0,,,,1.12,0.1872,0.1788,4.0,0.4223,synthetic
8.5,5.9,60.0,86.3,250.4,2.6,7.0,54.0,0.0,,,,1.46,0.2179,0.1637,2.0,0.7221,synthetic
9.08,4.7,89.0,76.4,111.3,2.29,6.0,21.0,0.0,,,,21.09,0.1173,0.1811,0.0,0.6233,synthetic
6.53,1.9,83.0,69.8,372.4,4.4,6.0,71.0,0.0,,,,21.52,0.05,0.1719,3.0,0.4312,synthetic
6.53,3.2,86.0,52.0,188.6,4.56,5.0,25.0,0.0,,,,1.21,0.1328,0.1655,3.0,0.5949,synthetic
8.06,4.1,83.0,23.4,106.8,1.59,4.0,51.0,0.0,,,,20.81,0.0976,0.1388,2.0,0.5508,synthetic
7.63,3.4,85.0,78.8,395.1,4.8,4.0,63.0,1.0,,,,23.49,0.05,0.1001,6.0,0.4532,synthetic
5.42,4.5,64.0,1.0,169.2,4.32,0.0,32.0,1.0,,,,23.82,0.05,0.1648,2.0,0.4044,synthetic
5.04,8.1,77.0,20.5,148.6,4.64,7.0,33.0,1.0,,,,22.38,0.05,0.0676,2.0,0.2278,synthetic
6.69,7.0,86.0,36.3,14.0,3.53,7.0,45.0,1.0,,,,1.57,0.2146,0.1814,2.0,0.5593,synthetic
7.32,4.2,77.0,52.8,71.3,0.99,4.0,68.0,1.0,,,,20.39,0.0782,0.1554,2.0,0.5429,synthetic
5.19,2.1,90.0,50.5,323.7,0.98,6.0,30.0,0.0,,,,1.44,0.2307,0.3002,1.0,0.6384,synthetic
5.97,7.2,85.0,15.8,193.1,4.54,3.0,55.0,1.0,,,,0.52,0.1241,0.0774,4.0,0.5006,synthetic
6.03,4.4,53.0,9.4,381.9,2.54,0.0,43.0,1.0,,,,23.55,0.0692,0.1214,10.0,0.3989,synthetic
5.81,1.0,70.0,20.0,33.6,4.45,6.0,24.0,1.0,,,,2.11,0.125,0.097,7.0,0.6129,synthetic
6.8,5.9,61.0,31.4,246.4,3.6,4.0,58.0,0.0,,,,21.42,0.0688,0.1041,4.0,0.4646,synthetic
7.77,6.6,85.0,1.3,288.0,1.06,7.0,65.0,0.0,,,,1.61,0.1533,0.1326,8.0,0.6304,synthetic
7.05,1.0,87.0,62.3,248.5,1.92,1.0,50.0,1.0,,,,21.31,0.0692,0.2403,3.0,0.5976,synthetic
5.51,2.9,73.0,22.3,212.0,4.84,3.0,28.0,1.0,,,,2.93,0.1732,0.1317,5.0,0.5433,synthetic
5.01,4.3,52.0,31.6,231.3,0.1,5.0,26.0,1.0,,,,20.23,0.1741,0.2117,0.0,0.4442,synthetic
8.61,6.0,64.0,30.1,275.8,3.57,1.0,42.0,1.0,,,,23.87,0.0569,0.064,2.0,0.5003,synthetic
6.9,3.5,58.0,46.1,345.3,4.89,7.0,46.0,0.0,,,,21.18,0.0778,0.0926,10.0,0.4358,synthetic
4.81,2.8,71.0,77.4,134.5,0.52,4.0,49.0,0.0,,,,22.86,0.0728,0.2584,1.0,0.4229,synthetic
5.79,6.0,89.0,13.4,183.9,1.36,1.0,31.0,1.0,,,,21.04,0.1622,0.1973,0.0,0.4281,synthetic
8.52,3.6,64.0,30.7,254.4,2.74,5.0,46.0,1.0,,,,21.36,0.0658,0.1527,3.0,0.5616,synthetic
8.26,5.6,79.0,62.3,125.7,4.22,7.0,34.0,0.0,,,,20.43,0.0684,0.1799,3.0,0.5,synthetic
8.88,2.3,83.0,4.0,71.5,2.53,2.0,57.0,0.0,,,,20.06,0.1056,0.0402,3.0,0.6134,synthetic
7.51,1.8,83.0,74.7,386.5,0.3,4.0,63.0,0.0,,,,1.04,0.1572,0.155,2.0,0.776,synthetic
6.61,6.0,56.0,86.6,77.9,0.64,5.0,55.0,0.0,,,,23.17,0.1774,0.2078,1.0,0.4602,synthetic
6.63,5.0,59.0,54.7,93.1,1.88,1.0,18.0,1.0,,,,20.32,0.1123,0.2268,2.0,0.4746,synthetic
5.47,6.3,59.0,86.1,247.5,1.61,4.0,74.0,0.0,,,,2.57,0.1515,0.1637,2.0,0.5074,synthetic
7.75,3.4,62.0,37.2,30.9,1.1,4.0,19.0,1.0,,,,0.66,0.2189,0.1855,2.0,0.7368,synthetic
7.43,2.9,52.0,37.4,13.6,4.2,2.0,74.0,0.0,,,,21.85,0.05,0.0617,4.0,0.457,synthetic
5.27,7.2,72.0,9.6,25.6,0.13,2.0,19.0,1.0,,,,23.07,0.0604,0.2373,2.0,0.2816,synthetic
8.93,1.5,80.0,3.2,49.3,4.15,5.0,47.0,0.0,,,,23.42,0.0543,0.0892,7.0,0.6508,synthetic
6.34,7.0,60.0,22.0,171.7,4.61,6.0,24.0,1.0,,,,23.99,0.05,0.0673,3.0,0.3294,synthetic
4.75,7.1,76.0,43.0,331.7,3.15,3.0,23.0,1.0,,,,2.0,0.174,0.2804,1.0,0.4956,synthetic
6.14,6.2,72.0,45.7,136.8,3.13,1.0,56.0,1.0,,,,0.13,0.1651,0.1721,2.0,0.6003,synthetic
8.85,3.1,54.0,19.6,171.0,0.75,6.0,59.0,1.0,,,,2.85,0.1545,0.1815,6.0,0.7843,synthetic
9.08,2.9,60.0,55.2,240.1,2.84,1.0,24.0,1.0,,,,1.09,0.144,0.1899,2.0,0.8118,synthetic
6.95,4.1,60.0,16.3,120.9,1.88,0.0,73.0,1.0,,,,2.92,0.1582,0.0845,4.0,0.5545,synthetic
9.28,1.9,70.0,29.4,173.0,1.15,2.0,36.0,0.0,,,,23.86,0.0942,0.0998,1.0,0.6757,synthetic
8.88,2.6,75.0,17.6,154.5,2.92,6.0,36.0,0.0,,,,0.75,0.2289,0.1959,4.0,0.8121,synthetic
8.63,5.8,62.0,62.7,136.8,0.01,6.0,34.0,0.0,,,,1.17,0.2424,0.1279,0.0,0.7308,synthetic
8.8,5.8,55.0,46.5,155.4,1.38,2.0,44.0,0.0,,,,1.28,0.1914,0.1112,3.0,0.705,synthetic
6.41,2.4,61.0,66.2,4.4,3.28,4.0,28.0,1.0,,,,20.17,0.083,0.1688,1.0,0.5225,synthetic
8.28,5.9,52.0,5.2,354.5,2.28,7.0,42.0,0.0,,,,20.89,0.0549,0.1865,2.0,0.5653,synthetic
7.39,5.4,80.0,38.3,390.9,0.73,5.0,29.0,0.0,,,,21.59,0.1451,0.1896,2.0,0.4957,synthetic
8.1,7.5,78.0,87.0,345.0,0.01,6.0,20.0,1.0,,,,21.9,0.0971,0.1885,2.0,0.5077,synthetic
5.39,5.6,77.0,4.8,2.3,1.35,0.0,39.0,0.0,,,,2.34,0.2341,0.1404,3.0,0.5838,synthetic
8.16,6.6,75.0,37.7,300.4,2.75,1.0,56.0,0.0,,,,1.06,0.234,0.1627,3.0,0.615,synthetic
9.29,5.5,62.0,3.6,229.2,2.67,0.0,61.0,1.0,,,,21.0,0.05,0.0931,5.0,0.5788,synthetic
6.01,6.5,55.0,13.2,37.7,0.66,7.0,38.0,1.0,,,,22.98,0.0599,0.176,2.0,0.3933,synthetic
9.43,1.9,74.0,41.6,373.1,3.07,2.0,36.0,1.0,,,,21.7,0.0797,0.0538,5.0,0.7107,synthetic
6.39,4.3,79.0,14.2,310.5,4.99,3.0,62.0,1.0,,,,1.81,0.1805,0.0302,5.0,0.5602,synthetic
5.5,4.4,82.0,46.7,58.1,2.92,4.0,56.0,1.0,,,,2.42,0.1577,0.153,1.0,0.5437,synthetic
5.06,4.0,79.0,83.0,385.6,2.64,4.0,65.0,1.0,,,,21.15,0.0648,0.156,2.0,0.3503,synthetic
8.42,5.4,76.0,18.0,50.5,3.11,0.0,69.0,0.0,,,,22.92,0.091,0.0913,3.0,0.4458,synthetic
7.27,5.8,83.0,9.6,181.9,4.4,7.0,64.0,1.0,,,,2.67,0.1384,0.0521,6.0,0.5219,synthetic
6.04,5.3,80.0,74.3,63.6,4.73,3.0,71.0,0.0,,,,0.6,0.1412,0.1069,3.0,0.5066,synthetic
7.54,4.1,88.0,41.4,60.1,0.21,7.0,41.0,0.0,,,,2.08,0.2181,0.2665,2.0,0.7488,synthetic
6.16,3.0,50.0,79.4,387.1,1.02,6.0,40.0,1.0,,,,22.5,0.1259,0.1664,3.0,0.5072,synthetic
6.74,6.7,56.0,27.6,228.8,0.58,5.0,36.0,1.0,,,,21.47,0.1089,0.268,1.0,0.5076,synthetic
8.81,5.2,73.0,56.5,103.7,3.86,5.0,31.0,0.0,,,,0.84,0.1644,0.1907,6.0,0.703,synthetic
7.84,2.5,66.0,83.1,310.6,0.23,7.0,60.0,1.0,,,,20.96,0.1257,0.19,1.0,0.6838,synthetic
8.31,4.1,64.0,15.5,350.1,4.51,2.0,58.0,1.0,,,,1.88,0.1091,0.0829,2.0,0.7174,synthetic
7.42,1.0,80.0,72.1,367.0,0.1,2.0,63.0,1.0,,,,1.28,0.1697,0.2455,3.0,0.7424,synthetic
9.46,4.6,71.0,56.8,373.2,3.01,5.0,27.0,0.0,,,,22.13,0.0896,0.216,2.0,0.6309,synthetic
5.71,4.1,71.0,73.2,362.2,1.38,1.0,46.0,1.0,,,,23.49,0.081,0.1484,0.0,0.4518,synthetic
5.81,3.4,52.0,15.4,255.6,2.35,6.0,30.0,0.0,,,,1.59,0.1712,0.1222,4.0,0.5724,synthetic
4.96,7.7,68.0,39.1,137.0,2.21,0.0,68.0,1.0,,,,2.54,0.1859,0.1812,2.0,0.3791,synthetic
7.27,2.2,74.0,11.6,370.2,3.74,7.0,33.0,0.0,,,,22.47,0.0752,0.1605,2.0,0.5149,synthetic
7.57,5.9,61.0,86.4,49.0,2.48,2.0,26.0,1.0,,,,1.53,0.1659,0.244,1.0,0.6572,synthetic
8.13,8.9,60.0,5.6,67.5,2.11,0.0,50.0,0.0,,,,21.36,0.0974,0.134,5.0,0.3949,synthetic
6.18,6.7,72.0,5.9,173.5,3.65,4.0,68.0,0.0,,,,2.32,0.1992,0.0879,4.0,0.5127,synthetic
4.56,4.4,86.0,80.8,113.5,4.63,2.0,70.0,0.0,,,,0.8,0.1313,0.0844,3.0,0.3617,synthetic
7.66,2.2,55.0,27.1,246.3,3.97,2.0,23.0,1.0,,,,21.07,0.0617,0.109,6.0,0.5502,synthetic
9.49,1.8,62.0,53.7,362.1,3.68,3.0,36.0,0.0,,,,1.18,0.1898,0.1557,3.0,0.8868,synthetic
5.97,3.7,52.0,25.9,196.4,2.44,4.0,26.0,1.0,,,,1.07,0.1619,0.1994,2.0,0.5948,synthetic
5.42,3.1,63.0,58.4,221.5,4.5,1.0,35.0,0.0,,,,1.2,0.1926,0.1244,2.0,0.5674,synthetic
5.91,3.1,78.0,17.3,169.3,2.43,0.0,48.0,0.0,,,,22.41,0.1466,0.1235,4.0,0.4316,synthetic
6.63,3.8,63.0,41.3,283.0,4.65,3.0,33.0,1.0,,,,1.18,0.1824,0.1794,4.0,0.6148,synthetic
5.75,4.3,66.0,48.0,40.3,4.01,2.0,21.0,1.0,,,,1.79,0.244,0.2602,9.0,0.5662,synthetic
6.23,5.5,87.0,30.0,19.4,0.75,4.0,47.0,0.0,,,,22.43,0.2063,0.1547,2.0,0.4564,synthetic
7.69,2.0,64.0,22.7,256.5,0.23,5.0,21.0,0.0,,,,21.46,0.0783,0.1303,4.0,0.5921,synthetic
6.23,3.1,72.0,12.6,214.0,3.7,4.0,30.0,0.0,,,,2.22,0.1863,0.1016,5.0,0.557,synthetic
6.48,4.2,87.0,63.6,162.9,3.43,0.0,18.0,1.0,,,,0.34,0.2184,0.2174,2.0,0.6424,synthetic
4.7,4.1,70.0,15.1,133.6,3.01,7.0,22.0,1.0,,,,23.22,0.05,0.134,5.0,0.2897,synthetic
9.09,8.2,57.0,26.3,20.7,4.88,5.0,42.0,0.0,,,,2.16,0.1396,0.0852,9.0,0.589,synthetic
6.53,5.0,56.0,30.3,272.2,2.73,0.0,66.0,1.0,,,,20.95,0.05,0.1141,4.0,0.4019,synthetic
6.14,1.3,86.0,40.9,168.6,1.74,6.0,62.0,0.0,,,,1.67,0.2186,0.1255,4.0,0.645,synthetic
4.93,5.3,85.0,63.2,178.1,2.82,7.0,23.0,0.0,,,,23.44,0.082,0.1746,4.0,0.3121,synthetic
7.67,5.6,60.0,38.5,357.4,0.14,4.0,19.0,1.0,,,,20.3,0.1278,0.1679,0.0,0.6517,synthetic
8.82,4.2,75.0,78.4,295.0,2.9,6.0,37.0,1.0,,,,2.81,0.1051,0.1021,2.0,0.7713,synthetic
4.71,2.1,57.0,61.2,87.8,4.51,7.0,55.0,0.0,,,,1.45,0.2077,0.2112,3.0,0.599,synthetic
5.23,8.0,59.0,75.5,262.9,0.02,7.0,60.0,1.0,,,,21.5,0.0812,0.169,3.0,0.3167,synthetic
5.23,2.4,87.0,64.5,52.9,4.23,7.0,64.0,0.0,,,,2.47,0.2085,0.1442,8.0,0.5201,synthetic
7.51,5.8,66.0,13.4,77.6,4.01,1.0,37.0,1.0,,,,2.55,0.1728,0.1142,3.0,0.6288,synthetic
9.11,4.9,58.0,88.0,285.7,0.53,0.0,27.0,0.0,,,,1.6,0.1804,0.2861,5.0,0.808,synthetic
6.69,5.7,71.0,70.8,50.4,4.23,5.0,19.0,0.0,,,,20.89,0.05,0.2543,2.0,0.4518,synthetic
6.22,7.9,84.0,51.5,112.1,3.82,5.0,26.0,0.0,,,,21.3,0.05,0.2443,5.0,0.3163,synthetic
8.33,5.6,83.0,14.9,359.2,2.46,4.0,21.0,1.0,,,,1.28,0.113,0.1786,8.0,0.6354,synthetic
8.21,3.4,76.0,15.5,295.3,1.23,1.0,67.0,1.0,,,,2.4,0.1631,0.1055,3.0,0.6839,synthetic
5.73,6.7,83.0,55.3,371.8,1.44,7.0,33.0,0.0,,,,21.51,0.05,0.2176,1.0,0.3889,synthetic
5.3,3.2,81.0,37.5,352.7,3.06,3.0,64.0,1.0,,,,23.23,0.0789,0.1312,4.0,0.3152,synthetic
6.29,4.8,89.0,60.8,125.0,1.23,5.0,49.0,1.0,,,,21.08,0.0745,0.1885,2.0,0.4764,synthetic
8.38,1.9,76.0,33.5,253.0,1.63,4.0,48.0,0.0,,,,23.35,0.1154,0.1765,4.0,0.6728,synthetic
7.98,2.4,74.0,46.2,151.5,4.65,7.0,43.0,1.0,,,,0.5,0.1875,0.1769,3.0,0.7427,synthetic
7.83,4.6,86.0,16.9,278.8,3.65,5.0,64.0,1.0,,,,20.13,0.05,0.02,2.0,0.524,synthetic
8.65,5.2,64.0,14.0,139.4,3.68,5.0,20.0,0.0,,,,0.5,0.1803,0.0951,2.0,0.732,synthetic
5.89,1.1,70.0,6.8,0.5,4.78,6.0,23.0,0.0,,,,0.48,0.2007,0.1483,3.0,0.6539,synthetic
6.2,5.5,84.0,73.8,37.6,0.03,0.0,42.0,0.0,,,,23.19,0.0671,0.2296,3.0,0.426,synthetic
4.71,2.9,89.0,50.0,308.4,1.22,5.0,40.0,1.0,,,,2.27,0.1505,0.2308,2.0,0.5498,synthetic
8.84,7.1,67.0,85.2,33.6,3.29,4.0,49.0,1.0,,,,20.94,0.05,0.211,1.0,0.5126,synthetic
7.41,3.8,74.0,67.5,239.8,2.19,6.0,60.0,0.0,,,,20.36,0.116,0.1288,3.0,0.4894,synthetic
5.99,2.3,84.0,69.2,343.1,0.56,1.0,51.0,0.0,,,,23.47,0.1142,0.2287,0.0,0.5171,synthetic
4.85,4.7,71.0,45.8,296.4,3.91,4.0,32.0,0.0,,,,23.73,0.05,0.1511,1.0,0.3875,synthetic
8.12,2.7,66.0,73.4,165.4,0.24,2.0,36.0,0.0,,,,21.87,0.0862,0.2188,2.0,0.5956,synthetic
8.24,7.0,53.0,84.8,83.4,2.72,0.0,60.0,0.0,,,,2.73,0.1038,0.1885,3.0,0.604,synthetic
7.83,4.5,58.0,65.0,369.0,2.81,4.0,29.0,0.0,,,,21.78,0.05,0.2406,3.0,0.5067,synthetic
5.52,4.2,63.0,9.5,226.6,3.18,0.0,46.0,1.0,,,,21.89,0.0672,0.2152,3.0,0.366,synthetic
9.07,5.7,66.0,58.6,162.2,1.58,0.0,48.0,0.0,,,,1.68,0.2026,0.164,4.0,0.7596,synthetic
8.27,2.5,81.0,10.8,376.8,0.12,4.0,60.0,1.0,,,,2.46,0.195,0.0715,4.0,0.7738,synthetic
7.79,1.9,57.0,7.0,86.0,4.44,7.0,58.0,0.0,,,,23.75,0.058,0.0458,3.0,0.5405,synthetic
7.75,5.3,53.0,62.4,176.9,4.65,5.0,44.0,0.0,,,,20.13,0.1068,0.1063,5.0,0.4491,synthetic
9.02,2.3,74.0,75.1,43.5,2.41,0.0,35.0,1.0,,,,22.49,0.05,0.1687,2.0,0.6533,synthetic
9.14,2.3,50.0,14.3,50.0,0.1,0.0,38.0,1.0,,,,21.57,0.1395,0.1259,2.0,0.713,synthetic
7.48,6.2,87.0,6.7,159.4,2.9,3.0,41.0,1.0,,,,23.58,0.05,0.0805,2.0,0.4351,synthetic
6.58,5.6,60.0,79.8,279.9,1.58,3.0,30.0,1.0,,,,0.78,0.1855,0.2001,4.0,0.6668,synthetic
6.32,2.0,83.0,11.9,135.6,0.91,0.0,53.0,0.0,,,,22.75,0.1553,0.1558,1.0,0.5437,synthetic
8.6,3.3,65.0,3.2,275.8,0.84,2.0,29.0,0.0,,,,23.76,0.0699,0.1718,1.0,0.6307,synthetic
7.72,2.7,90.0,64.9,322.1,0.9,1.0,54.0,1.0,,,,1.32,0.1683,0.18,1.0,0.7131,synthetic
4.89,8.1,70.0,76.3,351.0,1.65,4.0,60.0,1.0,,,,21.72,0.1044,0.2017,2.0,0.2791,synthetic
5.21,6.3,89.0,46.3,17.9,1.4,5.0,72.0,1.0,,,,21.37,0.0952,0.0773,1.0,0.2563,synthetic
9.0,3.7,69.0,48.6,309.5,4.18,3.0,24.0,1.0,,,,1.64,0.1826,0.1933,4.0,0.7907,synthetic
8.92,5.7,79.0,30.3,58.9,2.48,4.0,61.0,0.0,,,,20.26,0.128,0.0825,7.0,0.5285,synthetic
9.26,1.8,53.0,21.5,279.3,2.14,1.0,22.0,0.0,,,,21.05,0.1122,0.119,4.0,0.7213,synthetic
6.64,3.2,68.0,68.0,148.7,0.73,6.0,37.0,0.0,,,,20.09,0.1332,0.3191,2.0,0.5384,synthetic
8.42,4.7,61.0,76.4,283.1,4.38,0.0,28.0,1.0,,,,23.89,0.05,0.1674,3.0,0.5197,synthetic
8.64,5.4,82.0,28.9,85.5,0.27,4.0,27.0,1.0,,,,0.2,0.1965,0.1887,1.0,0.8035,synthetic
6.08,4.3,71.0,24.6,258.0,1.2,2.0,27.0,0.0,,,,23.72,0.0934,0.1882,4.0,0.3952,synthetic
5.23,5.0,76.0,24.1,50.2,3.11,3.0,20.0,1.0,,,,22.9,0.0664,0.1547,3.0,0.3531,synthetic
9.49,4.7,60.0,4.6,67.9,3.51,4.0,64.0,1.0,,,,23.7,0.05,0.02,2.0,0.5796,synthetic
4.65,4.2,55.0,25.3,245.8,4.01,5.0,21.0,0.0,,,,21.36,0.0981,0.175,2.0,0.3332,synthetic
7.49,3.9,77.0,2.3,134.7,2.05,7.0,40.0,0.0,,,,1.78,0.1538,0.1263,4.0,0.7347,synthetic
7.75,3.6,68.0,71.0,281.5,1.73,4.0,57.0,1.0,,,,2.87,0.1303,0.1631,3.0,0.7298,synthetic
7.91,5.0,67.0,23.0,274.1,1.44,1.0,74.0,1.0,,,,23.78,0.0534,0.1344,3.0,0.4327,synthetic
5.78,5.3,89.0,62.1,248.7,2.84,4.0,66.0,0.0,,,,22.62,0.1317,0.1886,3.0,0.3752,synthetic
8.11,4.9,55.0,48.9,292.2,1.74,4.0,25.0,0.0,,,,1.54,0.1419,0.205,3.0,0.6977,synthetic
5.58,2.1,76.0,75.4,317.6,1.64,6.0,74.0,0.0,,,,21.35,0.0582,0.1649,2.0,0.4697,synthetic
8.65,2.5,52.0,86.4,364.6,0.08,4.0,55.0,1.0,,,,22.25,0.1096,0.2306,2.0,0.6892,synthetic
5.6,5.3,77.0,33.1,32.2,4.74,6.0,28.0,0.0,,,,2.58,0.1373,0.1861,3.0,0.4233,synthetic
7.98,7.4,72.0,8.0,228.6,0.3,5.0,43.0,1.0,,,,21.3,0.1322,0.2046,1.0,0.5355,synthetic
8.42,4.8,79.0,67.5,299.5,1.35,4.0,70.0,0.0,,,,20.78,0.0928,0.1686,2.0,0.5535,synthetic
5.44,3.7,80.0,1.9,86.8,4.61,2.0,40.0,0.0,,,,23.82,0.0912,0.1843,3.0,0.3516,synthetic
5.69,4.9,55.0,20.1,105.4,3.68,2.0,28.0,0.0,,,,0.11,0.1501,0.1356,2.0,0.5359,synthetic
8.4,2.2,61.0,4.8,106.8,2.89,0.0,67.0,1.0,,,,0.18,0.1647,0.0955,6.0,0.769,synthetic
4.93,7.1,60.0,80.8,228.9,3.3,4.0,72.0,0.0,,,,21.15,0.0807,0.1189,6.0,0.1919,synthetic
5.45,4.9,74.0,0.5,146.5,0.49,7.0,73.0,1.0,,,,1.05,0.1816,0.1836,2.0,0.5852,synthetic
6.78,3.2,60.0,44.3,266.4,4.04,0.0,72.0,0.0,,,,21.7,0.05,0.0872,3.0,0.3976,synthetic
9.15,4.2,71.0,38.2,244.1,1.25,7.0,67.0,1.0,,,,2.64,0.1579,0.0589,1.0,0.7869,synthetic
7.31,3.4,68.0,58.7,262.8,4.78,6.0,43.0,0.0,,,,21.6,0.0972,0.0592,3.0,0.5154,synthetic
6.44,7.1,73.0,26.1,100.9,1.16,3.0,28.0,0.0,,,,20.12,0.1085,0.2172,3.0,0.4295,synthetic
9.39,4.1,64.0,78.6,306.9,3.13,2.0,53.0,1.0,,,,23.97,0.0864,0.0865,3.0,0.6122,synthetic
6.82,4.8,87.0,66.1,265.6,2.73,4.0,30.0,1.0,,,,21.42,0.159,0.1183,2.0,0.4639,synthetic
6.67,5.6,89.0,38.9,52.3,0.72,6.0,44.0,1.0,,,,0.4,0.1373,0.179,3.0,0.6036,synthetic
6.56,3.0,64.0,32.2,80.1,1.81,0.0,55.0,0.0,,,,21.6,0.1656,0.1682,3.0,0.4739,synthetic
6.06,4.9,87.0,73.4,120.4,3.91,3.0,71.0,1.0,,,,23.0,0.0564,0.1251,4.0,0.3184,synthetic
6.13,5.0,82.0,68.1,374.4,1.06,0.0,34.0,0.0,,,,21.26,0.1178,0.2038,6.0,0.3918,synthetic
7.94,1.4,59.0,35.9,130.5,4.81,5.0,32.0,1.0,,,,23.0,0.063,0.1783,3.0,0.5522,synthetic
4.7,5.0,73.0,30.7,8.0,1.48,0.0,59.0,1.0,,,,20.96,0.0838,0.1521,2.0,0.4012,synthetic
7.91,4.4,65.0,3.5,56.7,3.13,2.0,18.0,1.0,,,,22.37,0.1034,0.1197,4.0,0.4648,synthetic
5.51,4.8,82.0,7.4,12.9,3.09,5.0,50.0,1.0,,,,21.39,0.0531,0.0551,3.0,0.3936,synthetic
6.42,4.6,86.0,4.9,161.1,2.35,6.0,60.0,1.0,,,,1.71,0.1438,0.181,3.0,0.5732,synthetic
5.23,5.0,75.0,2.2,318.9,3.28,1.0,49.0,1.0,,,,1.11,0.2055,0.1692,2.0,0.5002,synthetic
7.26,7.2,75.0,13.8,180.2,3.72,4.0,39.0,0.0,,,,21.17,0.084,0.1005,4.0,0.3662,synthetic
8.15,2.1,79.0,77.1,335.6,3.1,1.0,65.0,0.0,,,,20.58,0.05,0.0834,3.0,0.5439,synthetic
6.27,3.8,70.0,71.8,19.0,2.8,4.0,39.0,1.0,,,,20.18,0.0616,0.198,3.0,0.4902,synthetic
5.32,5.8,69.0,76.1,187.9,3.03,0.0,58.0,1.0,,,,21.59,0.0919,0.21,1.0,0.3749,synthetic
5.63,5.5,73.0,56.1,314.8,2.01,6.0,44.0,1.0,,,,23.36,0.0925,0.2172,0.0,0.4001,synthetic
8.59,5.4,83.0,56.2,269.9,0.35,0.0,19.0,1.0,,,,22.8,0.1278,0.2426,0.0,0.7048,synthetic
5.84,10.0,76.0,11.2,341.1,0.8,4.0,48.0,0.0,,,,2.8,0.2103,0.2873,1.0,0.4694,synthetic
8.37,5.7,56.0,62.9,109.5,3.03,3.0,20.0,0.0,,,,1.55,0.2509,0.2514,7.0,0.6918,synthetic
6.16,6.8,56.0,25.2,200.3,4.64,1.0,71.0,1.0,,,,20.55,0.0735,0.0726,6.0,0.2691,synthetic
5.44,3.9,67.0,46.7,270.8,0.13,4.0,52.0,1.0,,,,21.11,0.1041,0.1253,1.0,0.427,synthetic
8.14,2.5,76.0,85.9,67.4,2.72,1.0,39.0,0.0,,,,20.19,0.0731,0.1286,10.0,0.5642,synthetic
6.84,3.9,66.0,78.4,326.3,1.26,4.0,45.0,0.0,,,,20.97,0.1213,0.1567,1.0,0.557,synthetic
4.66,5.9,65.0,21.0,124.6,2.81,5.0,53.0,0.0,,,,23.71,0.082,0.117,2.0,0.2939,synthetic
9.3,5.3,86.0,66.3,37.3,3.75,3.0,32.0,0.0,,,,20.54,0.05,0.1588,2.0,0.6378,synthetic
5.24,5.3,85.0,9.4,306.3,3.68,2.0,34.0,1.0,,,,20.42,0.0776,0.1662,1.0,0.3414,synthetic
6.27,4.1,69.0,2.4,282.0,3.62,3.0,41.0,1.0,,,,20.83,0.1145,0.0728,2.0,0.459,synthetic
6.42,3.8,79.0,2.5,353.5,3.89,7.0,32.0,1.0,,,,0.69,0.1641,0.1486,4.0,0.6218,synthetic
6.95,4.1,68.0,15.3,356.8,0.36,6.0,61.0,1.0,,,,20.14,0.0752,0.1547,1.0,0.526,synthetic
8.43,5.9,74.0,62.5,111.4,2.55,0.0,23.0,0.0,,,,2.79,0.148,0.1525,1.0,0.6786,synthetic
4.53,6.2,61.0,32.7,256.5,1.31,2.0,65.0,0.0,,,,22.67,0.05,0.0734,3.0,0.2106,synthetic
9.16,2.5,70.0,1.4,399.6,4.61,0.0,37.0,0.0,,,,22.36,0.05,0.0879,3.0,0.6452,synthetic
7.73,6.0,76.0,88.9,97.5,3.91,1.0,49.0,0.0,,,,23.32,0.0798,0.1223,3.0,0.4737,synthetic
9.25,3.2,68.0,48.0,189.2,0.54,6.0,26.0,1.0,,,,23.63,0.0631,0.2174,0.0,0.6908,synthetic
8.59,5.4,80.0,35.4,364.1,1.22,6.0,39.0,0.0,,,,22.94,0.1179,0.1122,3.0,0.574,synthetic
9.14,4.1,61.0,46.7,41.2,2.28,3.0,61.0,0.0,,,,23.4,0.1005,0.0894,5.0,0.6006,synthetic
7.51,7.6,51.0,46.8,371.3,4.81,5.0,33.0,1.0,,,,22.38,0.0994,0.1388,5.0,0.3658,synthetic
6.29,3.7,87.0,42.3,195.3,0.55,2.0,25.0,1.0,,,,22.25,0.1321,0.2087,3.0,0.443,synthetic
6.71,4.9,64.0,55.2,357.2,2.84,3.0,47.0,0.0,,,,20.19,0.0635,0.1993,2.0,0.43,synthetic
7.79,5.7,60.0,79.7,248.5,1.71,6.0,27.0,0.0,,,,0.7,0.2123,0.1944,3.0,0.6652,synthetic
6.63,2.8,69.0,27.2,268.6,3.23,2.0,35.0,1.0,,,,0.32,0.1668,0.113,2.0,0.6605,synthetic
8.16,4.4,60.0,43.8,309.2,3.24,2.0,43.0,1.0,,,,0.68,0.158,0.1822,5.0,0.7082,synthetic
4.96,4.0,79.0,0.3,26.9,1.2,1.0,50.0,1.0,,,,2.59,0.2404,0.0684,1.0,0.5614,synthetic
8.65,3.5,62.0,77.4,251.1,3.93,1.0,54.0,0.0,,,,23.31,0.0863,0.2081,2.0,0.5861,synthetic
5.52,3.6,90.0,27.5,369.6,0.46,0.0,56.0,0.0,,,,2.17,0.17,0.1951,4.0,0.6174,synthetic
9.22,6.7,61.0,24.4,382.4,4.09,6.0,66.0,0.0,,,,23.11,0.05,0.02,7.0,0.4338,synthetic
5.28,3.3,64.0,89.8,387.3,1.06,6.0,21.0,1.0,,,,23.34,0.05,0.2963,0.0,0.4985,synthetic
5.15,5.6,72.0,52.6,258.3,2.95,3.0,38.0,1.0,,,,0.43,0.1933,0.083,7.0,0.502,synthetic
8.56,5.1,50.0,11.1,253.3,1.74,4.0,18.0,1.0,,,,21.51,0.05,0.1563,6.0,0.5747,synthetic
8.59,1.7,50.0,23.9,221.0,3.05,1.0,18.0,1.0,,,,21.52,0.0606,0.1564,4.0,0.6222,synthetic
8.19,5.5,59.0,31.8,243.0,1.34,0.0,30.0,1.0,,,,23.57,0.1149,0.2367,2.0,0.5392,synthetic
9.3,1.7,53.0,88.7,244.8,2.84,4.0,52.0,0.0,,,,20.48,0.0941,0.2196,2.0,0.7447,synthetic
5.85,5.8,80.0,38.8,17.0,0.04,1.0,68.0,0.0,,,,21.66,0.085,0.1173,4.0,0.3548,synthetic
8.63,3.5,85.0,20.7,35.5,1.87,6.0,62.0,1.0,,,,1.55,0.1584,0.1243,3.0,0.7308,synthetic
6.26,4.5,67.0,51.3,247.8,4.13,2.0,54.0,0.0,,,,23.25,0.081,0.1601,3.0,0.3776,synthetic
7.19,1.9,71.0,36.4,125.7,2.32,5.0,62.0,0.0,,,,20.19,0.1555,0.1379,3.0,0.5314,synthetic
6.73,4.7,75.0,4.9,120.6,2.5,2.0,27.0,0.0,,,,20.43,0.0793,0.1079,5.0,0.4124,synthetic
4.53,6.4,54.0,77.5,77.4,3.11,1.0,65.0,0.0,,,,2.44,0.1931,0.1409,3.0,0.4843,synthetic
7.37,2.9,69.0,1.4,320.4,2.17,4.0,68.0,1.0,,,,2.7,0.1195,0.1022,5.0,0.6002,synthetic
8.24,3.3,88.0,80.9,385.7,4.34,1.0,23.0,1.0,,,,0.49,0.1493,0.2222,3.0,0.717,synthetic
5.37,5.4,58.0,71.3,251.1,2.02,3.0,44.0,1.0,,,,21.29,0.0581,0.2009,4.0,0.3733,synthetic
9.16,5.5,53.0,6.8,378.2,4.71,2.0,65.0,0.0,,,,22.58,0.05,0.0799,7.0,0.4705,synthetic
7.15,1.0,61.0,65.1,353.6,4.38,7.0,45.0,0.0,,,,22.14,0.0863,0.144,2.0,0.5568,synthetic
5.39,8.5,72.0,69.4,87.2,2.11,4.0,65.0,0.0,,,,1.5,0.1553,0.1699,5.0,0.4095,synthetic
7.73,5.6,85.0,54.2,61.4,1.83,5.0,71.0,0.0,,,,23.76,0.05,0.131,3.0,0.481,synthetic
5.46,5.9,64.0,52.0,84.6,3.38,4.0,45.0,1.0,,,,1.46,0.1893,0.2616,1.0,0.528,synthetic
4.82,4.2,64.0,4.5,38.5,3.78,7.0,21.0,1.0,,,,22.52,0.0643,0.1366,4.0,0.3451,synthetic
7.93,1.0,64.0,5.4,233.2,0.93,3.0,37.0,1.0,,,,2.09,0.1861,0.2003,3.0,0.7737,synthetic
5.05,5.8,84.0,65.5,113.1,1.21,6.0,30.0,0.0,,,,23.0,0.0672,0.2582,0.0,0.3559,synthetic
5.03,3.4,69.0,9.5,365.2,0.73,7.0,45.0,1.0,,,,22.92,0.05,0.1444,1.0,0.4294,synthetic
8.2,5.6,63.0,21.8,245.4,3.8,7.0,51.0,0.0,,,,23.42,0.0758,0.1506,1.0,0.572,synthetic
4.78,4.1,57.0,44.9,143.8,3.57,5.0,44.0,0.0,,,,0.14,0.1911,0.158,3.0,0.4862,synthetic
8.55,5.0,55.0,14.8,393.9,0.95,7.0,29.0,1.0,,,,2.26,0.2377,0.1963,3.0,0.7211,synthetic
8.48,3.0,89.0,71.1,381.3,2.68,5.0,35.0,0.0,,,,23.2,0.0727,0.1322,2.0,0.6154,synthetic
5.21,6.2,69.0,72.7,311.4,3.82,2.0,56.0,0.0,,,,2.51,0.1136,0.1531,3.0,0.4598,synthetic
7.09,2.1,53.0,75.8,316.7,4.74,1.0,19.0,1.0,,,,22.76,0.05,0.2018,3.0,0.495,synthetic
4.98,9.0,86.0,4.5,390.9,0.89,1.0,30.0,0.0,,,,22.27,0.1208,0.2645,5.0,0.2071,synthetic
7.66,9.0,88.0,38.5,240.2,1.52,4.0,68.0,1.0,,,,22.07,0.05,0.2211,5.0,0.3488,synthetic
4.81,7.8,59.0,76.2,352.0,1.74,1.0,23.0,0.0,,,,20.15,0.0934,0.2691,3.0,0.2997,synthetic
9.22,7.1,63.0,32.7,25.9,3.12,1.0,41.0,1.0,,,,1.94,0.1486,0.0756,10.0,0.6544,synthetic
5.54,4.3,88.0,62.6,221.6,0.68,5.0,29.0,0.0,,,,20.55,0.2092,0.2397,3.0,0.4787,synthetic
7.91,6.8,51.0,53.0,201.0,0.97,2.0,23.0,0.0,,,,22.34,0.05,0.2599,2.0,0.4949,synthetic
5.14,4.3,63.0,31.2,15.1,3.9,5.0,42.0,1.0,,,,21.75,0.05,0.1817,2.0,0.3761,synthetic
5.55,1.4,67.0,24.9,34.8,2.71,7.0,47.0,0.0,,,,1.21,0.1872,0.1657,4.0,0.6489,synthetic
6.75,7.5,81.0,58.7,8.7,0.8,0.0,28.0,1.0,,,,2.53,0.1665,0.2831,6.0,0.5446,synthetic
7.37,6.8,65.0,12.0,117.6,1.94,5.0,22.0,0.0,,,,1.72,0.1768,0.1125,2.0,0.6431,synthetic
9.49,4.4,64.0,77.4,21.4,0.67,6.0,25.0,1.0,,,,22.24,0.1639,0.2298,2.0,0.6411,synthetic
4.63,2.0,79.0,51.9,169.3,1.81,1.0,55.0,1.0,,,,23.19,0.1035,0.1269,1.0,0.3983,synthetic
4.5,3.3,84.0,10.0,325.1,2.0,6.0,67.0,0.0,,,,21.73,0.05,0.2161,3.0,0.3209,synthetic
6.25,1.0,54.0,63.3,245.5,0.56,4.0,28.0,0.0,,,,2.47,0.1832,0.2372,2.0,0.7448,synthetic
6.33,6.4,56.0,38.8,269.5,0.3,5.0,36.0,1.0,,,,20.83,0.147,0.2939,0.0,0.4975,synthetic
8.92,1.3,76.0,18.4,12.6,4.41,0.0,37.0,1.0,,,,2.66,0.148,0.02,2.0,0.7944,synthetic
9.06,5.1,63.0,86.5,335.8,4.44,3.0,38.0,0.0,,,,1.7,0.2223,0.0696,5.0,0.6923,synthetic
8.9,2.8,77.0,64.8,58.5,0.01,2.0,31.0,0.0,,,,0.98,0.1789,0.1972,1.0,0.8767,synthetic
5.22,1.6,57.0,53.4,121.1,3.21,1.0,21.0,1.0,,,,1.42,0.1696,0.2228,3.0,0.5696,synthetic
6.56,5.0,82.0,76.4,206.7,0.47,6.0,47.0,1.0,,,,22.38,0.1001,0.1702,1.0,0.5105,synthetic
8.23,3.8,63.0,48.9,372.0,4.05,4.0,38.0,0.0,,,,22.07,0.1262,0.163,2.0,0.5591,synthetic
6.06,6.2,63.0,39.7,399.3,4.4,7.0,37.0,0.0,,,,22.67,0.05,0.1364,2.0,0.3105,synthetic
7.82,2.0,57.0,17.1,313.1,3.08,1.0,33.0,1.0,,,,21.27,0.0689,0.2131,3.0,0.5653,synthetic
5.69,3.0,58.0,13.8,291.7,3.07,5.0,70.0,0.0,,,,1.22,0.1595,0.0741,6.0,0.5576,synthetic
6.12,1.0,74.0,38.9,211.1,1.86,4.0,52.0,0.0,,,,23.33,0.0814,0.1276,2.0,0.5299,synthetic
8.8,1.0,73.0,41.0,266.3,1.25,5.0,41.0,1.0,,,,2.2,0.1925,0.1347,2.0,0.8543,synthetic
5.75,8.1,83.0,66.0,57.8,2.5,2.0,29.0,0.0,,,,2.15,0.1729,0.2465,1.0,0.4914,synthetic
9.32,8.7,75.0,39.8,107.7,0.67,5.0,63.0,1.0,,,,21.09,0.1357,0.1516,6.0,0.4576,synthetic
6.03,4.7,67.0,53.4,393.9,3.36,1.0,68.0,0.0,,,,21.53,0.0639,0.0962,3.0,0.3578,synthetic
4.62,2.9,82.0,74.9,391.8,2.35,6.0,19.0,1.0,,,,22.87,0.05,0.2614,1.0,0.4402,synthetic
5.77,3.9,51.0,89.4,129.2,0.89,3.0,70.0,0.0,,,,20.83,0.0754,0.158,2.0,0.4866,synthetic
5.36,6.2,78.0,29.0,96.4,2.94,3.0,57.0,1.0,,,,0.83,0.0948,0.1052,2.0,0.4852,synthetic
7.03,3.5,72.0,81.2,91.8,3.98,4.0,23.0,0.0,,,,1.16,0.1953,0.1851,8.0,0.6585,synthetic
5.06,5.0,59.0,72.5,193.9,2.94,0.0,60.0,0.0,,,,1.05,0.177,0.2207,1.0,0.5522,synthetic
7.63,4.5,75.0,6.1,89.5,2.65,2.0,24.0,1.0,,,,23.29,0.1652,0.1258,3.0,0.4574,synthetic
8.87,3.4,89.0,30.1,259.4,4.24,1.0,20.0,1.0,,,,1.9,0.1734,0.1762,3.0,0.7413,synthetic
6.31,3.4,64.0,19.7,29.9,0.05,7.0,24.0,1.0,,,,0.24,0.1881,0.1751,1.0,0.6234,synthetic
5.34,5.1,76.0,59.8,41.5,3.08,3.0,44.0,0.0,,,,2.96,0.2157,0.159,1.0,0.549,synthetic
6.5,2.5,68.0,50.0,110.8,2.05,0.0,53.0,0.0,,,,1.71,0.182,0.0765,1.0,0.7481,synthetic
8.43,5.4,66.0,44.5,311.0,0.97,0.0,41.0,1.0,,,,1.06,0.1889,0.1351,3.0,0.7663,synthetic
7.46,3.6,62.0,68.7,129.3,4.9,7.0,24.0,1.0,,,,20.86,0.05,0.1549,3.0,0.5091,synthetic
5.01,4.8,59.0,30.0,188.3,2.02,1.0,29.0,0.0,,,,1.83,0.1563,0.2121,2.0,0.5299,synthetic
7.19,7.3,59.0,34.4,262.6,1.68,0.0,66.0,1.0,,,,22.14,0.1039,0.1602,4.0,0.374,synthetic
6.84,4.2,81.0,77.9,315.4,0.85,1.0,72.0,1.0,,,,22.93,0.0908,0.1303,3.0,0.4877,synthetic
6.14,6.3,63.0,87.5,122.8,4.99,1.0,60.0,1.0,,,,23.24,0.1017,0.0461,3.0,0.3278,synthetic
5.05,1.0,71.0,69.9,292.4,4.28,0.0,23.0,1.0,,,,22.32,0.05,0.2146,2.0,0.4411,synthetic
9.41,3.6,59.0,19.5,114.4,0.35,7.0,64.0,1.0,,,,20.76,0.1209,0.0488,2.0,0.6268,synthetic
5.38,4.6,58.0,10.1,257.8,2.83,0.0,57.0,1.0,,,,21.4,0.05,0.1544,5.0,0.3763,synthetic
5.46,8.3,73.0,18.8,180.4,0.74,5.0,47.0,1.0,,,,1.62,0.1797,0.1403,1.0,0.4806,synthetic
5.23,1.0,73.0,38.0,370.7,3.58,6.0,26.0,1.0,,,,0.57,0.1642,0.1533,1.0,0.6587,synthetic
7.35,4.3,70.0,21.3,392.8,2.42,5.0,74.0,1.0,,,,2.6,0.0736,0.0709,3.0,0.6498,synthetic
6.72,7.4,78.0,81.1,309.6,0.55,1.0,43.0,0.0,,,,1.75,0.203,0.1801,1.0,0.5482,synthetic
5.75,2.9,75.0,60.4,366.2,2.79,5.0,20.0,1.0,,,,22.82,0.05,0.2544,3.0,0.4292,synthetic
6.65,4.1,58.0,37.5,54.6,4.55,2.0,29.0,1.0,,,,1.5,0.1748,0.1234,3.0,0.5977,synthetic
7.87,5.2,52.0,24.6,261.8,1.71,3.0,40.0,1.0,,,,0.04,0.236,0.1605,1.0,0.7097,synthetic
5.91,4.9,61.0,34.3,79.3,0.25,2.0,21.0,1.0,,,,22.0,0.1005,0.1938,2.0,0.4048,synthetic
9.08,7.6,67.0,42.8,110.8,4.73,6.0,36.0,0.0,,,,2.83,0.1466,0.1208,1.0,0.6464,synthetic
6.03,5.4,58.0,64.2,209.1,0.71,4.0,44.0,1.0,,,,2.5,0.193,0.2239,4.0,0.5458,synthetic
5.49,7.2,69.0,8.0,296.8,2.38,1.0,72.0,0.0,,,,20.79,0.1011,0.087,3.0,0.308,synthetic
9.27,3.8,51.0,76.4,288.6,2.72,3.0,22.0,0.0,,,,1.88,0.2538,0.1468,2.0,0.8324,synthetic
8.55,3.0,69.0,11.5,347.8,1.19,6.0,50.0,0.0,,,,20.54,0.1091,0.0797,5.0,0.6338,synthetic
6.22,4.0,64.0,23.6,223.7,0.89,7.0,70.0,1.0,,,,2.5,0.113,0.1271,4.0,0.5204,synthetic
8.71,2.2,88.0,89.4,370.5,0.57,7.0,63.0,1.0,,,,0.37,0.1424,0.1834,10.0,0.8454,synthetic
7.09,5.5,85.0,17.1,355.2,0.35,1.0,70.0,1.0,,,,21.17,0.0515,0.0878,5.0,0.4227,synthetic
6.23,3.7,88.0,9.1,339.6,2.54,6.0,27.0,0.0,,,,1.72,0.185,0.1101,3.0,0.6692,synthetic
8.7,3.2,76.0,57.5,91.8,4.21,4.0,63.0,0.0,,,,23.61,0.0921,0.1973,5.0,0.5715,synthetic
8.26,5.5,89.0,35.4,212.6,0.63,5.0,73.0,1.0,,,,20.42,0.1072,0.0743,3.0,0.519,synthetic
5.99,2.2,58.0,8.3,294.5,3.5,3.0,36.0,0.0,,,,1.59,0.1652,0.087,6.0,0.6738,synthetic
7.53,6.0,71.0,0.3,390.4,2.06,5.0,46.0,1.0,,,,1.52,0.2012,0.1058,6.0,0.6421,synthetic
6.35,3.5,80.0,7.1,4.7,0.18,2.0,48.0,1.0,,,,23.37,0.1072,0.217,1.0,0.5011,synthetic
4.51,6.8,69.0,47.0,130.8,2.68,4.0,46.0,1.0,,,,1.12,0.1794,0.2161,1.0,0.4446,synthetic
9.31,3.7,59.0,20.8,136.9,1.26,1.0,34.0,0.0,,,,20.28,0.075,0.12,4.0,0.6906,synthetic
7.25,5.8,76.0,70.0,115.4,3.03,3.0,73.0,0.0,,,,22.23,0.0694,0.0422,2.0,0.3976,synthetic
7.49,4.9,89.0,77.2,327.0,1.75,3.0,72.0,0.0,,,,0.71,0.1368,0.1453,3.0,0.6365,synthetic
7.5,6.0,71.0,13.0,18.0,3.33,6.0,39.0,1.0,,,,21.61,0.0596,0.1175,7.0,0.4136,synthetic
7.25,4.7,60.0,30.3,143.8,4.59,5.0,63.0,0.0,,,,23.15,0.05,0.02,3.0,0.3816,synthetic
5.95,1.2,52.0,13.2,284.7,1.22,5.0,40.0,1.0,,,,2.52,0.2514,0.2218,2.0,0.6857,synthetic
9.36,6.5,54.0,25.8,162.7,4.7,2.0,63.0,0.0,,,,1.79,0.0892,0.078,4.0,0.7113,synthetic
7.61,4.3,81.0,21.5,57.6,1.02,3.0,51.0,0.0,,,,23.91,0.0937,0.2161,1.0,0.5793,synthetic
7.85,6.1,69.0,70.8,244.3,0.35,3.0,44.0,0.0,,,,0.04,0.2088,0.1184,4.0,0.688,synthetic
6.77,5.9,58.0,31.1,209.0,0.96,6.0,25.0,1.0,,,,2.21,0.233,0.193,2.0,0.6107,synthetic
5.94,3.0,84.0,44.6,392.7,4.07,1.0,55.0,1.0,,,,2.04,0.1806,0.0908,3.0,0.5803,synthetic
4.82,2.7,67.0,60.7,299.4,3.39,0.0,36.0,0.0,,,,20.62,0.1691,0.2245,3.0,0.3958,synthetic
6.25,5.8,82.0,74.0,394.5,4.85,4.0,30.0,1.0,,,,23.26,0.1286,0.2457,3.0,0.4212,synthetic
5.38,3.9,82.0,27.1,74.5,3.55,6.0,29.0,1.0,,,,21.34,0.05,0.1755,2.0,0.4003,synthetic
7.81,6.4,79.0,18.8,304.6,2.06,5.0,73.0,1.0,,,,20.58,0.05,0.0578,8.0,0.4456,synthetic
8.9,4.1,89.0,88.1,220.7,4.46,6.0,23.0,1.0,,,,22.05,0.05,0.2306,4.0,0.5838,synthetic
6.01,6.5,86.0,28.8,285.0,4.79,3.0,63.0,0.0,,,,0.27,0.1264,0.0348,3.0,0.433,synthetic
6.16,5.3,55.0,60.4,187.0,3.96,1.0,67.0,0.0,,,,1.56,0.191,0.1111,5.0,0.5131,synthetic
7.85,5.1,64.0,61.0,85.0,2.78,5.0,19.0,1.0,,,,2.39,0.156,0.1926,4.0,0.6384,synthetic
5.25,3.8,88.0,46.3,18.3,4.13,0.0,51.0,0.0,,,,22.96,0.0576,0.1313,3.0,0.3908,synthetic
9.15,5.0,76.0,20.6,335.3,0.9,7.0,50.0,0.0,,,,22.96,0.0899,0.2734,6.0,0.5818,synthetic
6.32,6.9,68.0,12.7,325.9,4.5,5.0,38.0,0.0,,,,21.07,0.0826,0.1591,7.0,0.3122,synthetic
5.01,4.4,84.0,43.8,65.0,5.0,4.0,56.0,1.0,,,,21.36,0.0614,0.1311,7.0,0.3283,synthetic
5.37,5.6,76.0,46.0,258.1,3.33,1.0,41.0,0.0,,,,20.72,0.0714,0.1782,1.0,0.3457,synthetic
9.16,4.6,65.0,69.6,295.1,0.98,2.0,43.0,0.0,,,,2.83,0.2357,0.1915,2.0,0.8009,synthetic
5.74,4.7,61.0,63.9,223.0,0.72,7.0,42.0,1.0,,,,20.89,0.1683,0.2644,0.0,0.4018,synthetic
7.81,7.9,84.0,82.1,126.9,4.8,0.0,63.0,0.0,,,,1.3,0.1882,0.0973,4.0,0.5264,synthetic
5.28,6.9,84.0,87.4,352.4,4.36,0.0,54.0,0.0,,,,22.22,0.1015,0.1928,1.0,0.3211,synthetic
5.47,4.7,87.0,65.5,257.0,3.74,2.0,39.0,0.0,,,,23.76,0.05,0.1356,1.0,0.3434,synthetic
8.9,4.9,81.0,6.9,288.1,4.75,1.0,70.0,0.0,,,,2.11,0.1219,0.0418,5.0,0.6816,synthetic
5.24,3.1,57.0,36.5,260.8,2.52,5.0,63.0,1.0,,,,2.55,0.2057,0.2442,4.0,0.5444,synthetic
4.59,4.2,66.0,54.8,288.5,4.44,0.0,71.0,1.0,,,,21.68,0.05,0.0868,3.0,0.3068,synthetic
7.01,5.1,63.0,53.1,58.0,0.81,6.0,59.0,0.0,,,,2.38,0.2118,0.1509,2.0,0.635,synthetic
8.81,6.2,60.0,16.3,369.0,0.91,6.0,40.0,1.0,,,,21.76,0.0991,0.1917,2.0,0.569,synthetic
6.13,6.0,82.0,52.5,114.3,2.56,1.0,62.0,1.0,,,,1.63,0.1401,0.1442,2.0,0.4807,synthetic
5.14,2.3,55.0,31.5,334.6,1.66,4.0,36.0,1.0,,,,20.11,0.1009,0.2099,2.0,0.46,synthetic
9.41,6.5,69.0,30.5,357.4,2.16,5.0,33.0,1.0,,,,23.75,0.1144,0.2053,2.0,0.5659,synthetic
7.88,4.3,85.0,75.1,260.5,3.99,6.0,43.0,1.0,,,,1.08,0.1305,0.2388,2.0,0.7359,synthetic
8.75,2.5,82.0,38.0,239.3,0.27,5.0,73.0,0.0,,,,1.87,0.1477,0.0738,1.0,0.7988,synthetic
8.26,7.2,61.0,47.5,43.6,3.6,7.0,50.0,0.0,,,,1.89,0.1358,0.1533,2.0,0.6283,synthetic
7.99,7.4,51.0,50.7,174.5,0.44,0.0,39.0,1.0,,,,22.09,0.1352,0.2084,0.0,0.5116,synthetic
6.42,5.0,67.0,50.7,244.7,4.24,4.0,44.0,1.0,,,,1.97,0.1635,0.1093,2.0,0.5772,synthetic
6.12,5.9,74.0,19.2,32.7,1.01,6.0,34.0,1.0,,,,22.27,0.1048,0.1447,7.0,0.4369,synthetic
8.08,6.0,84.0,54.0,44.6,3.67,1.0,55.0,0.0,,,,21.64,0.05,0.0315,4.0,0.3621,synthetic
8.08,7.3,71.0,30.1,397.4,2.96,1.0,37.0,0.0,,,,20.01,0.0529,0.0766,7.0,0.4426,synthetic
9.25,6.0,61.0,59.0,132.9,1.93,0.0,49.0,1.0,,,,21.65,0.05,0.1215,2.0,0.6226,synthetic
7.34,1.8,78.0,13.1,139.9,1.34,7.0,39.0,0.0,,,,20.83,0.0757,0.0926,3.0,0.5724,synthetic
5.97,8.5,66.0,89.5,100.6,0.29,6.0,36.0,1.0,,,,0.72,0.2663,0.327,1.0,0.5657,synthetic
6.95,6.6,83.0,69.5,258.4,1.77,0.0,73.0,1.0,,,,21.01,0.167,0.1281,2.0,0.4491,synthetic
7.57,3.5,51.0,37.6,189.2,1.0,1.0,37.0,1.0,,,,0.1,0.206,0.2336,1.0,0.7584,synthetic
6.63,2.4,67.0,27.1,316.2,0.68,3.0,22.0,0.0,,,,20.89,0.1653,0.2058,7.0,0.5142,synthetic
8.46,5.5,67.0,34.9,205.0,3.69,7.0,39.0,1.0,,,,0.93,0.147,0.0902,6.0,0.7033,synthetic
7.42,3.9,74.0,64.9,6.2,1.06,6.0,48.0,1.0,,,,22.0,0.12,0.261,2.0,0.5728,synthetic
4.55,5.2,64.0,59.0,193.1,1.12,7.0,23.0,1.0,,,,22.16,0.0671,0.1906,2.0,0.328,synthetic
7.35,6.0,66.0,63.2,22.1,1.7,6.0,35.0,1.0,,,,0.48,0.2256,0.2181,2.0,0.681,synthetic
7.67,3.4,79.0,80.0,330.7,2.31,5.0,27.0,0.0,,,,2.57,0.2503,0.2411,1.0,0.7818,synthetic
9.08,2.3,57.0,41.1,45.5,2.57,2.0,46.0,1.0,,,,2.94,0.1641,0.2044,3.0,0.8311,synthetic
6.57,5.3,60.0,60.3,86.8,3.32,4.0,59.0,1.0,,,,22.5,0.05,0.1371,2.0,0.426,synthetic
7.37,3.4,54.0,39.7,184.0,2.94,3.0,73.0,1.0,,,,2.62,0.1135,0.1477,5.0,0.6544,synthetic
6.87,4.8,60.0,57.4,78.1,2.41,7.0,40.0,1.0,,,,0.29,0.1497,0.1648,1.0,0.6434,synthetic
7.16,1.8,70.0,42.7,215.7,1.97,3.0,67.0,0.0,,,,2.35,0.1784,0.0888,2.0,0.7416,synthetic
4.84,4.0,58.0,69.9,184.3,1.33,6.0,30.0,1.0,,,,20.19,0.1636,0.2259,3.0,0.3673,synthetic
8.99,5.9,53.0,0.5,381.0,3.55,1.0,62.0,0.0,,,,20.23,0.05,0.0978,2.0,0.527,synthetic
9.05,5.7,90.0,19.4,35.3,1.59,5.0,50.0,0.0,,,,20.52,0.05,0.1054,5.0,0.5954,synthetic
7.24,2.9,68.0,26.7,230.7,4.25,3.0,61.0,1.0,,,,1.63,0.1574,0.02,5.0,0.5969,synthetic
7.28,2.2,83.0,85.1,288.2,2.93,3.0,61.0,0.0,,,,20.97,0.05,0.1105,7.0,0.5295,synthetic
4.79,4.5,80.0,45.6,51.1,3.17,6.0,48.0,0.0,,,,21.24,0.05,0.1976,2.0,0.3499,synthetic
7.49,5.6,57.0,32.8,254.6,2.54,3.0,32.0,1.0,,,,0.1,0.1586,0.1561,3.0,0.6898,synthetic
6.65,5.3,70.0,36.4,345.7,4.64,0.0,47.0,1.0,,,,2.7,0.1524,0.1077,5.0,0.568,synthetic
8.05,3.5,73.0,40.7,315.0,2.11,3.0,65.0,0.0,,,,23.97,0.05,0.117,3.0,0.5167,synthetic
4.74,5.1,56.0,78.1,374.1,2.13,7.0,73.0,0.0,,,,1.13,0.1543,0.2053,3.0,0.478,synthetic
8.05,7.5,54.0,86.6,288.2,4.47,7.0,70.0,0.0,,,,21.31,0.0571,0.0949,3.0,0.4088,synthetic
5.93,4.9,61.0,76.0,157.6,3.02,4.0,28.0,1.0,,,,2.4,0.1952,0.236,2.0,0.6368,synthetic
7.76,1.2,60.0,75.7,368.2,2.25,5.0,52.0,0.0,,,,20.39,0.1031,0.1357,10.0,0.6028,synthetic
7.64,4.9,61.0,17.9,90.1,1.31,2.0,23.0,1.0,,,,21.98,0.0688,0.1085,3.0,0.5083,synthetic
5.63,8.6,60.0,24.2,233.5,1.23,6.0,56.0,1.0,,,,23.18,0.0893,0.1387,1.0,0.2957,synthetic
6.7,1.9,72.0,53.6,306.3,4.01,4.0,74.0,1.0,,,,21.58,0.05,0.0628,7.0,0.4568,synthetic
8.68,4.6,62.0,59.1,348.9,1.4,0.0,20.0,0.0,,,,0.65,0.2227,0.2581,1.0,0.7712,synthetic
7.53,4.0,81.0,18.2,366.6,0.03,7.0,55.0,1.0,,,,0.75,0.1848,0.0874,4.0,0.7043,synthetic
4.84,4.7,52.0,67.2,34.0,0.1,6.0,71.0,0.0,,,,21.48,0.05,0.0649,10.0,0.2655,synthetic
6.71,4.9,75.0,18.0,290.4,4.89,0.0,66.0,0.0,,,,20.06,0.05,0.02,4.0,0.3539,synthetic
6.06,6.8,81.0,23.7,81.6,2.8,3.0,40.0,0.0,,,,20.52,0.1176,0.124,4.0,0.3791,synthetic
7.71,4.7,67.0,27.6,311.6,2.45,5.0,23.0,0.0,,,,20.0,0.1133,0.1949,1.0,0.5605,synthetic
7.57,7.1,63.0,76.1,280.3,4.59,5.0,70.0,1.0,,,,2.34,0.1374,0.0444,4.0,0.5076,synthetic
4.55,4.3,62.0,65.9,72.5,1.76,1.0,70.0,0.0,,,,0.35,0.1168,0.1578,2.0,0.484,synthetic
7.54,3.8,63.0,47.8,333.1,3.97,0.0,51.0,1.0,,,,20.97,0.074,0.1858,5.0,0.5022,synthetic
8.17,3.2,55.0,73.8,184.7,3.61,7.0,73.0,0.0,,,,20.65,0.05,0.091,3.0,0.546,synthetic
8.34,1.0,73.0,73.2,217.5,2.39,7.0,18.0,0.0,,,,1.72,0.1555,0.1751,8.0,0.761,synthetic
4.79,5.1,75.0,35.1,388.6,3.87,5.0,53.0,0.0,,,,1.68,0.1174,0.1273,2.0,0.4451,synthetic
6.02,8.6,66.0,70.3,262.7,4.83,5.0,20.0,0.0,,,,2.49,0.1925,0.0867,4.0,0.3816,synthetic
6.61,5.4,88.0,18.6,235.4,1.0,5.0,71.0,0.0,,,,21.11,0.1512,0.1541,2.0,0.4089,synthetic
5.4,5.9,86.0,45.3,6.7,0.09,3.0,56.0,1.0,,,,23.66,0.0894,0.2631,3.0,0.3427,synthetic
6.6,3.7,62.0,10.6,79.7,4.11,5.0,70.0,1.0,,,,20.85,0.05,0.0867,4.0,0.3861,synthetic
4.86,4.0,79.0,38.4,10.6,2.02,2.0,50.0,0.0,,,,1.57,0.1167,0.169,3.0,0.5523,synthetic
5.07,6.5,55.0,46.8,133.3,2.72,0.0,22.0,1.0,,,,22.89,0.05,0.1931,2.0,0.3543,synthetic
7.84,8.5,80.0,7.2,137.8,1.11,2.0,19.0,1.0,,,,0.87,0.1949,0.1975,4.0,0.6341,synthetic
5.81,7.5,79.0,41.6,212.1,4.21,2.0,37.0,0.0,,,,20.21,0.1399,0.1691,4.0,0.2954,synthetic
8.06,6.1,64.0,58.7,275.9,3.61,2.0,60.0,0.0,,,,1.45,0.1663,0.1237,3.0,0.6593,synthetic
4.74,4.6,65.0,55.3,71.7,4.77,3.0,26.0,0.0,,,,21.61,0.0542,0.1461,2.0,0.3113,synthetic
7.31,4.9,73.0,4.9,240.7,2.38,1.0,66.0,1.0,,,,1.9,0.2461,0.0855,2.0,0.6156,synthetic
6.46,3.0,61.0,8.6,366.8,4.88,3.0,31.0,1.0,,,,21.3,0.05,0.0698,2.0,0.4975,synthetic
8.48,1.6,73.0,31.6,74.0,2.55,3.0,46.0,0.0,,,,1.53,0.1631,0.1315,1.0,0.8994,synthetic
8.42,2.2,86.0,75.8,263.6,3.11,1.0,29.0,1.0,,,,20.94,0.0771,0.2125,2.0,0.5984,synthetic
6.38,4.6,68.0,78.3,18.2,3.37,3.0,44.0,1.0,,,,0.64,0.133,0.2367,3.0,0.648,synthetic
7.61,3.9,58.0,27.9,212.5,2.45,5.0,43.0,1.0,,,,1.45,0.2039,0.2146,1.0,0.7165,synthetic
5.64,1.6,72.0,64.7,296.6,2.81,3.0,18.0,0.0,,,,22.7,0.1187,0.112,4.0,0.4482,synthetic
7.4,4.4,76.0,52.0,13.6,1.12,0.0,50.0,1.0,,,,21.71,0.0905,0.1655,2.0,0.5408,synthetic
4.91,3.9,71.0,88.5,133.5,1.81,5.0,62.0,1.0,,,,22.41,0.0528,0.2096,4.0,0.3798,synthetic
6.67,2.2,51.0,8.5,351.2,3.51,4.0,71.0,1.0,,,,22.08,0.0822,0.0558,7.0,0.4559,synthetic
5.41,3.8,77.0,49.3,90.2,0.19,3.0,36.0,1.0,,,,0.43,0.2051,0.2526,1.0,0.6481,synthetic
8.92,3.9,51.0,53.3,289.1,3.5,0.0,68.0,1.0,,,,20.31,0.0549,0.0875,6.0,0.5842,synthetic
6.72,3.3,67.0,27.7,244.9,1.52,0.0,68.0,1.0,,,,20.29,0.0537,0.072,3.0,0.5076,synthetic
7.45,6.4,67.0,4.2,65.5,1.36,0.0,74.0,0.0,,,,22.01,0.1411,0.1101,6.0,0.4356,synthetic
6.3,1.0,84.0,4.7,296.7,3.47,6.0,39.0,0.0,,,,21.94,0.1047,0.1095,7.0,0.5263,synthetic
5.94,1.0,85.0,40.8,212.8,1.07,2.0,66.0,0.0,,,,21.24,0.05,0.1615,2.0,0.4889,synthetic
5.51,4.5,81.0,62.3,44.8,4.81,3.0,50.0,0.0,,,,1.02,0.1954,0.2036,8.0,0.4626,synthetic
9.06,4.7,83.0,63.0,379.7,4.95,5.0,21.0,1.0,,,,20.17,0.0607,0.1056,3.0,0.6319,synthetic
8.5,5.3,59.0,16.3,196.8,2.29,5.0,33.0,1.0,,,,2.47,0.1096,0.1833,3.0,0.6798,synthetic
5.17,3.4,79.0,77.2,298.0,2.01,0.0,56.0,1.0,,,,1.3,0.2482,0.2096,2.0,0.5774,synthetic
8.23,2.7,80.0,33.9,87.1,0.4,7.0,27.0,1.0,,,,22.82,0.1252,0.2242,7.0,0.6033,synthetic
6.59,4.5,81.0,86.8,54.9,3.89,2.0,42.0,0.0,,,,2.01,0.1686,0.1346,4.0,0.5786,synthetic
4.58,3.6,82.0,10.6,296.5,0.81,6.0,62.0,0.0,,,,0.33,0.1295,0.1654,3.0,0.4911,synthetic
7.14,7.6,57.0,75.3,269.5,4.67,6.0,26.0,1.0,,,,23.99,0.05,0.2248,3.0,0.3734,synthetic
5.15,3.9,60.0,81.8,109.6,4.95,4.0,46.0,0.0,,,,22.19,0.098,0.1807,1.0,0.3864,synthetic
5.55,4.4,81.0,74.0,298.5,0.61,1.0,30.0,1.0,,,,0.64,0.2415,0.2617,0.0,0.6654,synthetic
7.98,9.5,56.0,72.8,202.0,3.42,4.0,48.0,0.0,,,,20.98,0.0547,0.186,8.0,0.3882,synthetic
5.79,4.1,55.0,32.5,139.4,2.33,1.0,31.0,0.0,,,,23.67,0.0848,0.2026,3.0,0.3918,synthetic
8.96,5.6,89.0,64.2,314.8,2.71,6.0,73.0,1.0,,,,20.81,0.0934,0.1243,3.0,0.5295,synthetic
7.79,5.8,89.0,52.1,246.7,0.9,6.0,22.0,1.0,,,,23.12,0.0994,0.2944,5.0,0.5359,synthetic
8.66,6.0,63.0,38.2,202.9,3.62,6.0,72.0,1.0,,,,0.31,0.1463,0.0777,4.0,0.6394,synthetic
7.58,5.1,50.0,89.4,309.2,0.83,6.0,63.0,0.0,,,,21.09,0.0809,0.2177,1.0,0.5034,synthetic
8.84,4.9,66.0,26.1,217.9,4.43,1.0,66.0,1.0,,,,21.55,0.05,0.1277,3.0,0.5524,synthetic
6.31,4.7,51.0,37.2,375.4,2.27,0.0,66.0,1.0,,,,1.69,0.1509,0.0319,5.0,0.5438,synthetic
7.25,3.3,56.0,81.3,327.2,3.17,5.0,28.0,1.0,,,,21.79,0.0646,0.1234,1.0,0.5176,synthetic
7.08,5.2,59.0,26.0,143.3,4.61,4.0,71.0,0.0,,,,20.67,0.05,0.0909,5.0,0.381,synthetic
9.02,8.6,84.0,13.7,186.0,3.69,6.0,51.0,0.0,,,,22.31,0.095,0.0289,1.0,0.5146,synthetic
5.32,6.9,65.0,27.9,382.9,2.7,5.0,72.0,1.0,,,,2.55,0.0842,0.0293,3.0,0.4315,synthetic
7.39,5.1,50.0,68.3,358.1,2.01,6.0,68.0,0.0,,,,0.86,0.2259,0.1226,2.0,0.6537,synthetic
8.27,6.2,75.0,77.4,76.5,2.31,2.0,51.0,1.0,,,,0.03,0.1899,0.1018,3.0,0.6479,synthetic
6.35,2.8,53.0,10.3,109.7,1.71,0.0,39.0,0.0,,,,1.88,0.2453,0.1295,2.0,0.6837,synthetic
8.84,4.0,86.0,56.0,145.8,4.73,0.0,24.0,0.0,,,,0.62,0.182,0.0811,3.0,0.7425,synthetic
6.37,6.4,60.0,51.1,351.9,1.26,3.0,23.0,1.0,,,,1.68,0.2266,0.2715,0.0,0.6006,synthetic
5.37,7.5,60.0,60.2,371.0,2.05,0.0,40.0,0.0,,,,0.6,0.1911,0.2534,2.0,0.475,synthetic
7.42,3.0,66.0,60.4,320.9,3.89,4.0,64.0,0.0,,,,2.05,0.0995,0.1682,4.0,0.6752,synthetic
6.6,3.5,54.0,86.4,110.3,1.82,3.0,46.0,1.0,,,,0.37,0.1998,0.1902,4.0,0.6999,synthetic
4.58,8.9,51.0,31.2,354.8,4.43,2.0,45.0,0.0,,,,21.85,0.05,0.0986,3.0,0.1394,synthetic
4.85,4.7,87.0,27.0,13.2,1.22,4.0,31.0,1.0,,,,20.29,0.1254,0.2897,7.0,0.334,synthetic
5.48,8.1,85.0,52.3,169.1,0.16,5.0,50.0,0.0,,,,20.74,0.1021,0.2346,2.0,0.3559,synthetic
8.35,4.9,87.0,38.6,151.1,3.14,0.0,54.0,1.0,,,,23.59,0.05,0.139,2.0,0.5193,synthetic
8.96,5.0,77.0,42.6,214.1,2.54,3.0,73.0,0.0,,,,2.8,0.1439,0.0787,6.0,0.7058,synthetic
7.23,3.9,51.0,6.2,224.3,4.67,7.0,59.0,0.0,,,,1.32,0.1493,0.101,4.0,0.6284,synthetic
5.03,6.4,89.0,13.3,90.2,2.12,2.0,52.0,1.0,,,,1.43,0.2144,0.1011,3.0,0.4939,synthetic
7.17,7.2,78.0,84.2,81.8,0.68,6.0,69.0,1.0,,,,0.65,0.1841,0.1176,5.0,0.5233,synthetic
8.78,2.4,67.0,6.1,321.4,1.65,2.0,42.0,0.0,,,,2.32,0.2352,0.1666,2.0,0.8539,synthetic
8.25,3.8,79.0,53.1,30.5,1.97,2.0,71.0,1.0,,,,1.15,0.2297,0.0544,2.0,0.6669,synthetic
5.96,6.3,73.0,67.9,197.3,2.92,6.0,39.0,0.0,,,,21.81,0.1088,0.1499,2.0,0.3942,synthetic
5.12,4.2,77.0,1.1,76.7,1.37,2.0,25.0,0.0,,,,23.5,0.1024,0.1287,1.0,0.3861,synthetic
9.0,3.5,83.0,20.0,127.8,2.75,6.0,41.0,1.0,,,,22.83,0.0676,0.1731,1.0,0.6532,synthetic
8.77,6.5,87.0,33.9,110.9,4.54,5.0,25.0,1.0,,,,21.16,0.0729,0.199,4.0,0.5159,synthetic
4.77,6.7,82.0,45.6,283.4,2.12,6.0,24.0,0.0,,,,21.56,0.0936,0.2114,1.0,0.2589,synthetic
8.62,3.6,86.0,30.7,182.4,3.26,6.0,68.0,1.0,,,,22.0,0.0642,0.1396,4.0,0.5939,synthetic
4.99,4.9,73.0,58.4,119.8,1.14,7.0,63.0,0.0,,,,21.22,0.084,0.2032,4.0,0.3387,synthetic
4.82,2.1,64.0,20.4,332.5,4.01,4.0,30.0,0.0,,,,21.52,0.05,0.1923,4.0,0.4091,synthetic
8.29,2.7,77.0,2.3,34.3,1.35,7.0,65.0,0.0,,,,2.41,0.2084,0.125,3.0,0.7327,synthetic
7.18,4.7,72.0,0.1,306.5,2.9,0.0,21.0,0.0,,,,22.4,0.1122,0.1788,4.0,0.4779,synthetic
6.57,4.6,52.0,31.1,99.3,1.5,3.0,34.0,1.0,,,,1.79,0.2031,0.178,1.0,0.6167,synthetic
9.02,2.6,73.0,32.5,367.2,0.34,3.0,58.0,0.0,,,,20.45,0.1522,0.1822,1.0,0.7293,synthetic
8.7,3.1,67.0,85.4,2.2,1.6,0.0,35.0,0.0,,,,2.87,0.2107,0.1912,2.0,0.7825,synthetic
4.79,2.4,65.0,4.0,222.7,1.06,6.0,59.0,1.0,,,,1.35,0.1894,0.1974,1.0,0.7655,synthetic
7.58,5.4,79.0,47.7,248.9,4.46,6.0,67.0,1.0,,,,2.35,0.2069,0.116,4.0,0.6101,synthetic
8.36,1.0,85.0,52.0,230.9,1.33,5.0,21.0,0.0,,,,23.68,0.0821,0.2488,4.0,0.7019,synthetic
7.25,2.5,58.0,62.9,326.0,4.87,5.0,19.0,1.0,,,,0.44,0.1021,0.1596,4.0,0.6759,synthetic
9.42,1.0,82.0,57.5,44.9,2.46,4.0,71.0,0.0,,,,22.53,0.0594,0.1282,4.0,0.6911,synthetic
7.93,5.3,57.0,0.7,166.2,1.11,3.0,47.0,1.0,,,,23.02,0.1348,0.1256,1.0,0.5691,synthetic
5.02,1.0,73.0,56.9,345.5,1.96,5.0,46.0,1.0,,,,1.26,0.1915,0.0821,4.0,0.5872,synthetic
5.49,4.6,84.0,29.0,355.5,0.92,7.0,44.0,0.0,,,,20.35,0.1398,0.2094,3.0,0.4028,synthetic
8.63,7.8,86.0,69.6,199.3,4.17,2.0,42.0,0.0,,,,20.26,0.0515,0.197,2.0,0.5186,synthetic
9.48,7.8,62.0,17.0,223.2,0.6,2.0,57.0,1.0,,,,2.12,0.2245,0.2046,7.0,0.7108,synthetic
4.99,1.0,83.0,64.5,305.6,4.37,0.0,51.0,0.0,,,,20.77,0.0664,0.1791,2.0,0.4226,synthetic
5.0,5.1,85.0,56.3,311.8,0.23,7.0,27.0,0.0,,,,1.05,0.2432,0.2225,0.0,0.5744,synthetic
8.32,2.5,57.0,58.7,355.2,1.5,4.0,53.0,1.0,,,,21.4,0.0689,0.098,2.0,0.5951,synthetic
4.82,2.1,65.0,15.8,337.5,0.7,4.0,56.0,0.0,,,,22.56,0.1232,0.14,0.0,0.4088,synthetic
4.84,4.3,81.0,60.2,165.8,3.43,2.0,24.0,1.0,,,,22.05,0.1256,0.149,2.0,0.2971,synthetic
8.94,7.0,51.0,66.3,259.9,2.56,0.0,39.0,1.0,,,,23.43,0.05,0.175,2.0,0.5249,synthetic
8.5,5.7,75.0,44.0,193.3,4.7,6.0,63.0,0.0,,,,1.79,0.164,0.1022,4.0,0.6576,synthetic
8.91,3.1,67.0,30.6,47.2,1.83,6.0,53.0,0.0,,,,2.13,0.1419,0.2011,3.0,0.8881,synthetic
7.75,5.9,71.0,15.0,328.7,0.2,2.0,25.0,1.0,,,,21.55,0.0956,0.2023,5.0,0.507,synthetic
6.11,1.0,67.0,26.1,240.7,3.81,6.0,20.0,0.0,,,,22.36,0.0536,0.2293,3.0,0.4657,synthetic
9.03,3.0,58.0,68.7,23.2,2.9,4.0,51.0,0.0,,,,1.86,0.1516,0.1553,4.0,0.8006,synthetic
5.99,2.9,64.0,36.8,270.7,4.14,5.0,44.0,0.0,,,,20.63,0.05,0.0867,3.0,0.4612,synthetic
5.88,4.7,84.0,63.2,113.2,2.13,1.0,72.0,1.0,,,,20.82,0.082,0.1807,2.0,0.4271,synthetic
8.93,4.1,74.0,66.6,27.7,3.69,4.0,47.0,0.0,,,,23.36,0.05,0.2472,3.0,0.6166,synthetic
7.9,4.2,69.0,60.7,242.6,0.86,1.0,71.0,1.0,,,,1.53,0.1515,0.1735,1.0,0.7403,synthetic
8.98,4.2,78.0,60.6,292.9,5.0,1.0,30.0,0.0,,,,22.35,0.0755,0.1692,4.0,0.5732,synthetic
5.28,4.5,57.0,55.0,206.9,0.87,2.0,43.0,1.0,,,,20.49,0.1586,0.1871,0.0,0.4731,synthetic
9.26,5.6,53.0,46.7,2.3,4.15,1.0,25.0,1.0,,,,2.78,0.1746,0.122,2.0,0.6998,synthetic
7.56,4.8,72.0,17.8,230.8,1.06,7.0,50.0,0.0,,,,2.57,0.2275,0.1363,2.0,0.6362,synthetic
7.84,3.9,50.0,75.9,2.6,3.91,0.0,28.0,1.0,,,,0.56,0.2875,0.1361,10.0,0.7462,synthetic
9.07,5.3,56.0,86.8,370.6,4.31,7.0,46.0,0.0,,,,0.77,0.2039,0.17,3.0,0.7411,synthetic
6.4,6.2,79.0,42.0,106.9,4.38,1.0,37.0,0.0,,,,2.54,0.1603,0.0855,8.0,0.5178,synthetic
8.1,3.4,86.0,84.0,348.4,2.38,6.0,28.0,1.0,,,,0.51,0.1783,0.3116,3.0,0.6861,synthetic
7.7,4.4,61.0,89.8,4.8,2.14,2.0,23.0,1.0,,,,1.52,0.1613,0.2417,4.0,0.7472,synthetic
8.44,6.8,65.0,43.8,38.9,4.17,7.0,47.0,1.0,,,,23.24,0.0689,0.1291,4.0,0.4946,synthetic
8.98,2.3,77.0,65.2,180.6,2.9,4.0,71.0,0.0,,,,21.6,0.0664,0.0816,2.0,0.5826,synthetic
7.9,8.1,82.0,57.9,303.4,3.11,3.0,29.0,0.0,,,,1.83,0.1886,0.1314,3.0,0.5837,synthetic
4.84,1.8,60.0,21.4,377.0,1.18,1.0,41.0,0.0,,,,0.79,0.2124,0.2085,3.0,0.6257,synthetic
5.42,3.8,83.0,4.2,208.4,2.23,3.0,30.0,0.0,,,,22.03,0.1295,0.1661,7.0,0.3461,synthetic
9.27,2.6,89.0,40.8,142.2,1.85,4.0,64.0,0.0,,,,0.36,0.1333,0.0572,3.0,0.8265,synthetic
9.34,8.9,54.0,70.8,17.8,3.33,7.0,41.0,1.0,,,,1.72,0.2075,0.1416,6.0,0.6777,synthetic
9.34,3.5,59.0,29.3,233.5,0.98,2.0,73.0,0.0,,,,21.89,0.1089,0.1096,2.0,0.6554,synthetic
4.68,3.5,79.0,70.6,152.0,2.03,0.0,31.0,1.0,,,,1.38,0.2278,0.2223,2.0,0.5125,synthetic
6.41,3.8,51.0,58.9,363.7,4.24,2.0,22.0,0.0,,,,20.51,0.05,0.1583,7.0,0.3959,synthetic
8.3,4.7,61.0,62.6,192.0,2.73,1.0,51.0,0.0,,,,0.37,0.2835,0.1795,2.0,0.7441,synthetic
8.26,3.8,84.0,25.7,306.2,4.48,7.0,55.0,0.0,,,,2.99,0.2024,0.1431,3.0,0.7047,synthetic
4.93,4.2,77.0,42.3,339.3,1.16,1.0,74.0,0.0,,,,2.06,0.1351,0.1183,5.0,0.4818,synthetic
7.55,1.0,76.0,16.4,39.3,2.2,7.0,67.0,0.0,,,,2.13,0.1755,0.0763,3.0,0.7339,synthetic
5.21,4.6,74.0,22.2,176.3,2.5,0.0,68.0,0.0,,,,0.76,0.0976,0.0885,3.0,0.4396,synthetic
6.97,4.5,70.0,8.1,357.5,2.0,6.0,54.0,1.0,,,,23.23,0.05,0.0785,1.0,0.5027,synthetic
5.7,6.6,81.0,11.4,169.8,3.42,3.0,38.0,1.0,,,,0.74,0.213,0.1941,7.0,0.5081,synthetic
4.77,7.1,85.0,18.9,226.1,0.74,0.0,42.0,0.0,,,,22.25,0.0808,0.142,0.0,0.3376,synthetic
4.9,4.1,82.0,52.2,349.2,2.6,4.0,25.0,0.0,,,,23.87,0.1573,0.2426,1.0,0.3887,synthetic
9.05,6.1,69.0,39.7,93.0,0.69,5.0,42.0,0.0,,,,23.78,0.125,0.1866,0.0,0.6063,synthetic
8.22,2.3,81.0,24.0,357.8,3.15,6.0,38.0,0.0,,,,23.81,0.094,0.13,3.0,0.572,synthetic
9.16,6.0,80.0,77.5,158.8,4.15,1.0,20.0,0.0,,,,22.88,0.0822,0.1931,4.0,0.5073,synthetic
6.85,3.4,68.0,47.3,237.2,0.1,4.0,29.0,0.0,,,,22.47,0.1165,0.2743,1.0,0.6058,synthetic
6.57,2.1,63.0,83.1,131.2,2.28,4.0,48.0,1.0,,,,22.31,0.1562,0.1809,1.0,0.5451,synthetic
6.29,4.1,66.0,57.1,210.8,2.46,3.0,39.0,0.0,,,,21.57,0.1062,0.1581,1.0,0.4193,synthetic
7.58,7.3,70.0,1.4,19.7,3.6,7.0,74.0,0.0,,,,23.07,0.05,0.043,3.0,0.3665,synthetic
6.26,4.9,56.0,82.2,26.1,0.37,3.0,45.0,0.0,,,,20.82,0.1373,0.2477,1.0,0.4271,synthetic
8.23,7.5,59.0,77.2,165.9,2.03,3.0,72.0,1.0,,,,2.31,0.1509,0.1222,3.0,0.613,synthetic
8.51,3.0,54.0,57.2,134.0,3.93,4.0,55.0,0.0,,,,20.49,0.05,0.1118,3.0,0.6034,synthetic
8.88,6.6,53.0,48.1,246.3,2.66,7.0,20.0,0.0,,,,1.86,0.1738,0.2427,1.0,0.716,synthetic
5.71,3.2,73.0,40.8,15.2,3.75,6.0,29.0,0.0,,,,21.69,0.1239,0.1308,2.0,0.4015,synthetic
7.14,5.0,78.0,43.4,67.1,1.82,5.0,58.0,0.0,,,,1.97,0.1125,0.1071,3.0,0.655,synthetic
5.62,4.9,75.0,69.2,83.8,4.6,0.0,49.0,0.0,,,,1.04,0.1224,0.11,5.0,0.5044,synthetic
4.69,5.8,79.0,46.2,176.2,0.39,2.0,35.0,1.0,,,,2.45,0.209,0.3187,1.0,0.4675,synthetic
8.04,5.0,66.0,15.8,98.7,0.46,0.0,47.0,0.0,,,,2.09,0.1884,0.1466,2.0,0.7649,synthetic
7.24,3.0,82.0,5.2,55.1,2.64,0.0,69.0,0.0,,,,0.91,0.1976,0.1022,5.0,0.6345,synthetic
8.12,6.3,80.0,11.4,239.0,2.35,6.0,40.0,1.0,,,,21.06,0.05,0.0763,3.0,0.4549,synthetic
4.94,8.0,78.0,22.6,297.5,3.19,6.0,20.0,0.0,,,,23.84,0.05,0.1895,3.0,0.2677,synthetic
9.48,3.3,81.0,33.1,274.1,1.15,0.0,35.0,0.0,,,,22.38,0.1334,0.1203,2.0,0.7185,synthetic
9.47,1.0,59.0,80.3,110.5,1.13,3.0,71.0,0.0,,,,2.2,0.1807,0.1343,3.0,0.8681,synthetic
6.82,5.5,73.0,21.5,341.8,3.75,2.0,61.0,1.0,,,,2.11,0.1373,0.0253,2.0,0.5145,synthetic
8.83,3.8,81.0,28.8,244.7,1.46,0.0,65.0,1.0,,,,22.2,0.1154,0.1028,2.0,0.5689,synthetic
5.72,4.2,54.0,20.1,245.9,3.64,3.0,69.0,1.0,,,,0.7,0.1287,0.0525,2.0,0.5171,synthetic
8.19,5.6,60.0,49.1,85.1,3.2,0.0,24.0,1.0,,,,22.37,0.0611,0.19,2.0,0.5538,synthetic
8.9,3.6,70.0,55.5,96.9,0.42,5.0,34.0,1.0,,,,0.75,0.2326,0.1804,2.0,0.8778,synthetic
8.57,4.0,67.0,47.9,189.9,3.56,7.0,21.0,1.0,,,,0.3,0.0873,0.175,8.0,0.7275,synthetic
8.56,4.3,87.0,85.7,95.1,4.4,3.0,18.0,1.0,,,,23.58,0.076,0.1172,3.0,0.5584,synthetic
6.82,7.4,80.0,89.6,275.2,4.08,1.0,65.0,1.0,,,,2.15,0.1192,0.1113,5.0,0.4725,synthetic
8.6,4.6,52.0,75.4,123.4,0.04,3.0,71.0,1.0,,,,21.72,0.0545,0.1236,2.0,0.5522,synthetic
7.95,2.0,69.0,72.5,60.8,2.7,7.0,26.0,0.0,,,,1.58,0.1444,0.1704,1.0,0.7489,synthetic
5.16,2.1,81.0,32.9,60.6,4.57,1.0,59.0,0.0,,,,0.83,0.1463,0.0542,3.0,0.577,synthetic
5.07,4.8,77.0,52.2,50.9,2.99,5.0,48.0,1.0,,,,21.97,0.089,0.1927,1.0,0.3939,synthetic
8.36,2.2,72.0,31.6,175.9,1.45,0.0,21.0,0.0,,,,22.95,0.1486,0.1405,10.0,0.5883,synthetic
7.63,1.4,53.0,70.6,1.2,0.97,2.0,70.0,0.0,,,,20.48,0.0921,0.1668,1.0,0.6614,synthetic
7.1,5.8,87.0,15.5,216.9,3.42,3.0,67.0,1.0,,,,0.18,0.1573,0.0916,9.0,0.5351,synthetic
9.04,5.9,67.0,19.5,119.3,3.86,3.0,50.0,1.0,,,,2.22,0.2274,0.02,3.0,0.7101,synthetic
7.8,3.8,56.0,3.5,221.0,4.56,1.0,58.0,1.0,,,,20.82,0.0642,0.0896,5.0,0.5036,synthetic
6.48,5.1,53.0,54.8,374.2,4.53,6.0,40.0,0.0,,,,20.92,0.05,0.1803,8.0,0.4231,synthetic
6.57,4.9,81.0,62.0,347.6,1.7,5.0,63.0,0.0,,,,23.32,0.05,0.2038,2.0,0.4323,synthetic
7.53,5.7,75.0,0.3,230.6,3.02,3.0,43.0,0.0,,,,21.97,0.05,0.2035,3.0,0.4687,synthetic
8.3,5.7,60.0,46.0,167.2,0.51,3.0,74.0,0.0,,,,21.94,0.0631,0.0818,1.0,0.5314,synthetic
7.32,1.0,71.0,33.9,279.3,0.47,0.0,21.0,1.0,,,,0.47,0.2319,0.2876,1.0,0.7994,synthetic
7.04,4.0,88.0,71.3,369.3,0.36,5.0,27.0,0.0,,,,22.87,0.0765,0.242,1.0,0.4725,synthetic
8.13,5.5,70.0,3.5,195.8,4.64,1.0,73.0,0.0,,,,1.91,0.2543,0.0694,3.0,0.6153,synthetic
8.03,3.7,66.0,4.4,39.7,0.76,2.0,34.0,0.0,,,,23.0,0.1112,0.2214,2.0,0.588,synthetic
8.65,4.6,62.0,55.8,306.4,2.41,6.0,35.0,1.0,,,,0.31,0.1278,0.102,1.0,0.7819,synthetic
4.81,6.0,57.0,53.2,4.2,2.17,5.0,63.0,0.0,,,,22.79,0.1508,0.1585,3.0,0.2669,synthetic
8.27,4.7,86.0,74.8,305.9,1.62,5.0,28.0,0.0,,,,21.79,0.071,0.2848,1.0,0.5815,synthetic
7.07,7.5,57.0,53.3,34.0,2.69,2.0,47.0,1.0,,,,23.3,0.05,0.0764,4.0,0.2766,synthetic
4.87,6.8,52.0,85.4,42.6,0.01,4.0,34.0,1.0,,,,1.04,0.1537,0.2724,1.0,0.5326,synthetic
7.9,4.3,56.0,28.3,312.7,1.9,0.0,29.0,0.0,,,,2.67,0.1747,0.1396,1.0,0.7349,synthetic
8.08,4.1,57.0,35.8,275.8,2.4,1.0,72.0,1.0,,,,20.3,0.0941,0.0736,2.0,0.5654,synthetic
7.12,1.0,67.0,88.0,224.8,4.02,6.0,29.0,1.0,,,,23.72,0.0579,0.2176,4.0,0.547,synthetic
8.47,3.8,86.0,9.7,328.2,3.5,3.0,23.0,0.0,,,,0.45,0.2553,0.1567,5.0,0.7814,synthetic
6.0,1.8,55.0,71.6,340.5,4.25,5.0,56.0,0.0,,,,20.6,0.054,0.1602,2.0,0.469,synthetic
5.51,4.9,56.0,1.0,183.0,1.88,6.0,67.0,1.0,,,,1.8,0.1658,0.0623,6.0,0.4902,synthetic
6.25,4.8,67.0,43.8,398.5,0.7,7.0,25.0,0.0,,,,21.93,0.1139,0.3035,1.0,0.4885,synthetic
6.55,5.9,86.0,13.8,143.0,2.01,0.0,58.0,1.0,,,,2.12,0.2625,0.0986,2.0,0.6143,synthetic
7.98,7.3,87.0,53.9,68.6,4.82,4.0,48.0,1.0,,,,23.87,0.05,0.0827,6.0,0.4012,synthetic
8.73,4.4,88.0,71.8,338.4,1.07,7.0,65.0,1.0,,,,21.06,0.096,0.0842,7.0,0.5675,synthetic
8.1,9.1,55.0,3.0,166.2,0.87,1.0,25.0,1.0,,,,1.17,0.2123,0.1266,1.0,0.6421,synthetic
5.37,5.0,78.0,14.7,349.8,4.72,6.0,73.0,0.0,,,,21.1,0.05,0.0769,6.0,0.2777,synthetic
6.33,1.9,76.0,30.8,24.5,4.75,4.0,53.0,1.0,,,,1.04,0.2084,0.0462,3.0,0.6766,synthetic
5.29,3.4,51.0,23.0,44.4,0.75,2.0,66.0,1.0,,,,1.66,0.2095,0.1324,3.0,0.5144,synthetic
7.93,3.8,77.0,34.5,16.1,3.85,6.0,38.0,0.0,,,,0.03,0.1783,0.207,4.0,0.6959,synthetic
5.74,5.7,78.0,85.7,240.8,2.15,6.0,71.0,1.0,,,,21.9,0.0959,0.1171,1.0,0.4049,synthetic
7.13,2.6,76.0,9.1,332.7,2.46,1.0,53.0,0.0,,,,23.06,0.05,0.0788,4.0,0.4909,synthetic
8.46,3.9,59.0,38.1,161.1,2.49,5.0,25.0,0.0,,,,23.7,0.0958,0.1911,5.0,0.5605,synthetic
7.85,4.2,63.0,41.1,36.3,4.84,7.0,70.0,0.0,,,,0.66,0.1314,0.1103,4.0,0.6834,synthetic
5.99,3.6,72.0,25.2,149.4,0.92,5.0,63.0,0.0,,,,0.44,0.2457,0.1716,1.0,0.6297,synthetic
6.16,6.1,56.0,25.1,139.2,3.87,4.0,35.0,1.0,,,,22.8,0.05,0.2059,3.0,0.332,synthetic
7.77,5.8,56.0,64.3,257.4,0.03,1.0,49.0,0.0,,,,1.31,0.2057,0.2595,1.0,0.7624,synthetic
7.25,6.8,78.0,55.6,260.9,3.14,3.0,40.0,0.0,,,,1.4,0.2077,0.1793,1.0,0.6099,synthetic
4.98,3.8,57.0,73.2,41.2,3.26,7.0,48.0,1.0,,,,0.87,0.1702,0.1134,1.0,0.5457,synthetic
8.87,6.9,51.0,36.5,168.1,3.77,6.0,73.0,1.0,,,,21.91,0.0562,0.0667,3.0,0.4099,synthetic
7.06,1.8,57.0,54.6,257.0,4.63,3.0,69.0,0.0,,,,23.29,0.0945,0.0765,3.0,0.4797,synthetic
6.87,1.7,53.0,80.4,103.5,3.77,2.0,30.0,0.0,,,,23.03,0.05,0.165,3.0,0.5399,synthetic
5.49,2.1,61.0,76.6,162.8,3.66,6.0,73.0,1.0,,,,1.72,0.2202,0.1127,3.0,0.5643,synthetic
6.38,4.5,80.0,82.8,245.5,1.27,7.0,42.0,1.0,,,,1.66,0.2408,0.1941,1.0,0.6163,synthetic
6.16,6.9,81.0,24.2,161.1,4.96,2.0,58.0,1.0,,,,2.06,0.1716,0.1239,2.0,0.486,synthetic
5.85,3.3,53.0,88.7,12.3,2.34,6.0,61.0,1.0,,,,21.62,0.1016,0.2125,2.0,0.4105,synthetic
7.34,3.5,73.0,73.5,89.0,2.09,2.0,45.0,0.0,,,,1.24,0.1892,0.169,2.0,0.7075,synthetic
6.81,4.1,54.0,71.5,310.4,2.51,6.0,44.0,1.0,,,,2.09,0.1611,0.23,3.0,0.6349,synthetic
8.95,5.6,57.0,60.1,99.4,1.97,7.0,44.0,0.0,,,,21.17,0.1119,0.1784,1.0,0.6543,synthetic
9.21,3.5,81.0,88.5,327.1,2.97,5.0,67.0,0.0,,,,20.28,0.0509,0.133,6.0,0.6054,synthetic
5.6,3.4,89.0,39.7,186.8,1.75,3.0,40.0,1.0,,,,20.74,0.1148,0.1313,1.0,0.4064,synthetic
5.0,1.8,61.0,66.7,189.2,1.2,2.0,33.0,1.0,,,,0.24,0.1624,0.3019,2.0,0.6431,synthetic
8.43,3.4,81.0,62.9,308.2,4.64,0.0,38.0,0.0,,,,22.95,0.0918,0.0608,5.0,0.5417,synthetic
9.47,6.9,64.0,65.9,153.3,4.64,0.0,29.0,0.0,,,,21.37,0.0811,0.1923,6.0,0.5664,synthetic
8.82,4.7,81.0,67.6,95.4,2.48,6.0,40.0,1.0,,,,23.7,0.05,0.1102,3.0,0.5584,synthetic
4.62,3.0,73.0,17.2,42.0,4.81,5.0,24.0,0.0,,,,1.5,0.1347,0.1635,4.0,0.4984,synthetic
5.76,7.0,72.0,31.4,268.8,2.08,1.0,23.0,1.0,,,,1.99,0.1251,0.1934,5.0,0.5457,synthetic
4.72,3.3,82.0,35.3,188.0,1.94,4.0,59.0,0.0,,,,1.26,0.1551,0.1992,4.0,0.5113,synthetic
8.6,7.3,78.0,67.3,323.8,4.58,7.0,22.0,1.0,,,,2.2,0.1255,0.2378,3.0,0.6663,synthetic
7.41,7.3,89.0,64.5,183.1,3.16,5.0,50.0,0.0,,,,0.23,0.2089,0.1545,2.0,0.6057,synthetic
7.07,4.6,65.0,75.0,165.9,3.81,7.0,62.0,0.0,,,,1.86,0.1658,0.1969,3.0,0.5897,synthetic
7.27,1.5,88.0,71.0,119.5,2.06,0.0,59.0,0.0,,,,22.92,0.102,0.1352,2.0,0.5636,synthetic
5.76,9.1,83.0,53.6,79.8,2.04,0.0,43.0,1.0,,,,1.97,0.1752,0.242,4.0,0.488,synthetic
7.51,5.3,70.0,12.6,332.2,0.42,5.0,29.0,1.0,,,,2.27,0.187,0.1527,1.0,0.7135,synthetic
4.65,3.9,70.0,57.2,38.1,4.83,4.0,71.0,1.0,,,,0.8,0.1792,0.1375,4.0,0.4764,synthetic
7.73,6.4,86.0,79.8,360.9,1.14,5.0,65.0,1.0,,,,23.02,0.0775,0.1415,6.0,0.454,synthetic
8.17,5.9,73.0,57.9,10.8,2.47,7.0,52.0,0.0,,,,21.97,0.1363,0.1225,3.0,0.5226,synthetic
7.87,7.1,64.0,80.6,208.9,0.57,0.0,22.0,1.0,,,,22.28,0.0968,0.2172,2.0,0.4617,synthetic
6.16,3.2,52.0,89.9,23.3,3.23,7.0,20.0,1.0,,,,20.93,0.0771,0.2297,2.0,0.4285,synthetic
8.63,5.1,62.0,32.3,311.8,1.95,0.0,35.0,1.0,,,,20.33,0.087,0.1748,2.0,0.6369,synthetic
8.08,2.1,59.0,65.1,84.6,3.84,4.0,26.0,1.0,,,,22.9,0.0742,0.2177,5.0,0.5857,synthetic
5.14,5.8,55.0,48.6,226.4,2.64,6.0,67.0,1.0,,,,20.3,0.0694,0.1908,2.0,0.3174,synthetic
5.48,4.5,77.0,40.9,366.6,0.65,5.0,29.0,1.0,,,,2.16,0.1644,0.3481,2.0,0.6529,synthetic
7.69,5.1,66.0,21.6,259.7,0.05,1.0,34.0,1.0,,,,0.55,0.2751,0.2238,1.0,0.7151,synthetic
5.95,4.2,54.0,22.1,71.3,1.06,4.0,73.0,0.0,,,,1.91,0.1896,0.1235,2.0,0.5065,synthetic
5.1,4.0,63.0,16.6,318.7,3.62,7.0,64.0,1.0,,,,23.11,0.05,0.14,2.0,0.268,synthetic
5.27,2.8,56.0,56.8,176.6,4.14,1.0,30.0,0.0,,,,21.57,0.0556,0.161,3.0,0.3822,synthetic
5.33,6.1,74.0,12.8,5.3,1.71,7.0,39.0,1.0,,,,22.03,0.0997,0.1929,1.0,0.366,synthetic
6.89,7.5,67.0,38.8,194.7,2.68,5.0,47.0,0.0,,,,1.98,0.1501,0.1108,4.0,0.5807,synthetic
7.54,3.4,87.0,47.1,325.0,1.2,0.0,55.0,1.0,,,,20.85,0.0682,0.1994,3.0,0.5935,synthetic
5.38,5.6,74.0,39.4,172.0,4.4,2.0,71.0,0.0,,,,0.89,0.1252,0.212,5.0,0.3797,synthetic
8.06,5.4,81.0,76.9,303.4,4.83,6.0,67.0,1.0,,,,21.58,0.05,0.1721,5.0,0.5336,synthetic
5.91,4.5,63.0,39.9,282.2,3.76,2.0,73.0,0.0,,,,22.47,0.05,0.097,5.0,0.3243,synthetic
6.06,1.4,80.0,7.5,182.8,0.44,7.0,20.0,0.0,,,,20.02,0.122,0.2329,3.0,0.5913,synthetic
5.62,1.9,79.0,89.3,129.3,2.19,3.0,31.0,1.0,,,,23.35,0.05,0.2137,0.0,0.5157,synthetic
8.43,2.9,90.0,76.0,290.6,4.95,2.0,50.0,1.0,,,,20.9,0.05,0.1594,3.0,0.5853,synthetic
9.3,1.0,76.0,59.4,147.6,1.15,6.0,20.0,0.0,,,,2.02,0.1668,0.2129,4.0,0.8939,synthetic
6.96,7.3,87.0,68.1,68.0,3.35,6.0,38.0,0.0,,,,20.68,0.1553,0.1834,2.0,0.3801,synthetic
4.71,5.2,85.0,11.5,128.3,4.69,1.0,26.0,1.0,,,,21.75,0.05,0.1583,1.0,0.2669,synthetic
5.8,4.4,87.0,68.9,350.7,3.87,6.0,71.0,1.0,,,,20.1,0.05,0.1267,4.0,0.3535,synthetic
5.29,1.0,73.0,18.7,113.4,3.04,2.0,21.0,0.0,,,,2.95,0.2576,0.1644,1.0,0.6103,synthetic
8.71,1.0,59.0,44.0,94.0,2.53,7.0,26.0,1.0,,,,0.49,0.1735,0.141,2.0,0.9141,synthetic
4.92,4.5,73.0,16.0,53.4,4.64,0.0,29.0,0.0,,,,0.51,0.1931,0.167,7.0,0.4827,synthetic
9.33,8.4,87.0,67.8,22.1,1.97,5.0,26.0,1.0,,,,23.63,0.0563,0.1998,2.0,0.5776,synthetic
7.44,3.1,89.0,22.1,390.7,4.51,1.0,50.0,0.0,,,,2.08,0.215,0.0756,3.0,0.67,synthetic
7.09,6.2,88.0,22.8,214.7,2.16,5.0,38.0,0.0,,,,21.01,0.0566,0.114,3.0,0.4205,synthetic
8.74,3.5,68.0,9.8,291.9,3.78,7.0,70.0,0.0,,,,1.55,0.1018,0.02,3.0,0.7354,synthetic
4.64,4.6,82.0,64.9,309.2,4.58,5.0,32.0,1.0,,,,1.65,0.2173,0.1764,4.0,0.4639,synthetic
8.39,6.9,70.0,26.6,140.9,2.75,3.0,48.0,1.0,,,,20.25,0.1068,0.1721,4.0,0.5318,synthetic
5.08,3.8,78.0,46.6,319.6,1.55,6.0,55.0,0.0,,,,20.93,0.0996,0.1746,1.0,0.4628,synthetic
8.7,3.1,67.0,29.9,384.6,0.25,1.0,53.0,1.0,,,,23.83,0.0782,0.1782,1.0,0.6888,synthetic
7.15,7.3,62.0,69.7,296.7,4.05,4.0,63.0,1.0,,,,20.63,0.0721,0.0923,5.0,0.3892,synthetic
4.81,4.6,68.0,20.4,284.7,3.11,7.0,29.0,1.0,,,,21.98,0.0815,0.213,1.0,0.3798,synthetic
8.67,6.7,62.0,84.7,172.9,1.32,2.0,46.0,1.0,,,,22.83,0.05,0.1677,3.0,0.5079,synthetic
4.64,3.1,67.0,28.9,336.5,4.39,0.0,63.0,0.0,,,,21.1,0.05,0.1431,3.0,0.3506,synthetic
5.19,7.3,77.0,9.3,35.5,4.6,3.0,67.0,0.0,,,,0.93,0.1984,0.0603,3.0,0.4197,synthetic
8.49,5.0,58.0,21.6,299.9,4.44,3.0,53.0,1.0,,,,23.47,0.05,0.1055,4.0,0.485,synthetic
6.82,5.4,77.0,6.7,144.8,3.01,6.0,55.0,0.0,,,,0.48,0.1598,0.127,2.0,0.6011,synthetic
8.91,4.8,53.0,42.2,226.4,4.88,6.0,67.0,0.0,,,,23.32,0.05,0.0211,4.0,0.4922,synthetic
7.68,3.5,50.0,22.5,357.2,4.37,2.0,53.0,0.0,,,,22.89,0.05,0.1419,3.0,0.5455,synthetic
7.62,4.5,59.0,79.7,242.0,0.52,6.0,72.0,1.0,,,,23.45,0.0796,0.1899,3.0,0.5032,synthetic
5.96,3.6,58.0,46.5,10.2,4.91,1.0,25.0,1.0,,,,2.3,0.1438,0.1592,2.0,0.5793,synthetic
5.17,6.4,83.0,21.0,289.0,2.74,1.0,37.0,1.0,,,,22.77,0.0661,0.1257,1.0,0.3098,synthetic
9.31,4.1,80.0,40.6,371.6,4.6,4.0,24.0,0.0,,,,0.5,0.108,0.1689,3.0,0.7673,synthetic
5.02,1.5,77.0,17.6,256.8,3.8,5.0,23.0,0.0,,,,1.84,0.1529,0.064,3.0,0.5447,synthetic
7.15,1.1,78.0,16.1,344.6,3.24,6.0,44.0,1.0,,,,0.35,0.0979,0.1332,5.0,0.749,synthetic
5.86,1.0,77.0,27.1,330.1,1.63,4.0,30.0,0.0,,,,21.58,0.0513,0.2439,3.0,0.4903,synthetic
5.82,5.7,83.0,9.7,344.5,0.14,1.0,41.0,1.0,,,,20.85,0.1618,0.1245,0.0,0.4534,synthetic
7.47,2.2,71.0,17.0,137.6,1.38,5.0,42.0,0.0,,,,0.14,0.1333,0.0759,2.0,0.7446,synthetic
8.49,5.1,51.0,84.4,189.7,3.43,3.0,53.0,0.0,,,,1.09,0.152,0.1244,6.0,0.7182,synthetic
8.39,4.8,85.0,60.0,339.2,4.32,2.0,71.0,0.0,,,,1.38,0.2144,0.0445,4.0,0.653,synthetic
8.84,4.4,69.0,82.9,364.2,0.01,2.0,66.0,1.0,,,,0.86,0.2417,0.185,3.0,0.7511,synthetic
5.96,5.4,87.0,23.1,58.7,1.04,6.0,39.0,1.0,,,,20.02,0.105,0.1881,0.0,0.4965,synthetic
6.83,4.8,86.0,77.1,72.6,3.37,1.0,36.0,0.0,,,,1.42,0.2123,0.2397,4.0,0.6004,synthetic
4.55,1.0,66.0,32.6,138.7,1.42,4.0,61.0,1.0,,,,0.23,0.1609,0.0794,1.0,0.597,synthetic
8.23,3.9,87.0,13.0,308.1,0.71,0.0,25.0,1.0,,,,2.92,0.1841,0.1327,7.0,0.7704,synthetic
6.01,5.4,52.0,72.4,350.0,0.41,5.0,48.0,1.0,,,,1.35,0.1329,0.1774,1.0,0.5865,synthetic
7.31,7.8,76.0,5.4,232.1,3.19,1.0,42.0,1.0,,,,23.01,0.05,0.1284,5.0,0.3655,synthetic
5.35,7.9,77.0,36.4,45.3,2.97,7.0,28.0,0.0,,,,0.73,0.2499,0.1335,3.0,0.4418,synthetic
8.6,1.8,84.0,73.7,121.5,4.29,7.0,53.0,1.0,,,,0.31,0.12,0.1276,3.0,0.8032,synthetic
8.59,3.8,69.0,55.5,342.8,1.57,6.0,36.0,1.0,,,,22.36,0.09,0.2168,3.0,0.6075,synthetic
8.89,1.4,60.0,46.6,139.0,0.68,2.0,28.0,0.0,,,,23.73,0.1447,0.197,2.0,0.7359,synthetic
4.73,7.5,52.0,31.8,41.1,4.0,6.0,55.0,0.0,,,,21.43,0.096,0.1861,1.0,0.2419,synthetic
9.46,6.5,69.0,6.8,120.8,4.94,1.0,27.0,1.0,,,,20.61,0.05,0.1347,4.0,0.5809,synthetic
5.74,5.2,68.0,89.2,322.7,1.8,2.0,56.0,1.0,,,,1.13,0.224,0.1654,2.0,0.6245,synthetic
6.05,4.8,64.0,15.7,197.4,4.33,1.0,27.0,0.0,,,,22.69,0.0725,0.2172,8.0,0.368,synthetic
5.75,7.3,75.0,23.0,68.6,3.81,0.0,42.0,0.0,,,,1.29,0.1253,0.1382,7.0,0.428,synthetic
5.84,6.9,71.0,21.2,125.1,4.56,2.0,64.0,1.0,,,,23.42,0.0797,0.0777,2.0,0.2685,synthetic
7.26,6.8,55.0,81.7,381.4,2.12,4.0,31.0,0.0,,,,1.67,0.2356,0.2278,3.0,0.6133,synthetic
5.7,5.4,52.0,68.7,172.8,0.51,6.0,61.0,0.0,,,,1.18,0.2059,0.1386,1.0,0.6139,synthetic
6.47,3.8,86.0,41.2,176.6,0.59,0.0,59.0,1.0,,,,1.35,0.2264,0.1875,4.0,0.658,synthetic
7.78,6.0,80.0,86.0,61.2,3.82,3.0,69.0,1.0,,,,23.01,0.0606,0.198,8.0,0.4468,synthetic
8.68,6.1,69.0,4.8,121.8,4.32,5.0,27.0,0.0,,,,2.73,0.1658,0.1446,5.0,0.6658,synthetic
7.96,4.1,70.0,80.4,325.9,2.29,1.0,58.0,0.0,,,,22.84,0.08,0.1461,1.0,0.5635,synthetic
7.47,3.8,55.0,5.4,314.5,0.3,5.0,71.0,0.0,,,,1.55,0.1995,0.1798,2.0,0.697,synthetic
5.24,6.8,61.0,35.2,174.2,0.33,4.0,61.0,0.0,,,,23.43,0.0567,0.1806,1.0,0.2996,synthetic
8.58,7.8,83.0,4.9,357.5,2.99,4.0,28.0,1.0,,,,21.65,0.05,0.0511,2.0,0.4999,synthetic
4.69,3.0,55.0,89.9,152.1,4.59,0.0,64.0,0.0,,,,0.4,0.1852,0.1092,2.0,0.4783,synthetic
5.82,4.0,54.0,82.3,345.7,2.0,1.0,24.0,0.0,,,,23.28,0.1175,0.2366,2.0,0.4616,synthetic
4.79,5.2,72.0,52.6,12.6,3.25,7.0,51.0,0.0,,,,21.85,0.0807,0.2421,5.0,0.3494,synthetic
7.84,5.5,84.0,19.6,138.9,2.71,7.0,46.0,1.0,,,,22.68,0.05,0.0804,5.0,0.4522,synthetic
6.34,3.5,65.0,24.9,342.0,4.45,3.0,48.0,1.0,,,,21.12,0.05,0.0549,4.0,0.4637,synthetic
7.76,8.3,76.0,40.5,360.5,4.16,4.0,47.0,1.0,,,,2.91,0.1715,0.0936,2.0,0.5933,synthetic
6.24,5.3,86.0,29.1,302.6,1.0,4.0,19.0,0.0,,,,0.5,0.2122,0.2282,4.0,0.6299,synthetic
6.78,5.6,86.0,1.9,267.9,3.39,4.0,46.0,1.0,,,,21.21,0.0989,0.0847,3.0,0.4032,synthetic
6.79,8.0,69.0,59.1,326.2,4.24,5.0,71.0,0.0,,,,1.35,0.0732,0.1664,4.0,0.4683,synthetic
4.73,3.6,62.0,55.2,283.0,4.65,4.0,42.0,1.0,,,,0.21,0.1345,0.1917,6.0,0.4894,synthetic
6.65,4.3,73.0,81.4,101.7,2.95,1.0,33.0,1.0,,,,1.06,0.1855,0.1355,2.0,0.7007,synthetic
7.71,2.0,87.0,42.9,186.5,0.88,0.0,74.0,1.0,,,,0.09,0.1782,0.1918,2.0,0.769,synthetic
7.23,4.2,77.0,31.0,264.3,2.79,6.0,23.0,0.0,,,,20.42,0.05,0.1507,2.0,0.5083,synthetic
4.88,1.5,88.0,46.0,235.1,3.33,5.0,45.0,1.0,,,,21.42,0.05,0.1743,2.0,0.3939,synthetic
7.84,6.0,73.0,17.5,354.0,1.36,1.0,47.0,1.0,,,,1.38,0.1504,0.0986,2.0,0.6455,synthetic
6.04,5.3,51.0,56.3,189.5,4.87,0.0,45.0,1.0,,,,1.28,0.1539,0.1443,3.0,0.5153,synthetic
4.57,3.9,68.0,69.3,71.2,1.15,1.0,70.0,0.0,,,,1.28,0.1574,0.1834,2.0,0.5213,synthetic
5.28,4.3,86.0,13.8,85.8,4.56,4.0,42.0,1.0,,,,20.11,0.0944,0.1245,3.0,0.3195,synthetic
6.99,6.0,51.0,28.7,338.4,2.13,4.0,73.0,1.0,,,,1.64,0.1145,0.0629,2.0,0.5523,synthetic
6.05,2.2,75.0,78.1,3.5,0.0,1.0,21.0,0.0,,,,23.07,0.1227,0.35,3.0,0.4691,synthetic
7.97,4.9,65.0,45.5,347.7,2.72,1.0,59.0,1.0,,,,0.86,0.2115,0.1097,2.0,0.7494,synthetic
5.7,5.9,66.0,47.9,22.2,3.14,1.0,51.0,0.0,,,,21.9,0.0817,0.1198,8.0,0.3238,synthetic
8.36,1.0,73.0,65.0,156.7,4.35,3.0,31.0,1.0,,,,1.39,0.1262,0.1527,3.0,0.8151,synthetic
5.93,5.9,66.0,52.0,320.1,2.7,1.0,30.0,1.0,,,,2.88,0.1928,0.2738,2.0,0.52,synthetic
7.6,1.2,87.0,6.3,163.0,0.47,3.0,59.0,0.0,,,,21.77,0.0838,0.1005,1.0,0.6836,synthetic
8.5,4.3,62.0,72.4,328.9,4.63,0.0,54.0,0.0,,,,1.49,0.168,0.02,4.0,0.7477,synthetic
6.43,2.2,80.0,83.1,40.1,2.83,7.0,52.0,1.0,,,,0.23,0.216,0.2169,3.0,0.6907,synthetic
4.73,7.4,54.0,4.8,204.6,1.36,7.0,20.0,0.0,,,,21.91,0.0639,0.1565,7.0,0.2314,synthetic
7.18,2.2,63.0,10.9,233.0,4.49,2.0,52.0,0.0,,,,22.06,0.05,0.1275,4.0,0.531,synthetic
9.48,1.2,56.0,63.2,356.3,0.6,6.0,73.0,0.0,,,,1.12,0.1944,0.1353,4.0,0.9072,synthetic
9.34,4.8,59.0,54.4,37.4,0.49,4.0,18.0,1.0,,,,21.99,0.102,0.2981,1.0,0.7022,synthetic
5.61,3.7,73.0,34.4,135.4,2.68,0.0,44.0,1.0,,,,20.33,0.1427,0.0378,4.0,0.4304,synthetic
8.28,1.5,64.0,48.5,263.7,3.12,2.0,46.0,1.0,,,,2.12,0.1381,0.1982,8.0,0.8059,synthetic
6.22,5.6,52.0,63.3,392.0,2.55,0.0,69.0,0.0,,,,0.12,0.1734,0.1097,5.0,0.5067,synthetic
5.3,1.0,85.0,45.4,339.3,4.64,5.0,34.0,0.0,,,,1.31,0.0939,0.1721,3.0,0.6375,synthetic
7.83,2.4,77.0,12.6,338.6,1.31,6.0,45.0,1.0,,,,0.22,0.1994,0.1751,2.0,0.7765,synthetic
7.0,3.3,88.0,8.0,206.9,4.95,4.0,58.0,1.0,,,,23.62,0.05,0.0409,5.0,0.3637,synthetic
7.2,6.1,82.0,39.5,225.7,0.1,0.0,21.0,1.0,,,,1.39,0.1673,0.2069,4.0,0.6298,synthetic
8.64,7.1,72.0,83.1,343.4,0.59,1.0,63.0,1.0,,,,20.23,0.05,0.1975,2.0,0.5055,synthetic
6.18,6.7,68.0,50.2,347.9,0.93,3.0,64.0,1.0,,,,22.18,0.0821,0.1791,1.0,0.3806,synthetic
7.84,4.2,88.0,32.2,320.9,0.4,1.0,59.0,0.0,,,,0.39,0.2176,0.086,0.0,0.803,synthetic
6.33,1.0,67.0,81.8,327.4,2.19,0.0,54.0,0.0,,,,2.61,0.1529,0.1586,3.0,0.7039,synthetic
4.71,5.3,72.0,35.0,351.9,4.33,2.0,60.0,1.0,,,,22.76,0.05,0.1246,3.0,0.3369,synthetic
6.39,7.4,63.0,45.8,45.5,4.1,4.0,62.0,1.0,,,,2.83,0.0918,0.1206,1.0,0.4619,synthetic
9.25,7.0,61.0,10.5,117.1,3.72,0.0,69.0,1.0,,,,1.29,0.1877,0.0655,3.0,0.6102,synthetic
6.92,5.4,84.0,66.4,390.4,0.04,7.0,42.0,1.0,,,,23.39,0.1062,0.2004,2.0,0.4868,synthetic
5.04,2.1,60.0,63.0,217.9,4.33,3.0,43.0,0.0,,,,23.0,0.05,0.1811,1.0,0.3937,synthetic
7.94,3.4,56.0,71.5,70.6,1.98,1.0,54.0,0.0,,,,20.91,0.1133,0.1492,3.0,0.5487,synthetic
9.32,8.4,79.0,29.3,201.2,3.66,0.0,29.0,1.0,,,,0.31,0.2021,0.0994,2.0,0.6724,synthetic
9.04,1.7,84.0,39.2,258.3,3.63,7.0,66.0,1.0,,,,20.37,0.05,0.0318,4.0,0.6062,synthetic
7.36,2.2,87.0,15.2,331.3,0.89,4.0,61.0,0.0,,,,23.0,0.05,0.1542,4.0,0.5132,synthetic
6.38,6.4,77.0,86.8,324.9,2.58,6.0,53.0,0.0,,,,21.66,0.05,0.1546,3.0,0.4284,synthetic
7.4,3.6,64.0,7.7,19.7,4.63,6.0,35.0,1.0,,,,2.69,0.1393,0.1298,7.0,0.64,synthetic
8.58,2.1,70.0,58.4,181.4,1.32,7.0,37.0,1.0,,,,22.54,0.05,0.0992,1.0,0.6544,synthetic
8.81,7.6,57.0,63.5,8.2,3.58,7.0,42.0,1.0,,,,23.42,0.095,0.1161,8.0,0.4996,synthetic
8.59,5.4,58.0,14.2,355.3,4.79,6.0,55.0,0.0,,,,22.63,0.05,0.0574,4.0,0.4884,synthetic
4.74,7.8,89.3,7.9,306.2,3.16,0.7,63.8,1.0,2.0,3551.0,2.0,5.42,0.1152,0.0364,6.0,0.2776,synthetic_bad
4.62,8.8,73.0,9.3,361.0,4.05,0.3,33.2,0.0,2.0,1743.0,1.0,2.33,0.0958,0.0685,5.1,0.259,synthetic_bad
3.2,8.0,75.6,13.6,476.6,1.32,0.5,40.2,1.0,2.0,3315.0,2.0,2.91,0.1263,0.0214,10.8,0.1026,synthetic_bad
3.45,7.9,87.1,10.3,202.5,2.33,0.3,36.7,0.0,1.0,1033.0,1.0,3.75,0.0791,0.0378,8.5,0.1687,synthetic_bad
4.9,9.9,82.4,3.0,291.7,4.97,0.8,31.9,0.0,2.0,2741.0,1.0,1.68,0.0611,0.0609,6.3,0.1841,synthetic_bad
3.48,10.0,89.1,6.7,467.0,0.66,0.0,42.4,0.0,2.0,3591.0,1.0,2.27,0.0677,0.0406,9.9,0.0865,synthetic_bad
3.32,7.4,82.8,10.9,342.0,2.75,1.2,65.9,0.0,2.0,2152.0,2.0,4.91,0.1606,0.0657,5.1,0.2131,synthetic_bad
3.0,9.1,76.9,8.3,427.5,1.89,0.2,41.8,1.0,2.0,1084.0,1.0,3.13,0.18,0.0578,6.3,0.1608,synthetic_bad
3.52,9.7,94.3,2.5,311.9,3.5,0.4,37.2,0.0,2.0,2526.0,1.0,3.44,0.16,0.0403,8.7,0.1039,synthetic_bad
3.41,9.9,95.7,11.8,472.4,1.14,0.3,68.1,1.0,2.0,3119.0,2.0,4.45,0.0538,0.0409,4.8,0.1201,synthetic_bad
4.34,7.9,99.1,2.9,461.6,5.57,0.5,57.2,1.0,2.0,3530.0,1.0,4.73,0.0587,0.0919,8.4,0.2253,synthetic_bad
3.37,9.4,77.6,5.2,306.1,4.75,0.1,41.6,0.0,2.0,1827.0,1.0,4.96,0.068,0.0696,7.6,0.1397,synthetic_bad
3.65,8.0,80.7,11.0,151.8,0.49,1.3,58.7,0.0,2.0,1494.0,1.0,5.08,0.1232,0.0662,8.2,0.1197,synthetic_bad
3.3,8.9,79.9,14.5,348.2,1.96,0.6,53.7,1.0,2.0,2900.0,1.0,2.68,0.1632,0.0614,10.6,0.05,synthetic_bad
3.3,8.5,98.0,13.4,221.4,0.26,1.4,63.5,1.0,1.0,1375.0,1.0,4.1,0.1271,0.0373,7.9,0.1498,synthetic_bad
3.13,9.1,88.7,14.5,234.2,0.74,0.1,30.0,1.0,2.0,1350.0,1.0,1.94,0.1057,0.0459,7.3,0.1022,synthetic_bad
3.75,9.7,97.8,6.0,300.4,2.54,0.3,49.3,0.0,2.0,1138.0,2.0,5.38,0.0723,0.02,4.0,0.1266,synthetic_bad
3.57,7.3,96.9,6.5,307.5,1.98,1.3,56.6,1.0,1.0,1786.0,2.0,2.57,0.0914,0.0441,7.4,0.1901,synthetic_bad
2.64,7.7,78.9,2.4,451.2,3.12,0.7,69.9,0.0,2.0,2037.0,2.0,3.06,0.1027,0.0445,6.0,0.2322,synthetic_bad
4.83,8.8,84.0,7.1,161.0,1.75,0.1,52.1,0.0,2.0,3037.0,2.0,5.22,0.1265,0.0737,6.8,0.1953,synthetic_bad
3.37,8.1,83.6,11.7,253.3,1.99,0.1,31.3,1.0,2.0,877.0,2.0,4.02,0.085,0.0449,6.1,0.2016,synthetic_bad
4.39,8.7,85.6,1.0,371.3,5.75,1.3,68.7,1.0,2.0,1991.0,1.0,2.65,0.112,0.0796,8.0,0.1751,synthetic_bad
4.77,9.3,99.9,4.8,367.7,5.25,0.4,45.6,0.0,2.0,2802.0,1.0,1.85,0.1083,0.0535,5.0,0.1846,synthetic_bad
2.53,9.1,76.9,13.9,261.2,0.08,0.6,47.0,0.0,1.0,2407.0,1.0,3.45,0.103,0.0637,7.4,0.0742,synthetic_bad
2.81,9.3,93.6,2.7,212.3,3.61,1.3,36.4,0.0,1.0,3258.0,1.0,3.86,0.0881,0.0592,4.9,0.0887,synthetic_bad
2.98,7.5,78.4,4.5,247.0,0.85,1.0,61.6,0.0,1.0,3623.0,2.0,4.17,0.1036,0.0775,3.4,0.1794,synthetic_bad
4.71,7.1,92.7,14.0,462.3,4.74,1.2,48.8,1.0,2.0,1245.0,1.0,2.16,0.0971,0.0902,6.3,0.267,synthetic_bad
3.86,9.6,77.7,5.2,242.0,5.02,0.7,68.8,0.0,1.0,3680.0,2.0,4.32,0.0765,0.0353,7.9,0.0981,synthetic_bad
3.28,8.4,86.8,12.5,322.1,3.96,1.0,48.4,0.0,2.0,3599.0,1.0,2.95,0.1265,0.104,5.4,0.1812,synthetic_bad
2.61,8.9,90.7,4.3,479.8,4.04,0.9,33.1,1.0,2.0,1773.0,2.0,5.28,0.1472,0.0386,7.3,0.1084,synthetic_bad
2.59,7.2,84.1,3.9,191.4,5.11,0.3,59.7,0.0,1.0,3347.0,2.0,4.11,0.1051,0.0554,6.3,0.1516,synthetic_bad
3.94,9.1,99.1,2.8,454.8,0.61,0.9,31.6,1.0,1.0,2303.0,1.0,5.17,0.0986,0.0468,4.9,0.2024,synthetic_bad
4.26,7.3,91.8,0.9,410.2,4.25,1.4,37.8,1.0,2.0,3338.0,2.0,1.62,0.1228,0.0977,8.1,0.2207,synthetic_bad
3.46,9.4,76.4,6.2,319.9,0.72,0.5,67.3,0.0,2.0,3118.0,2.0,5.11,0.1056,0.0335,5.7,0.1403,synthetic_bad
3.22,7.2,82.4,10.7,482.1,0.25,0.7,68.9,0.0,2.0,3868.0,1.0,5.01,0.1342,0.0779,7.7,0.1386,synthetic_bad
4.52,7.2,80.8,7.6,176.0,3.83,0.6,59.9,0.0,2.0,1274.0,1.0,3.54,0.1032,0.02,4.1,0.2902,synthetic_bad
4.66,8.0,80.3,6.1,449.1,1.63,1.0,34.3,0.0,1.0,3076.0,2.0,5.41,0.1176,0.0803,7.3,0.2957,synthetic_bad
3.46,7.6,77.9,3.1,219.2,0.28,0.9,58.4,1.0,2.0,549.0,2.0,4.5,0.152,0.0552,8.2,0.202,synthetic_bad
4.37,10.0,77.2,10.3,274.0,0.38,0.7,51.7,0.0,1.0,3726.0,1.0,5.48,0.138,0.0506,7.7,0.1465,synthetic_bad
4.67,8.4,96.4,3.8,192.8,5.88,0.1,45.1,1.0,1.0,1196.0,2.0,4.53,0.0953,0.0427,8.8,0.1739,synthetic_bad
3.45,8.4,99.7,0.5,323.4,1.34,0.4,45.1,0.0,1.0,1807.0,1.0,5.16,0.1324,0.0583,8.3,0.1931,synthetic_bad
2.9,7.1,76.5,14.5,209.2,2.45,0.5,45.4,1.0,2.0,3451.0,1.0,2.29,0.068,0.0511,7.6,0.1648,synthetic_bad
3.42,8.5,94.2,14.1,239.3,1.6,1.1,39.5,1.0,1.0,2172.0,1.0,2.29,0.094,0.0227,8.7,0.1175,synthetic_bad
2.66,7.2,78.4,3.2,170.9,5.61,0.6,49.2,1.0,1.0,2823.0,1.0,3.53,0.125,0.0404,6.3,0.1601,synthetic_bad
2.59,8.9,86.6,3.6,256.8,0.44,0.6,26.6,1.0,2.0,1765.0,1.0,4.42,0.1459,0.08,8.0,0.1517,synthetic_bad
4.56,9.9,77.5,8.7,207.3,3.26,0.7,63.2,1.0,2.0,2444.0,2.0,2.56,0.0775,0.0499,7.0,0.1584,synthetic_bad
4.63,8.0,79.6,6.4,389.9,2.87,0.6,65.4,1.0,2.0,3459.0,2.0,3.17,0.0992,0.0402,10.7,0.202,synthetic_bad
4.12,9.4,83.5,13.3,373.4,4.15,1.1,42.6,0.0,2.0,3624.0,2.0,2.19,0.1001,0.0612,7.5,0.1504,synthetic_bad
4.64,9.9,91.7,6.4,382.9,5.39,1.0,67.7,0.0,2.0,2097.0,1.0,5.2,0.0972,0.0722,4.4,0.202,synthetic_bad
4.84,9.9,85.3,2.0,386.6,0.0,1.1,59.9,0.0,2.0,3021.0,2.0,4.48,0.0635,0.0763,7.5,0.1621,synthetic_bad
4.22,9.2,94.7,8.2,186.1,0.1,0.3,63.2,0.0,2.0,2135.0,2.0,1.65,0.115,0.0684,5.1,0.2346,synthetic_bad
4.78,9.6,74.7,1.7,224.8,2.26,1.1,65.1,1.0,2.0,3789.0,1.0,1.59,0.0617,0.0902,8.5,0.1714,synthetic_bad
4.8,8.1,88.0,6.7,408.1,2.41,0.4,40.3,0.0,1.0,3046.0,1.0,5.48,0.1341,0.0612,8.5,0.195,synthetic_bad
3.19,8.8,75.0,8.7,318.8,5.34,0.0,61.6,0.0,1.0,2009.0,1.0,3.08,0.1405,0.0541,5.8,0.1674,synthetic_bad
4.87,9.0,75.3,14.2,370.5,1.67,1.0,31.5,1.0,2.0,2243.0,1.0,3.91,0.0808,0.0818,4.9,0.2375,synthetic_bad
4.96,7.7,80.6,4.4,169.8,5.09,0.0,69.0,0.0,1.0,1141.0,2.0,5.29,0.0619,0.0423,7.3,0.2654,synthetic_bad
3.2,7.9,74.9,9.7,285.2,0.54,0.1,51.8,0.0,2.0,3794.0,1.0,5.32,0.099,0.0499,5.2,0.1798,synthetic_bad
4.07,8.1,93.7,0.0,303.3,0.46,0.1,56.2,1.0,2.0,1393.0,1.0,1.88,0.0844,0.0202,5.3,0.2058,synthetic_bad
3.05,7.2,86.2,13.1,392.3,4.47,0.9,38.8,0.0,2.0,1135.0,2.0,4.04,0.0937,0.1053,6.0,0.2261,synthetic_bad
3.48,8.4,90.0,4.8,469.2,4.58,0.3,26.4,0.0,2.0,2082.0,2.0,5.47,0.1027,0.1121,8.2,0.2057,synthetic_bad
4.06,9.4,73.6,3.6,351.1,0.57,1.2,32.3,1.0,2.0,3042.0,1.0,2.22,0.0721,0.0556,4.0,0.1468,synthetic_bad
2.59,8.9,78.3,1.5,416.4,5.96,0.5,31.4,1.0,1.0,2889.0,2.0,4.15,0.1498,0.0791,5.5,0.1309,synthetic_bad
4.12,8.9,86.7,11.8,375.2,0.48,0.5,44.9,1.0,2.0,1391.0,1.0,4.6,0.0808,0.0775,11.8,0.1099,synthetic_bad
3.72,8.8,74.3,0.8,468.5,5.31,0.8,38.2,0.0,2.0,1427.0,1.0,1.8,0.1281,0.0647,10.9,0.0972,synthetic_bad
2.81,7.1,76.5,9.3,433.8,1.16,1.2,67.5,0.0,2.0,1325.0,1.0,3.05,0.0733,0.0904,9.4,0.0967,synthetic_bad
4.21,7.0,72.6,4.7,236.6,0.13,1.0,62.9,1.0,2.0,2611.0,2.0,2.32,0.1018,0.0284,7.1,0.2551,synthetic_bad
4.86,7.5,97.5,10.7,227.8,5.13,0.3,49.3,1.0,2.0,3850.0,1.0,1.73,0.1135,0.0554,8.5,0.2367,synthetic_bad
2.51,9.7,84.1,14.5,469.2,1.11,1.1,63.4,0.0,2.0,3613.0,1.0,1.9,0.1041,0.02,6.2,0.0611,synthetic_bad
3.59,9.6,73.3,4.1,359.1,3.18,0.8,51.3,1.0,2.0,2266.0,2.0,2.87,0.0924,0.0347,3.0,0.2044,synthetic_bad
2.82,8.7,84.9,9.3,307.4,4.96,1.5,66.4,1.0,1.0,1822.0,2.0,3.82,0.0852,0.02,5.9,0.1167,synthetic_bad
3.02,8.2,96.9,5.6,395.0,0.93,0.8,58.5,0.0,2.0,1885.0,1.0,5.31,0.0878,0.02,6.1,0.1439,synthetic_bad
3.73,9.9,77.3,7.6,248.6,4.45,0.4,58.1,0.0,2.0,3322.0,1.0,5.24,0.0797,0.0476,7.1,0.088,synthetic_bad
3.23,7.2,78.7,1.2,433.0,3.19,1.1,37.4,1.0,2.0,2777.0,1.0,4.99,0.11,0.0691,8.0,0.1634,synthetic_bad
4.12,7.3,99.5,3.1,334.7,1.54,0.0,60.8,0.0,2.0,644.0,1.0,4.59,0.1549,0.0434,10.3,0.2382,synthetic_bad
3.16,8.9,95.9,11.9,454.8,0.25,1.1,59.8,0.0,2.0,765.0,1.0,1.66,0.1108,0.0464,7.1,0.1476,synthetic_bad
4.44,8.6,87.4,5.2,375.3,1.58,0.8,28.6,0.0,1.0,2185.0,2.0,3.12,0.1179,0.0416,5.0,0.2614,synthetic_bad
2.96,9.9,77.2,0.0,241.1,2.55,0.3,27.6,1.0,2.0,2363.0,1.0,4.62,0.1325,0.0635,6.6,0.0737,synthetic_bad
4.77,9.4,78.1,4.8,487.9,2.21,0.0,64.7,0.0,2.0,3862.0,1.0,5.37,0.0865,0.0449,8.3,0.1849,synthetic_bad
3.5,9.8,96.1,10.0,290.9,4.3,0.1,69.0,1.0,1.0,994.0,2.0,3.35,0.0459,0.0348,6.8,0.1364,synthetic_bad
2.64,9.2,90.9,14.6,418.1,2.46,0.1,52.2,1.0,1.0,3327.0,1.0,4.31,0.1001,0.0833,5.4,0.1338,synthetic_bad
2.75,9.8,81.8,12.8,239.4,2.28,0.7,32.7,1.0,2.0,3634.0,1.0,5.48,0.1256,0.0382,8.0,0.1081,synthetic_bad
3.83,9.1,72.7,11.4,296.0,4.87,1.1,44.0,0.0,2.0,1822.0,2.0,3.99,0.1603,0.0282,4.7,0.2009,synthetic_bad
4.78,8.6,75.8,13.9,408.4,2.78,0.2,25.9,1.0,2.0,1066.0,1.0,4.62,0.0706,0.0785,5.2,0.2444,synthetic_bad
3.79,8.7,92.4,9.9,393.7,5.91,0.2,62.0,1.0,1.0,1362.0,2.0,5.37,0.133,0.02,7.8,0.0992,synthetic_bad
3.63,9.7,90.2,7.8,478.6,3.45,1.2,29.6,1.0,2.0,2820.0,1.0,4.34,0.1078,0.0907,5.4,0.1616,synthetic_bad
4.43,7.3,82.0,8.1,429.2,5.62,0.3,40.1,0.0,2.0,744.0,1.0,2.03,0.0883,0.0343,6.3,0.2701,synthetic_bad
3.07,8.7,88.6,14.2,263.5,5.29,1.2,50.3,0.0,2.0,3600.0,1.0,5.42,0.0686,0.062,7.0,0.1596,synthetic_bad
4.19,8.2,93.1,0.0,452.2,2.48,0.1,56.4,1.0,2.0,3148.0,2.0,4.72,0.0825,0.0351,6.9,0.185,synthetic_bad
3.05,9.0,90.0,7.7,472.4,3.68,1.3,65.8,1.0,2.0,3281.0,1.0,2.56,0.1172,0.0603,5.1,0.148,synthetic_bad
4.61,8.8,78.7,11.5,483.9,0.84,1.1,44.0,1.0,2.0,3091.0,2.0,5.45,0.1367,0.047,7.7,0.1631,synthetic_bad
4.7,8.2,98.6,0.6,465.2,3.16,0.2,33.6,1.0,1.0,950.0,2.0,1.82,0.04,0.0354,5.2,0.2053,synthetic_bad
2.99,9.1,72.7,12.3,393.4,2.54,0.5,29.9,0.0,1.0,3058.0,1.0,5.26,0.1154,0.02,10.3,0.0876,synthetic_bad
2.86,8.6,87.6,12.7,428.5,2.9,0.5,54.6,0.0,2.0,2597.0,1.0,4.86,0.0828,0.0465,6.2,0.1649,synthetic_bad
4.31,7.6,78.3,7.9,376.7,1.11,0.2,30.8,0.0,1.0,678.0,1.0,2.6,0.0856,0.0719,8.2,0.2543,synthetic_bad
4.13,8.9,91.8,12.4,261.9,5.2,0.6,54.6,1.0,1.0,1496.0,2.0,4.94,0.1125,0.0769,8.5,0.1775,synthetic_bad
4.05,7.1,87.7,2.1,435.6,0.48,1.0,45.5,0.0,2.0,1981.0,1.0,1.74,0.1576,0.042,6.3,0.3,synthetic_bad
3.77,9.5,77.5,14.1,229.6,4.69,1.1,43.7,1.0,2.0,2400.0,1.0,5.31,0.0785,0.0421,5.1,0.1515,synthetic_bad
2.82,9.7,86.2,0.7,301.0,5.66,0.3,36.7,0.0,1.0,1132.0,1.0,3.92,0.0971,0.0556,8.5,0.0908,synthetic_bad
4.3,7.2,86.6,0.6,270.2,0.64,1.1,65.6,0.0,2.0,2345.0,1.0,3.58,0.0527,0.06,4.2,0.2431,synthetic_bad
2.91,7.8,83.8,7.9,210.3,2.6,0.4,57.2,0.0,1.0,3852.0,1.0,5.46,0.1132,0.0599,4.5,0.1126,synthetic_bad
3.86,7.4,73.2,11.0,429.6,3.51,0.1,48.6,1.0,1.0,1741.0,1.0,1.61,0.0793,0.0492,8.2,0.1898,synthetic_bad
3.37,9.3,77.8,10.5,315.2,5.95,0.3,44.1,1.0,1.0,1030.0,2.0,3.55,0.1473,0.0509,6.6,0.1344,synthetic_bad
3.33,7.2,99.1,8.3,334.4,5.19,0.5,41.2,0.0,2.0,2141.0,1.0,4.44,0.1108,0.0528,5.6,0.223,synthetic_bad
4.58,8.6,77.3,11.8,325.7,2.49,0.1,43.0,0.0,1.0,2077.0,2.0,1.95,0.0915,0.02,6.0,0.2141,synthetic_bad
3.64,8.2,84.8,9.1,391.3,5.81,0.1,63.4,1.0,2.0,3710.0,1.0,1.56,0.0917,0.0499,5.4,0.2079,synthetic_bad
3.73,9.3,80.2,12.8,211.6,1.99,0.5,44.0,1.0,1.0,2118.0,1.0,3.96,0.1109,0.0796,11.4,0.1437,synthetic_bad
4.74,8.9,93.2,1.7,325.3,2.04,1.4,25.2,1.0,1.0,1352.0,2.0,2.85,0.1207,0.0948,9.0,0.2117,synthetic_bad
3.9,8.6,88.2,14.7,241.1,3.04,1.0,66.5,1.0,1.0,1286.0,2.0,3.43,0.0649,0.0894,5.4,0.1787,synthetic_bad
4.5,8.5,92.0,13.2,490.1,4.68,1.4,51.7,0.0,2.0,621.0,2.0,3.99,0.0955,0.0623,6.4,0.1575,synthetic_bad
4.66,9.3,89.8,13.4,171.1,1.15,0.1,32.5,0.0,2.0,3095.0,1.0,3.04,0.0999,0.0303,8.2,0.1472,synthetic_bad
4.24,8.4,86.1,5.5,474.9,4.45,1.3,30.7,1.0,1.0,1437.0,2.0,2.36,0.1064,0.0463,5.0,0.2586,synthetic_bad
2.86,8.3,98.9,14.2,171.0,0.02,0.2,41.9,1.0,2.0,3258.0,2.0,2.45,0.1392,0.041,5.9,0.1428,synthetic_bad
2.8,7.1,91.7,2.1,188.2,1.57,0.4,52.6,1.0,1.0,2426.0,2.0,2.25,0.0572,0.0248,6.4,0.1925,synthetic_bad
3.59,7.8,91.3,1.2,467.2,5.85,0.2,67.3,1.0,1.0,2991.0,2.0,4.36,0.1287,0.0364,5.2,0.2294,synthetic_bad
2.66,8.1,91.3,6.0,376.7,3.94,0.6,27.5,1.0,1.0,1211.0,1.0,2.04,0.1109,0.0418,9.2,0.1061,synthetic_bad
3.25,8.7,85.1,14.0,263.5,2.78,0.3,40.9,0.0,1.0,1042.0,2.0,5.39,0.0851,0.0251,5.6,0.1513,synthetic_bad
3.02,9.0,90.0,14.5,355.9,4.39,1.1,36.6,0.0,2.0,1964.0,1.0,1.52,0.1242,0.0833,6.8,0.1133,synthetic_bad
2.6,9.9,88.9,7.4,208.2,2.61,1.1,44.0,1.0,2.0,1749.0,1.0,2.71,0.0885,0.0752,7.2,0.123,synthetic_bad
3.5,7.8,96.9,11.3,172.7,0.64,0.4,60.6,0.0,2.0,2272.0,2.0,4.71,0.0456,0.0588,10.2,0.118,synthetic_bad
3.12,8.6,99.4,8.1,167.2,2.99,1.2,32.1,1.0,2.0,3119.0,1.0,1.86,0.04,0.0695,6.8,0.1639,synthetic_bad
2.75,9.3,85.5,1.7,244.5,5.73,0.2,67.1,1.0,2.0,3681.0,1.0,3.85,0.0635,0.0676,11.3,0.0653,synthetic_bad
4.33,7.9,88.8,9.8,212.8,1.64,0.1,36.5,1.0,2.0,2580.0,1.0,2.66,0.0837,0.0417,6.3,0.2442,synthetic_bad
4.78,8.6,80.1,2.2,291.2,0.32,0.2,58.9,0.0,1.0,1291.0,1.0,5.36,0.1052,0.105,6.6,0.231,synthetic_bad
4.05,8.3,95.7,9.8,456.8,4.45,0.4,53.8,1.0,1.0,1534.0,2.0,2.38,0.1179,0.0408,8.9,0.1396,synthetic_bad
4.82,8.2,91.9,3.6,282.5,2.73,0.1,49.7,0.0,1.0,3670.0,2.0,1.78,0.0923,0.02,10.8,0.1593,synthetic_bad
2.92,7.2,97.9,3.9,289.5,2.01,0.2,63.0,0.0,1.0,1234.0,2.0,3.95,0.0577,0.064,6.5,0.1625,synthetic_bad
4.42,7.1,88.9,10.1,192.3,2.93,0.5,52.3,1.0,1.0,832.0,2.0,3.0,0.0886,0.0741,9.5,0.2393,synthetic_bad
3.52,7.9,91.8,7.0,496.0,5.58,1.3,60.2,0.0,2.0,3724.0,1.0,5.12,0.0935,0.0525,8.7,0.186,synthetic_bad
3.72,9.7,74.7,12.5,200.8,1.5,1.3,51.5,1.0,2.0,593.0,2.0,5.16,0.1521,0.0911,5.5,0.1676,synthetic_bad
4.16,7.6,89.0,10.2,268.4,1.2,1.5,57.4,1.0,2.0,3121.0,1.0,4.68,0.1167,0.0645,7.0,0.2381,synthetic_bad
4.46,7.2,82.5,4.4,481.0,3.2,0.1,27.1,0.0,2.0,1010.0,2.0,2.01,0.0503,0.0395,6.9,0.2755,synthetic_bad
2.65,8.9,86.2,11.7,309.2,2.78,0.0,54.0,0.0,1.0,2832.0,2.0,4.13,0.0905,0.0452,4.9,0.0776,synthetic_bad
3.47,9.9,81.1,1.0,268.3,0.9,0.8,65.0,0.0,1.0,1153.0,2.0,1.87,0.1209,0.0637,7.3,0.0576,synthetic_bad
4.41,7.2,80.0,11.0,400.3,3.48,0.9,54.3,1.0,2.0,3640.0,2.0,1.6,0.1006,0.062,7.2,0.2151,synthetic_bad
3.84,9.2,95.0,5.8,161.6,3.45,0.4,61.8,1.0,2.0,675.0,1.0,2.29,0.0513,0.0903,7.7,0.1666,synthetic_bad
3.35,7.3,87.6,4.5,262.4,3.63,1.2,69.6,0.0,2.0,1566.0,2.0,3.48,0.1246,0.0809,7.1,0.1509,synthetic_bad
2.6,7.4,79.1,7.8,353.1,2.48,1.4,32.0,1.0,2.0,3241.0,1.0,3.3,0.1109,0.0208,5.7,0.1686,synthetic_bad
2.52,9.8,93.5,13.6,496.9,1.74,0.5,56.0,0.0,2.0,2486.0,1.0,4.6,0.0953,0.0558,11.9,0.05,synthetic_bad
3.56,9.1,74.1,3.9,488.6,1.97,1.4,65.4,0.0,2.0,1977.0,1.0,3.59,0.0758,0.0289,7.4,0.137,synthetic_bad
3.71,8.7,80.2,15.0,369.2,5.01,0.2,26.3,1.0,2.0,2024.0,1.0,2.56,0.1304,0.0965,9.6,0.1412,synthetic_bad
3.07,7.5,81.4,8.8,269.0,3.75,0.7,32.8,0.0,2.0,2258.0,2.0,2.06,0.0456,0.0357,7.9,0.1632,synthetic_bad
4.5,8.7,77.0,3.8,342.5,2.39,0.3,36.2,1.0,1.0,3982.0,1.0,3.78,0.0534,0.0651,10.0,0.156,synthetic_bad
4.31,7.2,95.6,10.4,476.9,3.68,0.9,64.6,0.0,2.0,2858.0,1.0,4.2,0.078,0.0426,5.4,0.2811,synthetic_bad
2.97,8.2,90.9,11.0,383.5,2.1,0.1,69.0,1.0,2.0,2205.0,1.0,2.35,0.1091,0.02,6.8,0.1825,synthetic_bad
2.97,9.1,90.8,8.0,202.2,5.18,0.8,66.1,1.0,2.0,1626.0,1.0,4.03,0.0591,0.0286,6.1,0.1487,synthetic_bad
4.66,8.7,88.6,2.0,490.0,4.37,0.3,46.3,1.0,2.0,2263.0,1.0,4.94,0.0837,0.0538,5.9,0.2161,synthetic_bad
4.8,9.0,82.6,12.2,465.8,0.61,0.6,55.0,1.0,2.0,3729.0,2.0,2.47,0.0898,0.0742,7.5,0.1824,synthetic_bad
4.96,7.3,90.5,12.2,225.9,0.34,1.0,29.7,0.0,2.0,1266.0,2.0,4.78,0.1103,0.0733,6.5,0.2905,synthetic_bad
4.22,9.3,92.6,11.5,379.9,0.2,0.5,69.1,0.0,2.0,1709.0,1.0,5.3,0.0917,0.0267,4.1,0.2503,synthetic_bad
4.82,9.9,87.1,11.3,457.4,0.17,0.8,67.5,1.0,2.0,727.0,1.0,5.25,0.0918,0.0678,6.4,0.1875,synthetic_bad
2.87,9.7,85.2,5.7,227.2,2.98,1.5,51.8,0.0,1.0,2702.0,1.0,2.06,0.0788,0.0837,6.2,0.1199,synthetic_bad
2.89,7.3,78.3,7.4,473.3,1.09,1.3,31.4,0.0,2.0,3185.0,2.0,1.7,0.1327,0.0728,8.8,0.1801,synthetic_bad
2.6,7.3,74.4,9.9,213.0,4.05,1.5,67.6,1.0,2.0,2712.0,1.0,4.41,0.1198,0.051,4.1,0.2159,synthetic_bad
3.85,8.5,73.2,2.5,275.0,2.9,0.3,65.3,1.0,2.0,3341.0,1.0,3.03,0.1187,0.0612,6.0,0.2257,synthetic_bad
3.05,8.6,92.0,9.1,480.1,0.56,0.7,69.6,1.0,1.0,3198.0,1.0,2.21,0.0767,0.0638,5.5,0.1212,synthetic_bad
3.92,9.6,81.8,1.7,481.3,0.03,1.2,47.9,1.0,2.0,3904.0,1.0,3.29,0.0846,0.0949,8.5,0.1076,synthetic_bad
2.52,8.1,91.8,12.7,158.1,0.22,1.4,40.7,1.0,2.0,2084.0,1.0,3.67,0.1143,0.1025,5.9,0.1496,synthetic_bad
3.82,8.5,86.2,1.8,453.2,3.2,0.4,42.0,1.0,1.0,794.0,2.0,2.15,0.0824,0.0761,9.1,0.1835,synthetic_bad
4.72,7.6,84.5,11.6,392.8,3.52,1.5,47.4,0.0,1.0,2374.0,1.0,1.65,0.0722,0.0613,6.9,0.2842,synthetic_bad
4.31,9.8,89.6,3.3,455.1,2.12,0.7,66.1,0.0,1.0,3199.0,2.0,4.63,0.1087,0.0592,8.0,0.1452,synthetic_bad
3.42,7.4,77.1,13.9,311.7,0.47,1.2,30.8,0.0,2.0,1924.0,1.0,3.32,0.0608,0.0618,9.2,0.1929,synthetic_bad
2.67,9.7,99.4,9.9,493.5,5.61,0.8,54.2,1.0,2.0,2072.0,1.0,2.48,0.0937,0.0651,4.6,0.0976,synthetic_bad
3.11,9.7,81.2,6.5,411.9,2.43,0.4,66.2,1.0,2.0,3081.0,1.0,5.32,0.1268,0.0471,6.5,0.0897,synthetic_bad
3.76,7.2,93.5,0.7,415.8,2.58,0.2,37.3,0.0,1.0,559.0,1.0,4.54,0.1044,0.1092,7.8,0.187,synthetic_bad
3.14,9.3,78.9,9.1,299.4,2.29,0.2,48.6,1.0,2.0,2800.0,1.0,3.11,0.0686,0.0402,7.4,0.102,synthetic_bad
4.44,8.0,85.1,5.7,287.3,0.36,1.0,60.8,1.0,1.0,2975.0,1.0,2.59,0.1142,0.0924,4.4,0.2558,synthetic_bad
4.84,7.7,86.0,12.0,221.9,4.26,0.8,48.2,0.0,2.0,3897.0,2.0,4.42,0.082,0.02,8.4,0.2601,synthetic_bad
2.94,8.2,80.6,11.9,170.4,3.99,0.6,48.7,1.0,2.0,3055.0,2.0,4.4,0.1254,0.0531,7.1,0.1606,synthetic_bad
2.51,9.8,81.8,10.3,465.5,0.99,0.9,59.5,0.0,1.0,958.0,2.0,5.04,0.1153,0.0515,7.3,0.0685,synthetic_bad
2.71,8.2,84.2,4.0,356.7,1.61,0.8,32.4,1.0,2.0,2244.0,1.0,1.55,0.0896,0.0657,6.6,0.1407,synthetic_bad
4.51,7.7,95.4,2.6,345.3,3.28,0.2,57.2,1.0,2.0,1921.0,1.0,4.02,0.0775,0.0509,3.0,0.2743,synthetic_bad
2.63,8.6,86.0,7.5,268.3,2.26,0.4,66.1,1.0,2.0,1903.0,1.0,2.63,0.0745,0.0946,8.1,0.0613,synthetic_bad
4.37,8.2,74.5,6.8,408.9,5.99,0.6,29.6,1.0,2.0,3248.0,1.0,5.4,0.1777,0.0539,8.2,0.1809,synthetic_bad
3.51,7.1,78.1,10.1,292.4,2.98,0.6,27.7,1.0,1.0,2534.0,1.0,1.6,0.04,0.0343,6.2,0.2337,synthetic_bad
3.57,7.6,99.6,8.0,433.3,5.29,1.4,28.9,0.0,2.0,3058.0,1.0,3.45,0.0472,0.0359,4.0,0.2222,synthetic_bad
4.33,7.1,74.5,7.4,177.9,1.23,1.4,58.1,0.0,1.0,3110.0,2.0,4.34,0.1331,0.0482,5.9,0.2378,synthetic_bad
3.3,8.6,90.1,7.2,236.6,3.34,0.8,42.6,1.0,2.0,2909.0,1.0,4.51,0.1266,0.0781,9.0,0.1668,synthetic_bad
4.53,8.9,77.9,7.6,249.2,1.93,0.4,45.9,1.0,2.0,3152.0,1.0,4.03,0.1108,0.0826,6.2,0.2563,synthetic_bad
2.74,9.2,84.1,13.1,158.2,5.61,1.2,57.8,0.0,2.0,1265.0,2.0,3.39,0.0402,0.0299,7.0,0.1207,synthetic_bad
4.3,7.6,82.0,2.6,382.2,3.31,0.3,48.5,1.0,1.0,845.0,2.0,5.14,0.1162,0.04,6.3,0.2517,synthetic_bad
4.76,9.4,99.4,0.3,395.6,3.92,0.7,52.0,1.0,2.0,1064.0,1.0,3.81,0.0706,0.0334,7.6,0.1868,synthetic_bad
2.91,8.2,87.4,3.3,294.7,0.46,1.5,63.3,1.0,1.0,3331.0,1.0,3.58,0.097,0.0529,4.4,0.1729,synthetic_bad
3.89,7.1,79.0,4.7,428.4,2.93,1.3,45.3,0.0,2.0,3846.0,1.0,4.93,0.1122,0.084,6.6,0.2435,synthetic_bad
4.1,9.8,88.9,9.2,483.8,3.48,1.4,64.4,1.0,2.0,3779.0,1.0,3.27,0.1152,0.0643,9.2,0.1403,synthetic_bad
2.83,9.1,74.0,12.6,407.8,1.74,0.1,48.5,0.0,2.0,545.0,1.0,3.93,0.0805,0.0738,5.2,0.1487,synthetic_bad
3.86,8.7,97.9,10.7,385.6,4.41,0.7,43.1,0.0,1.0,3983.0,2.0,2.82,0.1385,0.0787,6.5,0.1996,synthetic_bad
3.13,7.1,81.6,15.0,307.4,2.8,1.2,36.7,1.0,2.0,3603.0,2.0,2.35,0.1244,0.0453,9.1,0.0869,synthetic_bad
4.38,7.0,96.7,0.0,343.7,3.37,0.2,57.9,0.0,2.0,1196.0,2.0,3.34,0.0712,0.028,8.5,0.2618,synthetic_bad
3.92,8.7,94.7,2.9,250.8,2.17,1.2,53.0,0.0,2.0,2451.0,1.0,2.84,0.0856,0.0453,7.9,0.168,synthetic_bad
3.53,9.6,77.2,1.3,235.4,4.06,0.5,61.4,1.0,2.0,3946.0,2.0,1.65,0.0772,0.0805,7.8,0.0815,synthetic_bad
4.36,8.9,98.9,10.0,159.2,0.62,1.3,49.6,1.0,1.0,2148.0,1.0,3.45,0.0981,0.0751,7.7,0.1884,synthetic_bad
4.33,7.0,99.8,6.4,318.3,3.04,0.6,64.0,0.0,2.0,3837.0,1.0,4.12,0.1189,0.062,6.5,0.2723,synthetic_bad
3.03,8.9,94.5,4.7,228.8,5.37,0.4,37.9,1.0,1.0,2403.0,1.0,1.71,0.0445,0.0837,9.2,0.0558,synthetic_bad
2.56,8.0,84.6,4.7,313.6,1.41,1.4,57.9,1.0,2.0,1705.0,1.0,3.77,0.0405,0.0636,6.1,0.1209,synthetic_bad
3.12,7.4,90.8,13.4,434.3,5.21,1.1,42.7,1.0,2.0,1062.0,2.0,2.74,0.075,0.0517,5.0,0.1762,synthetic_bad
4.71,9.4,74.3,1.1,278.5,5.31,0.7,30.1,1.0,2.0,864.0,1.0,1.66,0.1406,0.0208,4.2,0.1996,synthetic_bad
3.49,8.7,97.8,4.7,262.7,1.38,1.4,48.8,0.0,2.0,2973.0,1.0,1.89,0.1071,0.0918,5.8,0.1889,synthetic_bad
3.0,9.2,78.2,7.5,306.4,0.48,0.9,35.4,1.0,2.0,1647.0,2.0,4.37,0.1473,0.0576,5.7,0.1199,synthetic_bad
3.42,7.5,92.1,6.2,323.4,4.59,0.9,27.8,0.0,1.0,1927.0,1.0,3.66,0.0953,0.0487,5.6,0.212,synthetic_bad
3.46,7.3,94.4,10.3,245.4,5.75,0.5,41.3,1.0,2.0,3780.0,2.0,5.32,0.0747,0.0574,4.6,0.2448,synthetic_bad
3.64,8.5,99.1,9.1,360.0,1.53,1.3,69.0,1.0,2.0,1199.0,2.0,4.23,0.0497,0.0975,7.7,0.1475,synthetic_bad
3.63,8.6,95.1,12.0,160.1,5.48,0.9,65.2,1.0,2.0,1806.0,1.0,5.35,0.0751,0.0848,5.1,0.209,synthetic_bad
3.25,8.7,94.9,12.7,320.1,1.25,0.9,69.1,1.0,2.0,3683.0,1.0,2.64,0.0814,0.051,8.1,0.1593,synthetic_bad
3.25,9.2,91.8,6.0,377.2,2.16,1.4,26.3,0.0,2.0,3792.0,1.0,3.83,0.04,0.0717,8.4,0.1233,synthetic_bad
4.5,9.0,88.1,13.0,313.2,5.32,0.4,31.9,1.0,2.0,3310.0,2.0,3.73,0.0748,0.0907,12.0,0.152,synthetic_bad
4.16,9.0,73.2,9.5,492.4,1.82,1.2,35.6,0.0,1.0,1841.0,2.0,3.59,0.0745,0.0687,6.1,0.208,synthetic_bad
4.2,7.5,99.2,12.9,204.3,4.53,1.2,58.2,0.0,1.0,939.0,2.0,5.09,0.1007,0.063,6.7,0.2465,synthetic_bad
2.98,8.3,84.6,7.0,308.6,0.88,0.1,69.0,1.0,1.0,3263.0,2.0,3.61,0.0987,0.02,5.5,0.1795,synthetic_bad
4.98,8.8,94.3,0.4,252.1,2.27,1.1,43.3,0.0,2.0,3437.0,1.0,2.55,0.1096,0.0911,4.7,0.2308,synthetic_bad
2.72,8.6,82.6,9.9,466.1,5.64,1.2,51.3,1.0,2.0,3002.0,2.0,4.31,0.0513,0.0343,6.2,0.1212,synthetic_bad
4.21,7.9,84.8,14.5,212.9,1.36,0.8,29.0,0.0,1.0,1681.0,2.0,2.56,0.0659,0.02,5.4,0.2383,synthetic_bad
4.36,9.8,84.9,14.0,332.5,4.21,0.2,53.3,1.0,2.0,2783.0,1.0,1.83,0.1278,0.02,4.6,0.1843,synthetic_bad
3.17,7.4,99.7,2.3,298.5,5.52,0.1,65.5,0.0,1.0,2958.0,2.0,3.85,0.0922,0.0386,7.5,0.2376,synthetic_bad
2.69,9.9,77.9,7.3,471.0,4.71,0.0,54.7,0.0,2.0,3606.0,2.0,2.05,0.1254,0.0721,4.9,0.0987,synthetic_bad
4.34,9.3,86.0,13.1,345.2,5.69,0.5,54.4,0.0,2.0,987.0,2.0,4.36,0.0958,0.089,8.1,0.121,synthetic_bad
3.91,8.8,76.3,6.2,313.0,5.66,0.9,46.9,0.0,1.0,1423.0,2.0,3.25,0.1056,0.0685,8.7,0.1565,synthetic_bad
4.91,7.4,85.8,7.8,355.3,0.68,0.9,45.2,0.0,1.0,1913.0,2.0,4.96,0.1159,0.1034,5.3,0.3,synthetic_bad
4.32,8.7,87.3,15.0,399.0,3.61,0.8,41.6,0.0,2.0,3341.0,2.0,3.12,0.0833,0.0499,9.8,0.1389,synthetic_bad
4.82,7.3,75.8,7.2,161.2,2.56,0.6,61.9,0.0,1.0,3628.0,1.0,3.08,0.08,0.0542,7.8,0.2591,synthetic_bad
4.09,9.8,91.6,2.9,236.4,4.1,1.0,54.0,0.0,2.0,1474.0,2.0,3.22,0.0796,0.02,6.9,0.1395,synthetic_bad
3.75,7.9,95.2,0.6,232.5,4.46,1.3,38.5,0.0,1.0,2265.0,2.0,4.35,0.0977,0.0456,3.4,0.2371,synthetic_bad
4.86,8.2,94.8,6.9,295.5,1.47,1.2,48.3,1.0,2.0,2627.0,2.0,2.12,0.1172,0.02,3.6,0.265,synthetic_bad
4.55,8.9,92.4,7.7,351.7,4.8,1.1,30.2,1.0,2.0,1079.0,2.0,2.87,0.0878,0.0265,10.1,0.1851,synthetic_bad
2.59,7.1,75.9,13.8,470.6,2.46,0.4,27.1,1.0,2.0,3273.0,1.0,2.57,0.1347,0.0758,9.6,0.1969,synthetic_bad
3.96,8.6,89.4,11.9,348.0,3.94,1.4,31.1,1.0,2.0,2148.0,1.0,3.05,0.1525,0.02,10.2,0.1235,synthetic_bad
2.87,9.1,91.6,0.9,213.5,2.57,1.3,64.0,0.0,2.0,3631.0,1.0,5.15,0.0736,0.0203,10.7,0.05,synthetic_bad
4.87,7.6,93.3,12.3,334.0,2.08,1.4,36.6,0.0,2.0,2419.0,1.0,4.03,0.1357,0.02,9.7,0.2177,synthetic_bad
4.19,7.5,91.9,1.0,300.0,4.16,0.9,68.3,0.0,2.0,3416.0,2.0,3.51,0.0995,0.0794,7.5,0.266,synthetic_bad
3.63,8.5,89.6,0.2,376.0,3.25,0.5,40.2,0.0,2.0,672.0,1.0,2.02,0.1114,0.101,8.1,0.1578,synthetic_bad
4.9,8.6,92.4,8.2,372.9,5.12,0.7,43.4,0.0,2.0,2036.0,1.0,3.81,0.096,0.0581,5.6,0.2543,synthetic_bad
3.34,8.3,95.9,7.9,381.1,4.72,0.5,61.5,0.0,1.0,1967.0,2.0,4.69,0.1366,0.0836,7.5,0.1407,synthetic_bad
3.61,7.9,87.9,4.7,499.1,5.21,0.5,35.1,0.0,2.0,1179.0,2.0,2.94,0.1104,0.0309,8.5,0.2144,synthetic_bad
3.5,8.2,76.1,6.9,159.7,4.59,0.6,65.9,0.0,2.0,2466.0,1.0,5.11,0.0896,0.0907,8.5,0.1497,synthetic_bad
2.83,7.9,94.8,13.8,416.8,5.5,1.4,54.4,1.0,1.0,3127.0,1.0,2.91,0.0875,0.0421,6.7,0.1549,synthetic_bad
2.87,7.7,90.5,10.1,449.2,0.94,0.7,27.8,1.0,2.0,2227.0,2.0,2.14,0.064,0.0767,3.0,0.1843,synthetic_bad
3.98,8.4,91.2,5.1,235.8,3.84,0.6,68.0,1.0,2.0,3412.0,1.0,4.81,0.0829,0.0593,4.0,0.202,synthetic_bad
2.67,8.2,80.2,14.0,415.1,0.49,1.0,37.9,0.0,2.0,1525.0,2.0,3.76,0.1366,0.02,8.0,0.1206,synthetic_bad
4.83,8.3,76.2,2.4,186.7,3.0,0.4,35.4,1.0,2.0,1544.0,2.0,3.57,0.1325,0.0379,6.0,0.2522,synthetic_bad
3.32,7.0,93.9,2.6,339.9,5.17,0.0,65.4,1.0,2.0,1084.0,2.0,5.2,0.0808,0.0643,8.3,0.2106,synthetic_bad
3.3,9.1,73.4,3.5,262.8,4.35,1.1,39.6,0.0,1.0,3244.0,1.0,4.8,0.0671,0.02,4.6,0.1111,synthetic_bad
2.85,7.1,83.3,3.5,229.8,3.5,0.5,57.5,1.0,1.0,1018.0,2.0,5.47,0.1286,0.0674,9.7,0.1263,synthetic_bad
3.38,7.6,86.2,1.1,376.5,4.16,0.4,26.5,0.0,2.0,1024.0,1.0,4.27,0.1129,0.0246,5.1,0.1902,synthetic_bad
4.23,9.4,72.5,4.6,290.9,1.04,0.8,66.4,0.0,2.0,525.0,2.0,3.82,0.0407,0.0735,10.0,0.13,synthetic_bad
4.89,10.0,88.7,8.2,208.1,5.58,0.2,43.4,1.0,2.0,1859.0,1.0,3.66,0.18,0.026,3.9,0.1963,synthetic_bad
2.98,10.0,75.3,3.3,362.3,1.27,0.4,33.0,0.0,2.0,2029.0,1.0,2.92,0.1003,0.0711,8.2,0.0704,synthetic_bad
2.94,8.8,78.8,1.6,327.4,1.0,0.8,69.2,1.0,2.0,2079.0,2.0,2.22,0.151,0.0804,5.1,0.1409,synthetic_bad
2.85,7.8,99.8,9.8,164.8,0.84,1.5,58.4,1.0,1.0,3182.0,1.0,4.8,0.1052,0.0558,7.0,0.1528,synthetic_bad
3.93,9.5,87.7,6.3,437.3,5.62,0.4,60.7,0.0,1.0,1951.0,1.0,1.53,0.0688,0.058,9.2,0.1007,synthetic_bad
2.79,9.0,99.1,9.8,495.4,2.77,0.7,47.5,1.0,2.0,515.0,1.0,5.05,0.1058,0.0971,8.8,0.0707,synthetic_bad
2.72,10.0,85.8,3.7,269.8,3.2,0.8,56.0,0.0,2.0,2633.0,2.0,2.55,0.056,0.0404,5.4,0.0923,synthetic_bad
4.36,8.6,94.5,11.3,495.6,2.27,1.1,38.1,0.0,2.0,1099.0,1.0,2.46,0.0962,0.0466,5.8,0.2415,synthetic_bad
4.48,8.6,73.1,14.6,498.5,0.16,0.8,48.3,1.0,1.0,588.0,1.0,1.53,0.0674,0.076,3.9,0.2659,synthetic_bad
3.29,7.1,80.2,3.9,312.5,0.4,1.1,42.1,1.0,2.0,3221.0,1.0,2.94,0.0939,0.0706,3.4,0.272,synthetic_bad
3.95,7.6,79.9,9.6,472.2,0.09,1.3,44.1,1.0,2.0,1360.0,2.0,1.86,0.1074,0.0539,5.3,0.2689,synthetic_bad
4.36,9.0,74.0,11.5,423.8,3.23,0.4,25.2,0.0,2.0,3144.0,2.0,2.24,0.1089,0.0296,5.3,0.2022,synthetic_bad
2.62,10.0,98.7,8.1,442.1,1.16,1.3,61.5,0.0,1.0,2746.0,1.0,4.25,0.0562,0.0843,4.0,0.1484,synthetic_bad
4.09,8.4,86.1,4.4,192.9,2.41,0.4,34.8,1.0,1.0,3592.0,1.0,3.16,0.0807,0.029,6.6,0.2127,synthetic_bad
3.22,7.1,88.6,3.2,423.1,2.76,1.2,46.3,1.0,2.0,1754.0,2.0,1.54,0.0407,0.117,6.9,0.1758,synthetic_bad
3.52,8.2,86.6,9.7,232.8,3.2,1.0,54.7,0.0,2.0,2775.0,1.0,2.77,0.1186,0.0301,7.0,0.1569,synthetic_bad
3.39,7.4,79.0,7.2,411.6,5.36,0.9,26.5,1.0,2.0,2489.0,2.0,1.52,0.1061,0.0324,5.4,0.2172,synthetic_bad
4.3,9.9,97.9,12.6,232.6,0.26,0.7,40.4,0.0,2.0,3240.0,1.0,5.16,0.0648,0.0685,5.8,0.1876,synthetic_bad
3.67,7.4,90.7,1.3,424.4,2.97,0.8,36.9,0.0,2.0,1653.0,1.0,4.94,0.1422,0.0737,6.4,0.2183,synthetic_bad
4.4,7.4,75.5,0.5,462.8,0.79,0.4,31.0,1.0,1.0,2598.0,1.0,2.91,0.114,0.0357,8.6,0.2031,synthetic_bad
3.29,8.4,84.9,5.6,325.6,5.56,0.7,61.6,1.0,1.0,2393.0,2.0,2.46,0.0968,0.1023,5.6,0.1982,synthetic_bad
3.85,8.6,72.0,7.1,301.6,5.5,0.9,49.4,1.0,2.0,653.0,1.0,1.93,0.0858,0.0682,3.6,0.1883,synthetic_bad
4.77,9.2,90.9,9.6,201.0,0.84,0.6,45.5,0.0,2.0,619.0,1.0,4.32,0.0809,0.0538,6.4,0.2161,synthetic_bad
3.6,8.1,86.7,1.7,232.6,0.7,0.6,31.0,1.0,2.0,3661.0,1.0,1.98,0.0763,0.0697,6.1,0.1919,synthetic_bad
3.94,9.7,97.3,8.8,497.3,0.66,0.5,48.1,0.0,2.0,2743.0,1.0,4.18,0.1352,0.0903,3.8,0.157,synthetic_bad
4.18,8.8,98.5,12.2,405.8,0.59,1.2,37.0,0.0,1.0,2646.0,1.0,2.53,0.1082,0.1002,6.2,0.247,synthetic_bad
4.78,7.1,74.7,13.6,419.2,0.95,0.6,30.7,1.0,2.0,3101.0,1.0,4.42,0.0685,0.0648,5.2,0.2934,synthetic_bad
4.09,7.1,74.5,13.5,434.9,0.93,0.9,48.7,0.0,2.0,555.0,2.0,3.07,0.1389,0.0281,6.8,0.2145,synthetic_bad
4.03,8.4,97.2,7.8,354.3,0.98,1.5,55.7,0.0,2.0,1312.0,1.0,2.05,0.0973,0.0285,7.8,0.1799,synthetic_bad
4.58,8.3,86.3,13.5,304.4,0.89,0.0,27.6,1.0,1.0,2775.0,1.0,2.61,0.0724,0.0246,5.9,0.1856,synthetic_bad
4.98,8.4,85.2,8.1,271.8,2.27,0.3,27.5,1.0,1.0,3014.0,2.0,4.26,0.1593,0.0439,8.0,0.2441,synthetic_bad
4.75,7.2,88.0,1.1,159.5,1.52,1.4,58.2,0.0,2.0,2704.0,2.0,4.24,0.0672,0.0609,6.4,0.2972,synthetic_bad
2.81,7.2,85.1,14.6,433.4,2.5,1.1,34.3,1.0,2.0,1939.0,2.0,3.89,0.0752,0.0653,6.5,0.2474,synthetic_bad
4.19,7.2,89.2,0.0,452.7,5.36,0.6,31.9,1.0,1.0,2561.0,1.0,2.79,0.1,0.0882,6.4,0.2575,synthetic_bad
3.32,9.2,98.6,4.3,270.0,2.11,0.1,68.3,0.0,2.0,2950.0,1.0,4.04,0.1097,0.02,6.6,0.114,synthetic_bad
3.54,8.8,89.0,0.7,330.3,1.72,0.8,33.1,0.0,2.0,1922.0,1.0,1.67,0.0774,0.0597,4.2,0.1899,synthetic_bad
4.11,7.4,81.0,8.2,352.3,5.49,1.2,55.8,0.0,2.0,2474.0,2.0,3.92,0.04,0.0715,3.3,0.3,synthetic_bad
2.86,8.3,78.0,8.5,380.1,1.93,0.6,61.7,0.0,1.0,776.0,2.0,4.63,0.101,0.02,9.2,0.1193,synthetic_bad
4.23,9.8,99.1,9.6,377.5,0.73,1.3,39.8,0.0,2.0,1093.0,2.0,2.05,0.0686,0.0713,7.4,0.1668,synthetic_bad
3.23,7.2,88.2,2.1,218.9,3.71,0.4,45.8,1.0,1.0,3204.0,1.0,4.77,0.0892,0.1283,5.9,0.2348,synthetic_bad
4.55,7.6,87.9,0.3,390.3,1.69,0.7,49.9,0.0,1.0,1830.0,1.0,5.12,0.0757,0.0793,9.1,0.2351,synthetic_bad
3.43,8.2,72.9,4.0,413.4,3.12,0.1,34.0,1.0,1.0,3223.0,2.0,5.34,0.0675,0.0677,12.0,0.0734,synthetic_bad
2.62,7.7,97.7,0.8,156.0,4.61,0.8,38.3,1.0,1.0,2860.0,2.0,1.62,0.092,0.0532,4.0,0.145,synthetic_bad
4.0,7.5,85.1,0.5,366.3,3.39,1.3,68.3,0.0,2.0,1769.0,2.0,5.08,0.081,0.0658,6.9,0.1839,synthetic_bad
4.37,9.9,100.0,4.0,295.9,4.85,0.2,37.3,0.0,1.0,3198.0,2.0,1.75,0.0748,0.0984,8.3,0.1133,synthetic_bad
4.04,9.3,76.7,15.0,459.8,2.07,0.9,61.6,0.0,1.0,942.0,1.0,3.02,0.129,0.0513,3.7,0.1768,synthetic_bad
4.45,9.2,81.1,12.1,480.3,1.01,0.5,49.1,0.0,1.0,1062.0,2.0,3.69,0.0702,0.0898,3.9,0.27,synthetic_bad
4.51,9.8,77.9,5.4,354.3,2.37,0.5,54.1,0.0,1.0,1932.0,1.0,2.39,0.0924,0.0716,8.9,0.1285,synthetic_bad
2.61,7.6,82.6,5.6,289.9,2.47,0.0,45.6,1.0,2.0,2795.0,2.0,2.88,0.0989,0.1007,6.9,0.1604,synthetic_bad
2.5,9.7,99.3,13.9,478.3,4.3,0.8,51.5,0.0,1.0,1542.0,1.0,5.13,0.0493,0.0872,5.6,0.0806,synthetic_bad
3.06,9.9,83.6,9.9,244.4,4.12,1.5,49.3,1.0,1.0,1631.0,2.0,2.2,0.0665,0.0647,3.7,0.1315,synthetic_bad
3.06,8.8,95.2,12.6,322.4,1.86,0.2,46.7,1.0,2.0,3516.0,1.0,3.66,0.0988,0.0631,7.7,0.1265,synthetic_bad
3.91,9.7,93.1,13.0,273.6,5.58,0.4,61.1,1.0,2.0,3650.0,1.0,4.81,0.0977,0.0522,4.2,0.1423,synthetic_bad
3.07,9.4,80.3,2.5,203.8,1.65,0.3,64.6,1.0,1.0,3694.0,2.0,2.46,0.0764,0.0844,5.0,0.1485,synthetic_bad
3.41,8.0,88.2,0.2,463.0,5.98,0.8,36.5,0.0,2.0,577.0,2.0,5.24,0.0992,0.0452,5.1,0.182,synthetic_bad
3.63,8.0,95.8,4.0,237.7,0.2,0.3,31.1,1.0,1.0,3294.0,2.0,5.42,0.108,0.0628,6.3,0.1792,synthetic_bad
4.0,9.0,89.1,8.9,428.4,4.04,1.4,61.5,1.0,1.0,3166.0,2.0,2.56,0.1176,0.0552,4.8,0.1902,synthetic_bad
4.99,8.7,79.4,13.6,413.6,3.72,1.0,34.5,0.0,1.0,1404.0,1.0,3.39,0.12,0.0265,5.1,0.2735,synthetic_bad
4.22,8.2,96.2,4.6,383.4,3.51,0.9,64.0,0.0,1.0,1293.0,1.0,1.54,0.1363,0.0655,8.9,0.1782,synthetic_bad
3.16,7.1,87.6,12.8,188.1,4.67,0.0,29.6,1.0,1.0,622.0,1.0,5.34,0.1032,0.0219,7.3,0.1878,synthetic_bad
3.38,7.1,99.4,9.9,290.2,3.55,0.7,29.1,1.0,1.0,3377.0,1.0,2.05,0.0583,0.0488,7.0,0.2105,synthetic_bad
2.61,7.3,90.4,9.8,474.4,3.66,1.2,33.2,1.0,2.0,2626.0,1.0,3.21,0.0911,0.0767,7.9,0.158,synthetic_bad
3.55,8.2,84.6,10.7,278.1,5.26,0.8,25.5,1.0,1.0,555.0,1.0,4.19,0.0619,0.0642,4.9,0.2023,synthetic_bad
3.97,7.1,84.2,7.7,157.1,1.12,1.1,58.6,1.0,1.0,1288.0,2.0,4.1,0.1254,0.0638,7.7,0.1963,synthetic_bad
4.87,7.4,96.6,10.1,403.9,3.19,1.0,42.9,1.0,2.0,3408.0,1.0,4.11,0.1412,0.0384,7.9,0.264,synthetic_bad
3.17,9.9,99.5,11.9,390.7,4.27,1.4,67.5,0.0,2.0,2607.0,2.0,1.57,0.0998,0.0862,5.0,0.1027,synthetic_bad
3.11,8.4,83.5,8.8,353.1,1.85,0.5,41.4,1.0,2.0,3495.0,2.0,4.44,0.1349,0.0378,8.2,0.0919,synthetic_bad
2.54,9.8,76.6,0.6,277.0,1.32,1.2,56.6,0.0,2.0,1013.0,2.0,4.48,0.1328,0.0777,7.5,0.059,synthetic_bad
3.94,7.6,73.1,7.7,263.0,0.77,0.4,55.7,1.0,2.0,3834.0,2.0,3.68,0.1091,0.0925,7.5,0.2037,synthetic_bad
4.99,8.1,81.0,9.0,230.3,1.58,0.8,39.6,0.0,2.0,1226.0,2.0,4.43,0.1158,0.0217,10.3,0.2836,synthetic_bad
3.43,9.0,81.6,13.1,357.1,4.0,0.9,65.2,1.0,2.0,1562.0,2.0,1.5,0.1285,0.0498,7.2,0.1653,synthetic_bad
3.74,10.0,83.9,0.1,498.7,3.69,0.7,42.9,1.0,2.0,3741.0,1.0,2.16,0.0581,0.0475,5.2,0.1592,synthetic_bad
2.65,9.1,76.1,0.7,424.2,1.03,0.2,49.8,0.0,2.0,1595.0,1.0,1.8,0.1074,0.0668,7.3,0.0881,synthetic_bad
3.93,9.7,85.8,5.5,379.2,2.95,0.7,42.9,1.0,1.0,2583.0,2.0,2.75,0.1166,0.0364,7.0,0.1364,synthetic_bad
3.03,7.1,98.4,12.0,349.3,1.28,0.3,44.6,1.0,1.0,1704.0,1.0,2.31,0.057,0.0309,4.8,0.2688,synthetic_bad
2.54,7.9,78.5,7.3,396.9,5.62,0.7,27.5,0.0,1.0,3089.0,2.0,2.24,0.1574,0.0587,3.0,0.1746,synthetic_bad
4.21,9.6,91.2,4.6,325.7,4.34,0.0,39.0,1.0,2.0,1590.0,1.0,3.18,0.1328,0.046,6.9,0.1686,synthetic_bad
2.87,8.6,73.1,10.4,446.6,1.04,0.7,67.7,1.0,2.0,2044.0,2.0,3.99,0.133,0.0564,8.9,0.1562,synthetic_bad
2.75,7.5,90.0,7.6,353.7,1.74,0.6,62.4,1.0,2.0,793.0,1.0,3.67,0.1123,0.0823,8.9,0.124,synthetic_bad
3.07,7.5,98.3,8.6,236.6,5.12,0.0,64.6,0.0,2.0,3723.0,1.0,4.85,0.0715,0.02,7.6,0.1648,synthetic_bad
2.84,9.3,79.9,6.4,347.2,3.34,0.9,57.1,0.0,2.0,3671.0,2.0,3.08,0.0619,0.0572,10.1,0.0603,synthetic_bad
4.06,7.5,94.9,10.9,235.9,2.14,0.5,54.4,1.0,2.0,3315.0,1.0,3.13,0.097,0.0452,7.3,0.1984,synthetic_bad
3.17,8.5,74.3,0.2,337.5,3.59,0.9,65.4,1.0,2.0,3556.0,1.0,1.54,0.1209,0.0606,6.6,0.1736,synthetic_bad
4.18,7.5,82.0,0.0,431.6,2.34,1.3,49.2,0.0,2.0,2610.0,1.0,4.54,0.1163,0.0453,7.4,0.1979,synthetic_bad
3.86,7.6,72.2,10.2,404.6,5.47,1.3,66.2,1.0,2.0,799.0,1.0,3.91,0.1513,0.0305,5.5,0.2515,synthetic_bad
3.38,8.2,81.9,0.4,244.6,5.24,0.8,43.7,1.0,2.0,747.0,1.0,2.0,0.0907,0.0698,4.5,0.2096,synthetic_bad
2.98,7.4,80.7,5.1,405.3,0.96,0.7,51.9,0.0,2.0,3251.0,2.0,2.27,0.0892,0.1293,5.0,0.2312,synthetic_bad
4.18,9.0,91.4,5.5,193.3,4.06,0.8,46.2,0.0,2.0,2310.0,1.0,2.18,0.1002,0.0575,6.0,0.187,synthetic_bad
3.81,7.5,80.2,9.2,375.9,5.03,0.6,25.9,0.0,2.0,1470.0,1.0,3.13,0.0653,0.0418,8.7,0.1963,synthetic_bad
4.3,9.3,95.0,11.6,260.2,1.27,0.4,34.0,0.0,2.0,631.0,2.0,1.65,0.1451,0.0418,4.1,0.2404,synthetic_bad
3.77,8.6,80.2,12.3,366.0,5.23,0.2,66.8,0.0,2.0,3944.0,1.0,4.61,0.0925,0.0834,5.1,0.1646,synthetic_bad
4.51,8.0,78.3,4.2,451.8,2.52,1.4,51.9,0.0,2.0,838.0,1.0,2.77,0.1076,0.0381,8.6,0.1782,synthetic_bad
3.87,8.8,85.8,2.4,196.8,1.85,0.1,27.1,1.0,2.0,1775.0,2.0,5.17,0.1244,0.0925,6.3,0.2003,synthetic_bad
4.53,8.2,90.4,14.7,393.8,5.9,0.5,68.5,1.0,2.0,2881.0,2.0,2.59,0.0774,0.02,6.6,0.2421,synthetic_bad
3.87,7.2,96.9,0.7,389.2,4.13,0.2,66.8,0.0,2.0,2681.0,1.0,2.97,0.1083,0.0648,6.3,0.2399,synthetic_bad
4.9,7.9,94.8,12.2,414.9,1.74,0.1,57.0,1.0,2.0,942.0,1.0,5.18,0.0998,0.0766,10.9,0.2323,synthetic_bad
4.63,8.6,86.7,0.3,489.3,3.18,0.3,37.7,0.0,2.0,2672.0,2.0,2.17,0.1293,0.0791,8.1,0.2008,synthetic_bad
3.14,7.3,99.4,7.3,319.0,3.86,0.7,38.3,1.0,1.0,1677.0,2.0,4.88,0.1003,0.0773,7.5,0.2145,synthetic_bad
4.32,9.2,80.3,9.6,197.7,4.27,0.8,63.9,1.0,2.0,1097.0,2.0,2.11,0.04,0.0667,7.4,0.167,synthetic_bad
2.83,8.1,100.0,7.2,393.6,1.26,1.3,27.7,1.0,2.0,2660.0,1.0,3.48,0.072,0.0888,7.8,0.116,synthetic_bad
4.78,7.6,82.8,8.5,340.9,3.7,1.0,35.7,0.0,2.0,3652.0,2.0,5.0,0.055,0.0352,10.7,0.2408,synthetic_bad
3.36,7.0,79.3,0.4,434.2,5.08,1.2,32.5,0.0,2.0,3130.0,2.0,2.14,0.1578,0.0439,6.3,0.2426,synthetic_bad
3.69,7.3,82.7,2.3,427.5,4.82,0.8,57.2,0.0,1.0,1069.0,1.0,1.65,0.1424,0.0499,7.3,0.205,synthetic_bad
2.55,7.7,88.4,8.3,406.6,1.77,0.3,42.2,0.0,2.0,1109.0,2.0,2.46,0.04,0.0971,7.1,0.1296,synthetic_bad
4.67,8.1,85.3,12.4,289.0,5.82,1.3,66.2,0.0,2.0,2143.0,1.0,2.55,0.0697,0.0717,8.8,0.2269,synthetic_bad
4.87,7.5,73.4,8.2,316.5,0.08,0.7,61.1,1.0,2.0,574.0,1.0,3.13,0.0585,0.077,10.4,0.1995,synthetic_bad
3.68,8.6,82.0,7.5,470.6,4.67,1.2,69.3,1.0,2.0,573.0,2.0,4.48,0.1065,0.0555,5.8,0.1897,synthetic_bad
2.97,7.6,85.8,14.8,302.6,1.9,0.0,38.5,0.0,2.0,1382.0,1.0,1.69,0.0713,0.0804,7.9,0.153,synthetic_bad
4.23,9.9,90.6,5.8,355.3,5.65,0.7,46.4,1.0,1.0,873.0,2.0,3.79,0.092,0.0212,7.4,0.1474,synthetic_bad
3.24,8.7,98.7,5.8,389.2,5.17,0.5,54.7,1.0,1.0,2414.0,2.0,4.4,0.0587,0.0498,4.2,0.1202,synthetic_bad
4.9,9.4,98.8,1.1,190.5,5.29,0.4,68.9,1.0,1.0,652.0,2.0,4.73,0.1129,0.0546,8.9,0.157,synthetic_bad
3.28,8.3,86.4,11.7,419.3,1.51,1.0,40.5,0.0,1.0,1352.0,1.0,5.37,0.0496,0.0481,10.1,0.1216,synthetic_bad
3.94,7.6,87.9,1.0,155.2,4.78,1.2,39.7,1.0,2.0,704.0,2.0,4.8,0.1751,0.052,8.6,0.2309,synthetic_bad
2.62,8.3,91.5,2.0,493.7,2.0,1.3,53.2,1.0,2.0,2357.0,2.0,1.91,0.1451,0.0737,5.7,0.1439,synthetic_bad
4.97,8.2,95.4,0.9,348.9,2.68,1.2,54.9,0.0,1.0,1734.0,1.0,2.2,0.1745,0.066,4.3,0.3,synthetic_bad
3.94,8.9,92.9,2.9,208.8,5.43,1.2,33.5,0.0,2.0,791.0,2.0,4.38,0.1182,0.0898,8.3,0.126,synthetic_bad
4.94,9.7,92.2,6.6,424.5,4.32,1.3,45.5,0.0,1.0,1740.0,1.0,2.35,0.1467,0.02,4.8,0.2072,synthetic_bad
3.25,7.7,84.5,0.6,445.6,3.84,1.0,42.0,1.0,2.0,502.0,2.0,2.49,0.1268,0.0972,5.0,0.217,synthetic_bad
3.82,7.3,96.3,6.2,221.7,0.77,1.1,44.0,1.0,1.0,3389.0,2.0,4.9,0.0699,0.0438,7.4,0.2092,synthetic_bad
2.55,9.1,90.6,7.2,164.4,3.23,0.3,31.3,0.0,1.0,1773.0,2.0,3.35,0.0888,0.0929,8.5,0.0973,synthetic_bad
4.43,7.0,76.5,1.7,333.6,0.74,1.4,54.2,0.0,2.0,2831.0,1.0,3.09,0.1127,0.0496,6.3,0.2639,synthetic_bad
2.92,9.4,88.8,0.8,374.2,0.45,0.8,33.4,1.0,2.0,2981.0,2.0,3.38,0.1346,0.0692,6.6,0.1073,synthetic_bad
3.56,9.2,80.7,4.7,208.9,5.68,0.4,26.1,0.0,1.0,2442.0,1.0,2.53,0.0998,0.0331,6.8,0.158,synthetic_bad
4.18,9.5,77.7,9.8,346.6,3.55,0.7,47.3,0.0,1.0,2561.0,2.0,1.85,0.1166,0.0296,5.2,0.1694,synthetic_bad
2.71,7.3,90.2,9.1,334.2,0.04,1.2,26.7,0.0,2.0,2000.0,2.0,5.41,0.09,0.0745,6.2,0.1537,synthetic_bad
4.46,7.6,90.0,1.9,452.3,2.81,1.0,55.0,0.0,2.0,1926.0,2.0,2.67,0.0876,0.02,3.8,0.2861,synthetic_bad
4.51,8.7,98.7,1.4,435.5,1.72,0.2,51.7,1.0,2.0,1571.0,2.0,3.55,0.0559,0.0296,8.5,0.1576,synthetic_bad
3.83,8.0,99.3,2.8,196.2,0.92,0.7,50.5,1.0,2.0,749.0,2.0,1.73,0.1133,0.0792,12.0,0.1774,synthetic_bad
4.01,9.5,83.4,13.1,397.5,4.91,1.1,29.3,0.0,2.0,1723.0,2.0,2.1,0.0852,0.0496,7.1,0.102,synthetic_bad
2.74,8.4,77.0,14.0,326.0,0.92,1.0,30.6,1.0,2.0,2119.0,2.0,1.91,0.0615,0.0379,9.4,0.0859,synthetic_bad
3.62,8.3,75.9,7.8,313.2,1.0,0.3,54.9,1.0,2.0,968.0,1.0,1.7,0.0822,0.0981,6.5,0.2266,synthetic_bad
4.6,7.6,99.3,13.5,206.8,1.4,1.1,26.4,0.0,2.0,3678.0,2.0,4.1,0.1086,0.1069,4.3,0.3,synthetic_bad
2.72,8.7,83.1,2.0,411.7,4.27,1.0,30.2,1.0,1.0,529.0,2.0,1.57,0.12,0.06,11.5,0.064,synthetic_bad
4.97,8.0,81.6,9.9,453.9,1.14,0.4,59.4,0.0,2.0,1283.0,2.0,3.33,0.0945,0.0918,5.3,0.3,synthetic_bad
3.71,8.4,89.4,9.7,221.9,1.93,0.5,32.5,0.0,1.0,2879.0,1.0,4.16,0.132,0.0979,8.9,0.1847,synthetic_bad
2.53,7.8,73.6,6.7,160.3,5.41,0.6,47.3,1.0,2.0,3382.0,1.0,2.95,0.1447,0.0596,7.4,0.1268,synthetic_bad
3.35,8.8,90.1,11.1,363.2,3.39,1.0,29.4,0.0,2.0,2158.0,1.0,2.1,0.0914,0.0472,9.4,0.1248,synthetic_bad
3.75,9.5,96.5,7.1,493.4,1.04,1.4,35.6,1.0,1.0,2560.0,2.0,2.39,0.1292,0.0622,6.9,0.1242,synthetic_bad
4.9,7.1,92.3,12.8,387.6,5.16,1.5,64.6,0.0,2.0,1456.0,1.0,2.11,0.08,0.0236,4.7,0.2653,synthetic_bad
4.26,7.7,83.7,2.0,238.4,3.07,1.0,58.9,1.0,2.0,3840.0,2.0,2.68,0.061,0.0742,5.7,0.2554,synthetic_bad
3.95,9.0,75.3,0.3,455.5,5.01,0.6,33.5,0.0,2.0,2755.0,1.0,2.93,0.0717,0.0518,11.7,0.1205,synthetic_bad
4.92,9.1,78.8,5.7,338.3,0.47,0.1,34.7,1.0,2.0,960.0,2.0,3.09,0.0741,0.0614,7.6,0.1722,synthetic_bad
3.24,7.9,79.4,1.9,328.4,0.97,0.9,46.3,0.0,1.0,3077.0,1.0,2.39,0.0869,0.0611,11.4,0.1145,synthetic_bad
3.45,7.9,82.8,2.7,170.0,0.55,0.7,53.5,1.0,2.0,947.0,2.0,2.44,0.1595,0.0388,6.3,0.1668,synthetic_bad
4.42,9.2,75.7,0.7,171.2,2.89,1.0,51.2,1.0,1.0,1912.0,2.0,4.06,0.0843,0.0591,8.4,0.1527,synthetic_bad
3.99,8.7,88.1,6.5,352.8,2.32,1.4,37.8,1.0,2.0,2219.0,2.0,1.59,0.0887,0.026,4.4,0.1956,synthetic_bad
3.05,8.2,82.3,11.1,432.3,2.5,0.3,67.6,1.0,2.0,3028.0,1.0,3.27,0.1046,0.0479,7.1,0.1691,synthetic_bad
4.38,7.2,85.9,8.4,413.6,2.2,0.6,62.6,0.0,2.0,3987.0,2.0,5.22,0.0604,0.0322,11.4,0.1796,synthetic_bad
3.17,9.0,80.0,5.4,479.3,2.54,0.9,54.3,0.0,2.0,1800.0,2.0,4.55,0.1044,0.0381,5.4,0.1156,synthetic_bad
3.9,7.9,84.7,0.2,326.0,2.29,0.5,65.9,1.0,1.0,2865.0,1.0,2.83,0.1197,0.02,5.6,0.2615,synthetic_bad
4.64,8.7,92.0,7.6,367.3,0.96,0.3,38.2,1.0,2.0,2853.0,1.0,3.69,0.1445,0.0493,8.7,0.2087,synthetic_bad
3.19,9.2,74.5,4.9,369.5,3.41,0.9,38.5,1.0,2.0,1145.0,2.0,5.43,0.1394,0.0721,7.2,0.1503,synthetic_bad
4.4,8.4,86.3,3.6,283.1,5.22,0.1,38.9,0.0,2.0,2750.0,2.0,4.37,0.1109,0.0644,10.8,0.1839,synthetic_bad
4.65,7.8,89.3,6.8,151.0,5.96,0.6,32.2,0.0,2.0,3578.0,2.0,3.86,0.0933,0.0871,6.5,0.2789,synthetic_bad
3.29,7.6,90.7,2.6,443.6,0.7,1.5,31.3,1.0,2.0,2445.0,2.0,3.74,0.095,0.0362,7.1,0.1885,synthetic_bad
2.99,9.1,97.8,4.8,173.5,2.47,0.7,65.9,0.0,2.0,2179.0,1.0,5.08,0.1122,0.048,7.6,0.1203,synthetic_bad
4.66,9.7,93.9,13.9,485.7,1.45,0.2,63.6,1.0,1.0,2766.0,1.0,2.28,0.0986,0.0829,4.8,0.2122,synthetic_bad
3.67,9.9,92.7,9.2,445.3,3.4,1.3,49.7,1.0,2.0,3324.0,2.0,3.81,0.0973,0.0578,4.4,0.1408,synthetic_bad
3.28,9.4,96.3,14.8,186.3,2.16,0.3,54.7,1.0,1.0,1288.0,1.0,2.9,0.072,0.0646,4.2,0.1731,synthetic_bad
2.53,8.8,97.6,9.4,192.7,5.27,0.4,35.7,0.0,2.0,1071.0,2.0,3.37,0.1201,0.1129,3.0,0.1545,synthetic_bad
2.99,9.6,95.5,1.5,408.0,5.61,1.4,26.0,1.0,2.0,2779.0,2.0,1.66,0.1089,0.0536,6.8,0.1045,synthetic_bad
3.78,8.2,89.2,10.0,340.3,1.95,1.2,44.9,0.0,1.0,621.0,1.0,4.67,0.0773,0.0479,4.4,0.2251,synthetic_bad
4.57,9.6,95.6,13.0,377.1,2.14,0.5,55.1,0.0,2.0,3388.0,1.0,2.24,0.1447,0.0352,5.9,0.2032,synthetic_bad
3.76,8.3,81.1,13.7,251.5,3.21,1.0,55.6,1.0,1.0,1557.0,1.0,3.75,0.1063,0.0528,9.0,0.1334,synthetic_bad
3.19,8.8,98.7,8.3,459.3,3.81,0.7,52.2,1.0,1.0,888.0,1.0,5.19,0.0573,0.0855,5.1,0.1638,synthetic_bad
4.82,7.5,76.9,1.8,340.0,4.51,1.3,66.6,1.0,1.0,3176.0,1.0,2.53,0.1283,0.0743,8.4,0.2273,synthetic_bad
3.42,8.5,78.4,9.6,347.9,0.6,0.8,34.4,1.0,2.0,1280.0,1.0,2.81,0.0798,0.0958,3.8,0.2044,synthetic_bad
2.91,8.0,76.4,2.1,496.7,0.31,1.0,36.9,1.0,2.0,1905.0,1.0,3.12,0.0877,0.069,5.6,0.1859,synthetic_bad
4.86,8.1,93.8,0.8,420.0,4.07,0.2,28.6,1.0,1.0,1949.0,1.0,3.68,0.0944,0.02,10.5,0.2428,synthetic_bad
3.49,8.8,84.2,3.2,391.1,2.87,0.4,67.1,1.0,2.0,3371.0,2.0,2.42,0.1259,0.0757,6.1,0.1824,synthetic_bad
3.71,9.6,92.7,1.5,453.3,4.04,0.0,45.5,1.0,2.0,1425.0,2.0,4.45,0.0983,0.0626,9.6,0.1243,synthetic_bad
4.57,9.5,86.3,6.7,496.8,1.81,0.9,43.1,1.0,1.0,2716.0,1.0,4.02,0.1186,0.06,11.7,0.1013,synthetic_bad
3.22,8.0,83.3,14.2,434.4,1.03,0.8,69.4,0.0,2.0,3995.0,2.0,1.87,0.0528,0.0905,6.2,0.1869,synthetic_bad
3.82,9.2,97.1,9.9,432.2,0.67,0.5,44.2,1.0,2.0,2598.0,2.0,3.54,0.0669,0.0531,5.7,0.1381,synthetic_bad
4.67,8.6,84.1,10.4,217.0,4.72,0.3,40.1,1.0,2.0,993.0,2.0,2.94,0.101,0.0745,3.0,0.2966,synthetic_bad
3.14,8.0,89.3,12.1,455.7,2.42,0.7,34.4,1.0,2.0,1491.0,2.0,2.9,0.0782,0.0331,7.6,0.1215,synthetic_bad
4.74,9.7,96.0,3.6,458.4,0.5,0.2,44.8,1.0,1.0,2373.0,2.0,5.43,0.0939,0.022,7.8,0.143,synthetic_bad
2.98,7.5,78.0,8.6,359.0,1.48,1.3,55.9,0.0,2.0,1628.0,1.0,3.12,0.1224,0.045,8.5,0.1739,synthetic_bad
4.64,9.4,83.3,10.7,377.7,5.17,1.2,66.1,1.0,2.0,2308.0,2.0,1.6,0.0759,0.0522,9.8,0.1927,synthetic_bad
3.48,7.6,76.1,4.6,368.3,2.89,0.9,33.6,0.0,2.0,2401.0,2.0,2.92,0.0779,0.0737,4.9,0.2429,synthetic_bad
3.87,9.7,87.2,5.8,340.7,5.12,1.4,56.2,1.0,2.0,3074.0,1.0,3.9,0.1033,0.0326,10.7,0.0837,synthetic_bad
3.88,9.2,94.1,10.5,214.2,5.67,0.9,25.3,1.0,1.0,2680.0,2.0,3.61,0.04,0.0977,6.4,0.1387,synthetic_bad
3.01,8.4,73.5,12.1,380.2,0.4,0.7,61.0,1.0,2.0,2943.0,1.0,1.81,0.1302,0.0359,7.7,0.1237,synthetic_bad
2.93,7.2,73.7,5.4,282.8,5.66,0.9,37.6,1.0,1.0,1264.0,2.0,2.17,0.1039,0.0578,6.9,0.1842,synthetic_bad
4.28,7.5,92.8,9.4,337.8,2.23,0.1,26.8,1.0,1.0,1981.0,2.0,4.58,0.1028,0.0603,5.5,0.2528,synthetic_bad
4.56,7.5,91.9,10.0,465.4,4.19,0.3,42.7,0.0,2.0,3388.0,2.0,1.53,0.0838,0.0675,4.6,0.2537,synthetic_bad
2.84,9.3,83.3,13.9,188.2,2.42,0.8,65.2,0.0,1.0,3133.0,1.0,2.42,0.1207,0.0713,7.4,0.134,synthetic_bad
4.38,8.9,82.1,11.8,484.4,3.69,0.2,35.5,0.0,2.0,1137.0,1.0,5.42,0.0952,0.1166,5.1,0.257,synthetic_bad
3.32,7.7,79.9,2.9,348.9,4.02,1.2,37.9,1.0,2.0,724.0,2.0,4.12,0.1368,0.0449,6.6,0.2387,synthetic_bad
3.99,8.1,73.7,9.4,482.4,0.8,0.3,32.5,1.0,2.0,2786.0,1.0,2.48,0.0487,0.0678,6.2,0.1647,synthetic_bad
3.84,7.9,86.4,14.4,220.2,2.59,0.6,69.2,0.0,2.0,2054.0,2.0,2.28,0.1019,0.0579,6.3,0.1886,synthetic_bad
4.36,9.0,89.3,5.7,169.0,1.24,0.7,44.5,0.0,2.0,1937.0,1.0,3.17,0.1013,0.0846,3.4,0.243,synthetic_bad
3.85,8.0,96.2,11.5,367.4,0.72,0.2,67.7,1.0,2.0,588.0,2.0,4.08,0.1093,0.0712,3.0,0.2496,synthetic_bad
2.73,9.3,87.2,8.1,334.4,3.55,0.4,29.1,1.0,2.0,1836.0,1.0,2.18,0.1421,0.0655,8.7,0.0712,synthetic_bad
3.2,9.1,76.3,6.6,407.2,4.08,0.7,45.2,0.0,1.0,1125.0,2.0,4.49,0.0591,0.0227,9.3,0.0695,synthetic_bad
3.49,7.7,80.6,8.6,360.5,1.55,0.2,46.3,0.0,2.0,620.0,2.0,1.67,0.0582,0.0487,3.0,0.2066,synthetic_bad
3.93,8.0,94.0,6.4,330.0,0.04,0.3,36.5,0.0,2.0,1896.0,2.0,2.28,0.0894,0.0356,7.8,0.2395,synthetic_bad
2.92,8.6,89.3,4.8,465.9,5.82,0.0,47.4,1.0,2.0,3387.0,1.0,3.86,0.0432,0.0488,7.4,0.0801,synthetic_bad
3.34,9.7,93.6,11.4,263.2,2.85,0.8,40.8,1.0,2.0,3620.0,2.0,4.32,0.1692,0.0394,4.4,0.1111,synthetic_bad
2.66,7.3,83.6,8.0,245.0,3.91,1.2,36.1,1.0,2.0,1334.0,1.0,4.19,0.128,0.047,8.8,0.1124,synthetic_bad
3.31,8.1,73.9,14.0,431.4,0.45,1.2,41.4,1.0,1.0,1462.0,2.0,2.55,0.1155,0.0497,9.3,0.1465,synthetic_bad
3.78,8.8,97.0,0.1,273.1,3.72,0.5,53.6,1.0,2.0,845.0,1.0,3.04,0.1235,0.0502,9.1,0.1362,synthetic_bad
4.84,8.0,81.8,11.5,347.1,4.58,1.0,46.1,0.0,2.0,3683.0,1.0,1.65,0.1381,0.0526,10.5,0.2209,synthetic_bad
2.94,7.9,74.3,2.4,364.9,0.28,1.5,43.4,1.0,1.0,728.0,2.0,1.5,0.0816,0.0368,9.0,0.1107,synthetic_bad
2.57,8.3,88.4,11.4,253.1,3.14,0.6,63.4,1.0,2.0,3780.0,1.0,3.17,0.0892,0.0609,5.3,0.1449,synthetic_bad
3.44,7.6,92.8,13.1,274.5,0.85,1.4,54.0,0.0,2.0,2745.0,1.0,3.67,0.1103,0.0375,7.0,0.1927,synthetic_bad
4.02,8.8,85.4,11.8,164.2,0.88,1.2,53.7,0.0,2.0,3253.0,1.0,4.78,0.0849,0.045,7.8,0.2047,synthetic_bad
4.02,9.6,89.2,8.9,247.8,3.69,0.3,35.0,1.0,2.0,1270.0,1.0,5.35,0.0722,0.0587,10.0,0.154,synthetic_bad
3.36,9.7,83.7,1.8,264.1,3.72,0.7,58.8,1.0,2.0,2626.0,2.0,3.9,0.0841,0.02,6.5,0.1085,synthetic_bad
2.59,8.4,94.8,14.4,155.9,3.32,1.4,26.7,0.0,2.0,881.0,2.0,4.77,0.1115,0.1223,5.7,0.167,synthetic_bad
4.8,7.9,93.9,4.9,438.1,3.06,0.3,34.6,0.0,1.0,2805.0,2.0,2.02,0.1273,0.0731,3.7,0.2986,synthetic_bad
3.75,8.1,92.2,0.4,459.9,2.82,0.1,43.6,0.0,1.0,2601.0,2.0,4.77,0.0619,0.068,8.7,0.1832,synthetic_bad
4.44,7.7,72.6,0.0,212.0,2.89,0.4,65.0,0.0,2.0,3384.0,1.0,2.51,0.0943,0.047,7.4,0.2411,synthetic_bad
3.49,8.8,86.5,11.1,361.9,2.01,0.0,26.3,1.0,2.0,2757.0,2.0,3.14,0.0984,0.0623,5.3,0.1919,synthetic_bad
4.58,7.4,94.0,12.5,304.7,1.54,0.2,45.0,0.0,2.0,3900.0,1.0,1.59,0.0583,0.0298,8.5,0.2495,synthetic_bad
4.46,8.0,78.9,12.0,194.7,1.59,0.6,30.4,1.0,2.0,2216.0,1.0,3.37,0.1135,0.0723,6.3,0.2525,synthetic_bad
2.74,7.5,79.3,8.4,158.7,5.45,1.1,35.4,0.0,1.0,2432.0,1.0,4.11,0.0968,0.02,4.4,0.1894,synthetic_bad
2.63,7.6,97.3,9.5,382.2,1.6,0.3,43.2,1.0,2.0,765.0,1.0,2.51,0.0718,0.0283,9.7,0.1373,synthetic_bad
2.87,9.0,95.6,13.6,177.9,2.25,1.3,29.4,1.0,1.0,879.0,2.0,4.73,0.0855,0.0423,3.0,0.1546,synthetic_bad
4.56,10.0,99.7,10.0,461.9,3.02,1.5,62.3,0.0,2.0,1107.0,1.0,5.2,0.1161,0.0977,7.3,0.1534,synthetic_bad
3.17,9.0,85.9,5.3,426.4,4.46,0.7,28.7,0.0,2.0,914.0,1.0,3.78,0.1293,0.0325,6.8,0.0923,synthetic_bad
3.49,7.7,75.5,14.3,403.5,4.66,1.5,51.3,0.0,2.0,981.0,2.0,2.48,0.1102,0.0683,3.7,0.2419,synthetic_bad
3.95,8.2,72.2,14.5,445.0,4.33,0.9,32.3,1.0,2.0,1412.0,2.0,4.32,0.1572,0.02,7.7,0.2065,synthetic_bad
4.13,8.9,91.8,9.4,187.3,1.82,0.1,29.8,1.0,2.0,1475.0,1.0,2.68,0.1335,0.0606,5.6,0.159,synthetic_bad
3.57,9.6,94.9,8.5,369.4,0.98,0.2,45.8,1.0,2.0,2934.0,1.0,2.15,0.1165,0.1034,10.4,0.0799,synthetic_bad
3.62,9.1,84.0,14.1,222.2,4.9,0.8,40.5,1.0,1.0,2203.0,2.0,2.64,0.0789,0.0725,9.0,0.1407,synthetic_bad
3.32,7.4,83.9,11.7,331.9,5.25,1.4,27.0,0.0,1.0,3745.0,2.0,3.26,0.1339,0.02,7.4,0.1815,synthetic_bad
2.74,8.8,95.5,1.8,275.5,5.48,0.1,27.9,1.0,1.0,1700.0,1.0,2.4,0.0769,0.0611,3.0,0.1609,synthetic_bad
2.87,7.6,77.2,14.4,192.8,5.15,0.9,38.5,1.0,2.0,722.0,1.0,2.85,0.1224,0.0484,5.9,0.201,synthetic_bad
4.72,8.1,73.8,10.9,407.1,2.17,1.2,60.2,0.0,1.0,3455.0,1.0,3.08,0.04,0.0907,5.7,0.247,synthetic_bad
4.94,9.9,99.0,11.1,255.7,0.92,1.5,63.3,1.0,2.0,3449.0,1.0,4.52,0.0852,0.0575,9.4,0.1648,synthetic_bad
4.56,9.7,87.2,6.0,193.0,4.02,1.4,28.0,1.0,1.0,1772.0,2.0,4.93,0.0581,0.024,7.4,0.1343,synthetic_bad
3.26,7.8,93.6,0.1,457.8,3.9,0.2,32.7,0.0,1.0,746.0,2.0,4.8,0.0914,0.0566,7.6,0.1768,synthetic_bad
2.95,9.2,98.7,4.1,197.1,1.49,0.1,40.3,0.0,1.0,3583.0,2.0,2.27,0.0538,0.0426,9.0,0.05,synthetic_bad
3.77,8.0,94.7,5.0,221.9,3.72,0.3,54.3,1.0,2.0,3767.0,1.0,4.74,0.1009,0.02,10.3,0.1182,synthetic_bad
2.74,7.0,85.1,6.8,158.3,5.99,0.4,37.8,0.0,1.0,3990.0,2.0,4.06,0.114,0.0556,9.9,0.1303,synthetic_bad
4.79,9.6,90.1,10.5,331.5,1.01,1.3,35.0,0.0,1.0,1869.0,1.0,2.45,0.0805,0.0601,8.1,0.1892,synthetic_bad
4.42,9.5,89.7,6.8,438.9,2.27,1.0,51.5,0.0,1.0,945.0,2.0,3.0,0.0904,0.0695,6.5,0.1834,synthetic_bad
4.93,7.9,97.9,5.6,447.9,2.35,1.4,55.7,0.0,2.0,1822.0,2.0,2.88,0.1066,0.0854,7.9,0.2305,synthetic_bad
4.64,9.3,76.0,3.7,410.3,1.28,0.6,46.9,1.0,2.0,2549.0,2.0,3.24,0.0986,0.053,6.9,0.2134,synthetic_bad
3.52,7.1,91.5,11.5,315.0,4.73,0.6,55.1,0.0,2.0,651.0,1.0,4.88,0.1404,0.0225,8.6,0.2027,synthetic_bad
3.29,8.6,96.2,11.8,461.3,4.24,0.4,25.2,0.0,1.0,1460.0,1.0,3.15,0.0794,0.0391,5.9,0.183,synthetic_bad
4.59,9.9,82.1,5.4,418.5,1.3,0.7,39.8,0.0,1.0,3797.0,1.0,1.72,0.1161,0.0595,8.8,0.1249,synthetic_bad
3.97,9.4,91.8,3.3,461.2,5.15,1.2,52.4,1.0,2.0,655.0,1.0,4.45,0.1078,0.0904,7.1,0.1961,synthetic_bad
4.7,8.7,79.0,3.3,233.8,2.55,1.0,54.3,0.0,2.0,1028.0,1.0,4.65,0.0523,0.0601,7.8,0.2398,synthetic_bad
3.31,8.1,74.5,9.9,360.5,3.31,1.2,33.8,1.0,2.0,2534.0,1.0,3.79,0.1026,0.0567,4.6,0.2194,synthetic_bad
3.87,9.2,72.7,11.6,157.6,4.11,1.2,39.9,0.0,1.0,3852.0,1.0,3.4,0.0974,0.0541,6.5,0.1746,synthetic_bad
3.66,9.9,86.8,11.8,332.5,5.24,0.0,35.2,0.0,2.0,3791.0,2.0,4.59,0.0852,0.0598,7.9,0.1211,synthetic_bad
2.96,7.6,73.4,13.1,456.9,1.36,0.4,65.4,1.0,2.0,1401.0,1.0,1.59,0.1532,0.1078,6.6,0.1938,synthetic_bad
3.85,7.1,88.6,11.3,408.5,3.55,1.0,38.3,0.0,2.0,2648.0,2.0,3.84,0.1386,0.0579,3.0,0.2463,synthetic_bad
2.71,8.1,82.5,7.3,421.7,4.03,0.7,64.7,1.0,2.0,3878.0,1.0,5.31,0.0771,0.0534,4.5,0.1477,synthetic_bad
3.44,8.6,72.2,4.0,261.0,5.32,0.2,64.8,1.0,2.0,2704.0,2.0,4.68,0.1191,0.061,7.7,0.15,synthetic_bad
3.83,7.7,78.3,5.6,289.4,4.63,0.1,48.7,0.0,2.0,1275.0,2.0,2.6,0.1223,0.0431,10.0,0.1453,synthetic_bad
2.86,8.8,92.7,4.3,495.2,5.49,1.4,64.2,0.0,2.0,2928.0,2.0,5.17,0.1044,0.021,6.5,0.1561,synthetic_bad
4.38,7.9,82.6,1.5,243.5,0.45,1.3,28.5,0.0,1.0,2289.0,1.0,2.31,0.0671,0.02,6.0,0.243,synthetic_bad
2.98,9.9,92.3,2.2,180.2,2.55,0.5,30.7,1.0,1.0,2228.0,1.0,3.69,0.0714,0.0418,9.1,0.1001,synthetic_bad
4.32,7.8,94.8,0.2,286.2,1.84,1.0,43.3,0.0,2.0,2209.0,1.0,4.0,0.1158,0.0895,7.0,0.2542,synthetic_bad
2.56,9.4,94.3,3.0,418.5,2.98,0.2,56.1,0.0,2.0,894.0,2.0,1.64,0.1152,0.0892,8.5,0.05,synthetic_bad
4.22,9.9,90.8,12.5,333.3,4.86,0.2,68.7,0.0,2.0,3263.0,1.0,2.01,0.0914,0.0321,6.4,0.1857,synthetic_bad
3.5,8.5,92.9,8.1,165.3,2.96,0.5,46.0,0.0,2.0,1714.0,2.0,3.68,0.1395,0.056,6.2,0.1661,synthetic_bad
4.48,7.6,88.0,5.8,382.7,0.21,0.4,25.3,1.0,2.0,1147.0,1.0,2.22,0.1448,0.0633,8.6,0.2638,synthetic_bad
3.9,9.7,85.0,3.6,407.5,4.02,1.5,33.2,0.0,1.0,2043.0,1.0,3.18,0.1444,0.0419,8.3,0.1671,synthetic_bad
3.45,8.2,73.7,8.8,361.0,0.06,0.0,44.7,1.0,2.0,2751.0,1.0,4.32,0.1446,0.0927,6.4,0.2222,synthetic_bad
4.16,8.6,99.3,14.6,210.0,0.59,0.8,56.0,0.0,2.0,2437.0,1.0,4.0,0.0995,0.0791,4.8,0.2479,synthetic_bad
3.47,7.1,95.5,5.2,216.9,4.37,1.3,51.4,0.0,2.0,3367.0,1.0,5.0,0.06,0.069,3.7,0.2564,synthetic_bad
3.39,8.0,90.8,12.7,292.6,4.99,0.0,64.4,1.0,2.0,3452.0,1.0,5.18,0.0903,0.0617,3.9,0.2095,synthetic_bad
3.56,8.7,90.0,14.1,275.4,1.91,0.8,37.0,1.0,1.0,2672.0,1.0,5.21,0.0966,0.0209,5.7,0.2175,synthetic_bad
4.28,9.1,88.2,11.8,185.7,3.41,0.6,49.3,1.0,2.0,2431.0,1.0,3.07,0.0811,0.0939,7.6,0.1832,synthetic_bad
4.04,9.9,74.6,8.9,450.8,3.28,0.3,31.5,0.0,2.0,2484.0,2.0,1.99,0.0886,0.0745,3.7,0.1737,synthetic_bad
4.79,8.8,80.9,4.5,473.6,0.33,0.4,54.0,1.0,2.0,1876.0,1.0,4.17,0.0653,0.0702,3.8,0.2657,synthetic_bad
2.5,7.8,81.5,0.5,200.3,3.27,1.2,59.3,0.0,2.0,2142.0,1.0,5.18,0.1214,0.0416,7.8,0.1572,synthetic_bad
2.9,8.7,94.2,11.0,346.8,0.07,0.7,48.1,1.0,2.0,2343.0,1.0,4.58,0.1488,0.0437,10.1,0.1213,synthetic_bad
3.74,7.2,88.9,14.3,300.4,4.92,0.1,45.2,1.0,2.0,3303.0,2.0,4.29,0.1715,0.0724,9.2,0.177,synthetic_bad
4.17,7.4,83.1,10.3,293.2,4.49,0.6,33.4,0.0,1.0,3111.0,1.0,4.71,0.1074,0.0876,3.3,0.3,synthetic_bad
2.72,8.1,81.2,0.5,353.1,1.7,1.2,67.0,1.0,1.0,1185.0,2.0,3.14,0.0949,0.1031,7.8,0.1529,synthetic_bad
3.24,7.1,95.9,2.1,309.2,1.57,1.0,52.3,0.0,2.0,3922.0,1.0,3.51,0.0989,0.0416,8.9,0.1661,synthetic_bad
4.97,7.2,94.0,5.9,308.0,1.14,1.4,61.7,1.0,1.0,3879.0,1.0,2.3,0.1408,0.056,6.0,0.2771,synthetic_bad
3.32,7.0,94.8,14.8,200.3,5.72,1.2,26.1,0.0,2.0,1477.0,1.0,4.19,0.1403,0.02,6.5,0.2471,synthetic_bad
3.45,7.5,83.1,1.3,398.7,5.07,0.3,36.3,1.0,2.0,3996.0,1.0,2.89,0.0928,0.02,7.7,0.2184,synthetic_bad
3.1,9.5,85.4,4.8,353.0,5.03,0.1,46.7,1.0,2.0,2338.0,1.0,2.57,0.1361,0.0731,8.0,0.1425,synthetic_bad
2.54,8.1,88.1,8.3,169.6,2.8,0.7,49.1,0.0,2.0,1294.0,1.0,2.5,0.1048,0.0387,7.8,0.0871,synthetic_bad
3.21,9.7,77.4,1.7,281.4,4.87,0.7,43.2,1.0,2.0,3022.0,2.0,3.54,0.0779,0.02,8.4,0.0762,synthetic_bad
2.9,9.7,82.1,1.8,226.2,3.55,0.8,40.2,1.0,2.0,668.0,2.0,3.66,0.0954,0.0309,7.4,0.0849,synthetic_bad
3.45,9.6,85.8,1.0,286.5,1.8,1.0,45.3,0.0,1.0,2907.0,2.0,4.8,0.1511,0.0686,5.7,0.1826,synthetic_bad
3.08,7.6,90.8,7.5,191.6,2.58,0.4,41.5,1.0,2.0,3423.0,2.0,5.17,0.1217,0.0696,6.1,0.2074,synthetic_bad
3.51,8.0,84.6,4.3,363.7,2.45,1.5,26.8,0.0,1.0,1727.0,1.0,2.74,0.0848,0.02,5.4,0.1864,synthetic_bad
3.17,8.4,76.3,0.6,353.5,2.11,0.7,56.2,0.0,2.0,1671.0,2.0,2.83,0.1281,0.0909,6.1,0.1728,synthetic_bad
4.79,8.3,83.9,7.5,357.5,1.45,1.1,59.7,1.0,1.0,1453.0,1.0,2.62,0.1214,0.0426,8.1,0.2396,synthetic_bad
3.23,7.2,86.9,11.0,278.1,2.39,0.6,39.0,1.0,2.0,1926.0,2.0,2.71,0.0907,0.0669,5.5,0.2308,synthetic_bad
2.97,7.7,90.2,10.0,402.7,3.6,1.0,68.5,1.0,1.0,2507.0,2.0,4.41,0.0776,0.0609,9.1,0.1781,synthetic_bad
4.41,8.9,95.9,10.3,444.9,1.18,1.5,69.4,0.0,1.0,3167.0,2.0,4.02,0.0667,0.0597,5.0,0.252,synthetic_bad
4.53,9.0,78.5,8.3,295.7,0.85,0.2,50.6,1.0,2.0,3603.0,1.0,1.81,0.0507,0.0366,7.4,0.2136,synthetic_bad
3.91,8.1,87.7,11.7,301.6,4.14,0.7,60.7,1.0,1.0,2420.0,1.0,3.79,0.0804,0.0594,8.7,0.1563,synthetic_bad
3.36,7.9,83.7,0.9,464.5,3.16,1.0,49.5,0.0,1.0,2162.0,2.0,4.89,0.0947,0.0667,7.9,0.1496,synthetic_bad
4.59,8.8,91.2,2.9,361.8,2.11,1.3,36.7,1.0,2.0,1811.0,1.0,1.74,0.1378,0.055,3.3,0.232,synthetic_bad
4.17,9.0,96.5,10.5,328.4,5.45,1.0,28.2,1.0,1.0,2584.0,1.0,5.12,0.1247,0.0625,7.3,0.1905,synthetic_bad
3.45,9.1,85.4,5.0,408.0,2.77,0.3,40.5,0.0,2.0,1007.0,1.0,2.53,0.1059,0.0875,5.5,0.149,synthetic_bad
3.48,9.4,95.6,3.6,258.6,1.99,1.0,33.3,0.0,2.0,2134.0,2.0,2.81,0.0438,0.0482,4.4,0.168,synthetic_bad
2.51,8.8,72.1,0.4,161.5,1.3,0.9,66.5,0.0,1.0,2281.0,1.0,3.1,0.1089,0.0763,7.4,0.1211,synthetic_bad
2.64,8.1,97.5,13.0,395.7,1.94,0.1,68.7,0.0,1.0,2703.0,2.0,2.07,0.0506,0.0547,4.5,0.1628,synthetic_bad
2.84,8.0,94.1,12.6,376.1,1.64,0.9,48.9,1.0,2.0,740.0,2.0,1.89,0.1262,0.0956,7.5,0.1707,synthetic_bad
3.12,7.1,75.7,0.9,300.0,5.2,0.8,50.3,0.0,2.0,2004.0,2.0,2.46,0.127,0.0249,9.9,0.1414,synthetic_bad
4.82,8.2,90.9,4.6,166.0,5.35,0.4,66.9,0.0,2.0,3166.0,1.0,1.52,0.1015,0.0926,7.6,0.1988,synthetic_bad
4.55,9.6,86.4,3.2,479.0,2.48,0.4,58.6,1.0,1.0,3244.0,1.0,3.81,0.1245,0.0467,6.5,0.1672,synthetic_bad
2.6,8.9,99.2,3.1,405.8,1.57,1.2,32.3,1.0,1.0,2401.0,2.0,2.04,0.1304,0.1128,6.7,0.1411,synthetic_bad
2.54,8.8,80.5,3.9,284.9,0.78,0.1,67.8,0.0,2.0,3552.0,1.0,1.87,0.1033,0.0709,8.8,0.132,synthetic_bad
3.97,7.7,89.1,4.5,220.4,4.3,0.4,50.7,0.0,2.0,3142.0,1.0,3.75,0.0957,0.0813,6.4,0.2629,synthetic_bad
3.44,8.8,86.6,10.6,344.4,5.27,1.1,25.9,0.0,1.0,3291.0,2.0,3.87,0.0601,0.056,6.1,0.152,synthetic_bad
4.5,7.5,78.2,14.5,157.4,2.47,0.3,33.8,1.0,2.0,3275.0,2.0,4.14,0.0893,0.077,5.1,0.2952,synthetic_bad
4.93,8.0,94.8,0.7,310.0,5.25,0.2,60.9,0.0,2.0,3050.0,2.0,3.52,0.0701,0.077,5.2,0.2379,synthetic_bad
3.74,8.8,92.8,4.8,495.9,1.49,1.5,30.7,0.0,2.0,3497.0,2.0,5.04,0.0698,0.0564,8.8,0.1803,synthetic_bad
2.94,7.1,87.2,10.0,408.7,3.65,0.8,63.3,0.0,2.0,839.0,1.0,2.0,0.078,0.0791,6.0,0.2088,synthetic_bad
4.73,7.9,98.4,4.6,494.7,0.49,0.4,60.4,1.0,2.0,2263.0,2.0,4.65,0.0412,0.02,8.1,0.2399,synthetic_bad
3.56,7.3,97.9,2.9,288.6,3.38,0.2,26.6,0.0,2.0,3389.0,2.0,3.14,0.1294,0.0439,8.3,0.1487,synthetic_bad
3.54,7.5,94.9,2.5,180.5,3.83,0.0,39.9,1.0,1.0,883.0,1.0,5.11,0.1066,0.0605,5.1,0.2372,synthetic_bad
4.26,8.1,76.3,9.0,487.8,3.87,1.1,47.8,1.0,2.0,1043.0,1.0,2.44,0.1348,0.0725,5.4,0.2889,synthetic_bad
3.42,9.1,97.0,2.3,452.8,4.67,0.5,28.4,1.0,2.0,1906.0,1.0,5.29,0.1241,0.0843,8.2,0.14,synthetic_bad
3.09,7.8,80.6,1.4,346.9,0.57,0.3,51.1,0.0,2.0,2474.0,2.0,4.97,0.115,0.0537,7.3,0.1636,synthetic_bad
4.35,7.1,88.0,11.2,230.4,1.67,1.4,69.1,1.0,2.0,3034.0,1.0,2.19,0.1238,0.0502,6.6,0.2571,synthetic_bad
2.96,8.2,99.3,5.2,408.6,4.16,1.0,52.0,1.0,2.0,2463.0,1.0,3.24,0.1045,0.0818,7.9,0.1226,synthetic_bad
2.6,7.7,78.5,13.4,156.7,3.55,1.2,47.2,1.0,2.0,1258.0,1.0,2.47,0.1392,0.0888,9.0,0.1351,synthetic_bad
3.74,9.3,77.6,7.4,470.1,5.7,1.0,64.0,1.0,1.0,3468.0,2.0,2.07,0.0847,0.0785,6.9,0.1186,synthetic_bad
2.58,9.5,95.9,2.0,394.0,4.71,1.4,68.4,1.0,2.0,1427.0,1.0,3.05,0.0994,0.0562,5.9,0.1093,synthetic_bad
4.48,9.0,72.4,2.9,211.5,2.83,0.5,65.6,1.0,2.0,3503.0,1.0,3.64,0.0916,0.1237,7.2,0.2277,synthetic_bad
4.94,8.8,76.9,13.2,207.6,3.2,0.2,26.7,0.0,2.0,2233.0,2.0,3.11,0.1605,0.062,5.4,0.2409,synthetic_bad
4.87,9.2,81.2,1.9,170.3,3.96,0.0,29.5,0.0,1.0,642.0,2.0,2.83,0.081,0.0654,7.3,0.2135,synthetic_bad
2.87,8.1,92.7,4.7,419.7,0.06,0.1,52.7,0.0,2.0,2178.0,1.0,2.81,0.1386,0.1008,7.0,0.1545,synthetic_bad
4.83,9.0,85.5,4.6,194.7,2.19,1.3,35.2,0.0,1.0,2789.0,1.0,2.14,0.0591,0.0982,5.4,0.2447,synthetic_bad
2.78,8.3,83.0,14.8,332.0,0.73,0.9,48.4,1.0,2.0,3580.0,1.0,2.39,0.103,0.0777,6.2,0.1721,synthetic_bad
3.39,8.3,97.7,14.6,275.4,1.44,0.1,62.7,1.0,1.0,2537.0,1.0,3.62,0.0946,0.0375,6.4,0.1808,synthetic_bad
2.71,9.4,93.2,10.4,342.2,4.98,0.2,67.2,0.0,2.0,3970.0,1.0,2.14,0.0694,0.0628,8.5,0.0954,synthetic_bad
4.56,9.4,89.7,3.5,393.2,3.29,1.0,40.0,0.0,2.0,1833.0,1.0,4.82,0.0801,0.0729,5.2,0.2202,synthetic_bad
3.06,8.2,81.5,2.7,223.5,5.16,0.6,63.2,1.0,2.0,1360.0,1.0,4.44,0.1151,0.1088,5.4,0.2021,synthetic_bad
4.16,9.8,96.0,0.9,220.2,5.33,1.2,47.7,1.0,1.0,2052.0,2.0,5.46,0.0899,0.13,6.3,0.1765,synthetic_bad
4.41,8.6,79.1,0.9,268.2,4.84,1.4,54.6,0.0,2.0,2804.0,1.0,2.77,0.071,0.045,8.1,0.1949,synthetic_bad
3.45,8.5,98.5,14.1,477.3,4.57,1.1,30.6,0.0,1.0,832.0,2.0,2.23,0.1269,0.0813,8.5,0.1693,synthetic_bad
4.47,8.5,79.3,9.1,305.4,1.0,0.3,27.9,0.0,1.0,815.0,1.0,1.8,0.0994,0.0396,7.5,0.2022,synthetic_bad
3.31,9.3,95.0,3.0,239.9,1.62,1.0,60.1,0.0,2.0,2685.0,1.0,2.9,0.1099,0.0569,8.4,0.1208,synthetic_bad
2.87,9.9,97.6,11.7,331.8,4.22,0.9,51.9,1.0,1.0,1843.0,2.0,5.18,0.1328,0.0383,9.3,0.05,synthetic_bad
3.65,9.1,78.3,1.1,213.1,1.81,1.3,62.1,1.0,2.0,3241.0,2.0,3.86,0.1464,0.1017,7.3,0.114,synthetic_bad
4.28,8.0,78.4,7.8,417.8,2.25,0.3,30.2,1.0,2.0,1423.0,1.0,5.33,0.04,0.0659,5.4,0.2351,synthetic_bad
2.6,8.6,74.2,2.9,261.7,5.62,1.1,32.7,0.0,2.0,2017.0,2.0,5.16,0.0968,0.0673,6.8,0.1002,synthetic_bad
4.52,7.9,81.6,6.7,493.9,4.24,0.9,27.8,0.0,1.0,2303.0,2.0,3.02,0.0497,0.0612,4.3,0.3,synthetic_bad
3.14,9.0,86.0,3.4,370.5,0.64,0.7,54.3,0.0,2.0,3798.0,1.0,3.25,0.18,0.0694,7.8,0.1117,synthetic_bad
4.2,10.0,74.4,2.0,364.0,4.33,0.4,52.7,1.0,1.0,526.0,2.0,2.7,0.1045,0.0703,6.0,0.18,synthetic_bad
2.79,9.6,76.1,13.9,251.7,4.76,0.0,44.1,1.0,2.0,1259.0,1.0,4.47,0.1292,0.0429,7.2,0.0712,synthetic_bad
3.47,8.4,83.8,13.8,212.4,5.48,1.2,31.1,1.0,2.0,822.0,1.0,3.78,0.0812,0.02,6.8,0.16,synthetic_bad
3.66,8.0,77.0,7.4,177.2,4.11,0.2,26.1,0.0,2.0,3970.0,1.0,1.75,0.0893,0.0268,6.2,0.1648,synthetic_bad
3.67,8.4,93.7,11.8,449.5,0.57,0.6,36.7,0.0,1.0,963.0,1.0,5.17,0.133,0.02,7.5,0.141,synthetic_bad
3.18,7.9,81.0,3.0,492.9,4.59,0.7,25.1,0.0,1.0,3381.0,1.0,4.64,0.1155,0.0649,6.8,0.1805,synthetic_bad
3.82,10.0,73.3,6.0,225.3,3.94,0.5,67.7,1.0,1.0,2320.0,1.0,5.23,0.1503,0.0396,5.7,0.1375,synthetic_bad
3.19,7.6,76.3,3.4,497.7,2.74,1.0,32.7,1.0,1.0,3239.0,1.0,2.5,0.075,0.0845,4.8,0.2255,synthetic_bad
2.92,9.4,80.6,1.3,365.6,4.56,0.5,36.9,1.0,1.0,1556.0,1.0,4.51,0.0935,0.066,7.7,0.1253,synthetic_bad
2.83,8.2,76.1,6.4,425.3,3.15,0.8,60.9,0.0,2.0,2164.0,2.0,4.04,0.1154,0.02,4.6,0.1258,synthetic_bad
4.74,9.0,78.0,11.2,495.9,5.59,0.1,69.8,0.0,1.0,3923.0,2.0,1.99,0.12,0.0497,10.6,0.1945,synthetic_bad
2.83,9.8,77.8,11.2,491.3,5.59,0.7,52.9,1.0,1.0,833.0,2.0,2.54,0.1126,0.02,9.6,0.05,synthetic_bad
3.49,8.8,83.7,6.7,348.8,1.35,0.9,36.4,1.0,2.0,2672.0,2.0,2.27,0.0603,0.0314,3.8,0.1744,synthetic_bad
